version;mois;ligne_metier;nature;compte;entite;region;montant_eur
Réel 2025;2025-01;Cloud;Revenus;Abonnements SaaS;Norvia Belgique SA;Bruxelles;90548,59
Réel 2025;2025-01;Cloud;Revenus;Abonnements SaaS;Norvia Belgique SA;Flandre;79782,28
Réel 2025;2025-01;Cloud;Revenus;Abonnements SaaS;Norvia Belgique SA;Wallonie;51424,46
Réel 2025;2025-01;Cloud;Revenus;Abonnements SaaS;Norvia France SAS;Hauts-de-France;53384,81
Réel 2025;2025-01;Cloud;Revenus;Abonnements SaaS;Norvia France SAS;Île-de-France;111351,21
Réel 2025;2025-01;Cloud;Revenus;Mise en service;Norvia Belgique SA;Bruxelles;28372,91
Réel 2025;2025-01;Cloud;Revenus;Mise en service;Norvia Belgique SA;Flandre;23258,58
Réel 2025;2025-01;Cloud;Revenus;Mise en service;Norvia Belgique SA;Wallonie;17860,36
Réel 2025;2025-01;Cloud;Revenus;Mise en service;Norvia France SAS;Hauts-de-France;17508,34
Réel 2025;2025-01;Cloud;Revenus;Mise en service;Norvia France SAS;Île-de-France;32165,75
Réel 2025;2025-01;Cloud;Revenus;Hébergement managé;Norvia Belgique SA;Bruxelles;23232,85
Réel 2025;2025-01;Cloud;Revenus;Hébergement managé;Norvia Belgique SA;Flandre;17758,42
Réel 2025;2025-01;Cloud;Revenus;Hébergement managé;Norvia Belgique SA;Wallonie;12607,16
Réel 2025;2025-01;Cloud;Revenus;Hébergement managé;Norvia France SAS;Hauts-de-France;12572,61
Réel 2025;2025-01;Cloud;Revenus;Hébergement managé;Norvia France SAS;Île-de-France;23824,01
Réel 2025;2025-01;Cloud;Coûts;Coûts d'hébergement;Norvia Belgique SA;Bruxelles;43234,66
Réel 2025;2025-01;Cloud;Coûts;Coûts d'hébergement;Norvia Belgique SA;Flandre;35102,46
Réel 2025;2025-01;Cloud;Coûts;Coûts d'hébergement;Norvia Belgique SA;Wallonie;24167,14
Réel 2025;2025-01;Cloud;Coûts;Coûts d'hébergement;Norvia France SAS;Hauts-de-France;24908,84
Réel 2025;2025-01;Cloud;Coûts;Coûts d'hébergement;Norvia France SAS;Île-de-France;53389,47
Réel 2025;2025-01;Cloud;Coûts;Support N2;Norvia Belgique SA;Bruxelles;14020,90
Réel 2025;2025-01;Cloud;Coûts;Support N2;Norvia Belgique SA;Flandre;12647,12
Réel 2025;2025-01;Cloud;Coûts;Support N2;Norvia Belgique SA;Wallonie;8823,38
Réel 2025;2025-01;Cloud;Coûts;Support N2;Norvia France SAS;Hauts-de-France;8457,74
Réel 2025;2025-01;Cloud;Coûts;Support N2;Norvia France SAS;Île-de-France;16470,05
Réel 2025;2025-01;SN/Legacy;Revenus;Maintenance grands comptes;Norvia Belgique SA;Bruxelles;21517,48
Réel 2025;2025-01;SN/Legacy;Revenus;Maintenance grands comptes;Norvia Belgique SA;Flandre;18724,58
Réel 2025;2025-01;SN/Legacy;Revenus;Maintenance grands comptes;Norvia Belgique SA;Wallonie;12621,99
Réel 2025;2025-01;SN/Legacy;Revenus;Maintenance grands comptes;Norvia France SAS;Hauts-de-France;13152,56
Réel 2025;2025-01;SN/Legacy;Revenus;Maintenance grands comptes;Norvia France SAS;Île-de-France;383297,10
Réel 2025;2025-01;SN/Legacy;Revenus;Maintenance PME;Norvia Belgique SA;Bruxelles;49877,46
Réel 2025;2025-01;SN/Legacy;Revenus;Maintenance PME;Norvia Belgique SA;Flandre;39885,46
Réel 2025;2025-01;SN/Legacy;Revenus;Maintenance PME;Norvia Belgique SA;Wallonie;28049,57
Réel 2025;2025-01;SN/Legacy;Revenus;Maintenance PME;Norvia France SAS;Hauts-de-France;28620,10
Réel 2025;2025-01;SN/Legacy;Revenus;Maintenance PME;Norvia France SAS;Île-de-France;54263,50
Réel 2025;2025-01;SN/Legacy;Revenus;Évolutions;Norvia Belgique SA;Bruxelles;24555,95
Réel 2025;2025-01;SN/Legacy;Revenus;Évolutions;Norvia Belgique SA;Flandre;19319,63
Réel 2025;2025-01;SN/Legacy;Revenus;Évolutions;Norvia Belgique SA;Wallonie;13239,65
Réel 2025;2025-01;SN/Legacy;Revenus;Évolutions;Norvia France SAS;Hauts-de-France;14917,02
Réel 2025;2025-01;SN/Legacy;Revenus;Évolutions;Norvia France SAS;Île-de-France;28505,29
Réel 2025;2025-01;SN/Legacy;Coûts;Équipe maintenance;Norvia Belgique SA;Bruxelles;57499,25
Réel 2025;2025-01;SN/Legacy;Coûts;Équipe maintenance;Norvia Belgique SA;Flandre;45845,09
Réel 2025;2025-01;SN/Legacy;Coûts;Équipe maintenance;Norvia Belgique SA;Wallonie;33913,10
Réel 2025;2025-01;SN/Legacy;Coûts;Équipe maintenance;Norvia France SAS;Hauts-de-France;32829,19
Réel 2025;2025-01;SN/Legacy;Coûts;Équipe maintenance;Norvia France SAS;Île-de-France;64026,45
Réel 2025;2025-01;SN/Legacy;Coûts;Sous-traitance;Norvia Belgique SA;Bruxelles;9262,03
Réel 2025;2025-01;SN/Legacy;Coûts;Sous-traitance;Norvia Belgique SA;Flandre;7663,61
Réel 2025;2025-01;SN/Legacy;Coûts;Sous-traitance;Norvia Belgique SA;Wallonie;5407,97
Réel 2025;2025-01;SN/Legacy;Coûts;Sous-traitance;Norvia France SAS;Hauts-de-France;5788,72
Réel 2025;2025-01;SN/Legacy;Coûts;Sous-traitance;Norvia France SAS;Île-de-France;71967,47
Réel 2025;2025-01;Services;Revenus;Conseil;Norvia Belgique SA;Bruxelles;150573,17
Réel 2025;2025-01;Services;Revenus;Conseil;Norvia Belgique SA;Flandre;117672,60
Réel 2025;2025-01;Services;Revenus;Conseil;Norvia Belgique SA;Wallonie;86007,59
Réel 2025;2025-01;Services;Revenus;Conseil;Norvia France SAS;Hauts-de-France;87226,07
Réel 2025;2025-01;Services;Revenus;Conseil;Norvia France SAS;Île-de-France;154691,34
Réel 2025;2025-01;Services;Revenus;Intégration;Norvia Belgique SA;Bruxelles;95167,18
Réel 2025;2025-01;Services;Revenus;Intégration;Norvia Belgique SA;Flandre;85416,31
Réel 2025;2025-01;Services;Revenus;Intégration;Norvia Belgique SA;Wallonie;61812,77
Réel 2025;2025-01;Services;Revenus;Intégration;Norvia France SAS;Hauts-de-France;61003,20
Réel 2025;2025-01;Services;Revenus;Intégration;Norvia France SAS;Île-de-France;122145,02
Réel 2025;2025-01;Services;Coûts;Consultants;Norvia Belgique SA;Bruxelles;156348,99
Réel 2025;2025-01;Services;Coûts;Consultants;Norvia Belgique SA;Flandre;120550,10
Réel 2025;2025-01;Services;Coûts;Consultants;Norvia Belgique SA;Wallonie;89467,77
Réel 2025;2025-01;Services;Coûts;Consultants;Norvia France SAS;Hauts-de-France;85528,12
Réel 2025;2025-01;Services;Coûts;Consultants;Norvia France SAS;Île-de-France;181193,33
Réel 2025;2025-01;Services;Coûts;Sous-traitance services;Norvia Belgique SA;Bruxelles;32379,92
Réel 2025;2025-01;Services;Coûts;Sous-traitance services;Norvia Belgique SA;Flandre;24279,75
Réel 2025;2025-01;Services;Coûts;Sous-traitance services;Norvia Belgique SA;Wallonie;17996,02
Réel 2025;2025-01;Services;Coûts;Sous-traitance services;Norvia France SAS;Hauts-de-France;16967,47
Réel 2025;2025-01;Services;Coûts;Sous-traitance services;Norvia France SAS;Île-de-France;35920,87
Réel 2025;2025-01;Licences;Revenus;Licences perpétuelles;Norvia Belgique SA;Bruxelles;40206,40
Réel 2025;2025-01;Licences;Revenus;Licences perpétuelles;Norvia Belgique SA;Flandre;35270,32
Réel 2025;2025-01;Licences;Revenus;Licences perpétuelles;Norvia Belgique SA;Wallonie;23409,59
Réel 2025;2025-01;Licences;Revenus;Licences perpétuelles;Norvia France SAS;Hauts-de-France;26381,48
Réel 2025;2025-01;Licences;Revenus;Licences perpétuelles;Norvia France SAS;Île-de-France;51508,58
Réel 2025;2025-01;Licences;Revenus;Renouvellements;Norvia Belgique SA;Bruxelles;58991,50
Réel 2025;2025-01;Licences;Revenus;Renouvellements;Norvia Belgique SA;Flandre;53663,12
Réel 2025;2025-01;Licences;Revenus;Renouvellements;Norvia Belgique SA;Wallonie;34564,83
Réel 2025;2025-01;Licences;Revenus;Renouvellements;Norvia France SAS;Hauts-de-France;34384,48
Réel 2025;2025-01;Licences;Revenus;Renouvellements;Norvia France SAS;Île-de-France;69262,77
Réel 2025;2025-01;Licences;Coûts;Redevances éditeurs;Norvia Belgique SA;Bruxelles;26447,93
Réel 2025;2025-01;Licences;Coûts;Redevances éditeurs;Norvia Belgique SA;Flandre;22441,37
Réel 2025;2025-01;Licences;Coûts;Redevances éditeurs;Norvia Belgique SA;Wallonie;13868,14
Réel 2025;2025-01;Licences;Coûts;Redevances éditeurs;Norvia France SAS;Hauts-de-France;14612,71
Réel 2025;2025-01;Licences;Coûts;Redevances éditeurs;Norvia France SAS;Île-de-France;28728,75
Réel 2025;2025-01;Formation;Revenus;Sessions inter;Norvia Belgique SA;Bruxelles;31394
Réel 2025;2025-01;Formation;Revenus;Sessions inter;Norvia Belgique SA;Flandre;26971,94
Réel 2025;2025-01;Formation;Revenus;Sessions inter;Norvia Belgique SA;Wallonie;20601,88
Réel 2025;2025-01;Formation;Revenus;Sessions inter;Norvia France SAS;Hauts-de-France;18516,51
Réel 2025;2025-01;Formation;Revenus;Sessions inter;Norvia France SAS;Île-de-France;37559,50
Réel 2025;2025-01;Formation;Revenus;Sessions intra;Norvia Belgique SA;Bruxelles;21202,42
Réel 2025;2025-01;Formation;Revenus;Sessions intra;Norvia Belgique SA;Flandre;19681,49
Réel 2025;2025-01;Formation;Revenus;Sessions intra;Norvia Belgique SA;Wallonie;12067,36
Réel 2025;2025-01;Formation;Revenus;Sessions intra;Norvia France SAS;Hauts-de-France;13576,85
Réel 2025;2025-01;Formation;Revenus;Sessions intra;Norvia France SAS;Île-de-France;23344,39
Réel 2025;2025-01;Formation;Coûts;Formateurs;Norvia Belgique SA;Bruxelles;29279,86
Réel 2025;2025-01;Formation;Coûts;Formateurs;Norvia Belgique SA;Flandre;23156,11
Réel 2025;2025-01;Formation;Coûts;Formateurs;Norvia Belgique SA;Wallonie;16757,87
Réel 2025;2025-01;Formation;Coûts;Formateurs;Norvia France SAS;Hauts-de-France;15890,27
Réel 2025;2025-01;Formation;Coûts;Formateurs;Norvia France SAS;Île-de-France;33693,58
Réel 2025;2025-01;Formation;Coûts;Salles et logistique;Norvia Belgique SA;Bruxelles;10502,30
Réel 2025;2025-01;Formation;Coûts;Salles et logistique;Norvia Belgique SA;Flandre;8492,35
Réel 2025;2025-01;Formation;Coûts;Salles et logistique;Norvia Belgique SA;Wallonie;6420,07
Réel 2025;2025-01;Formation;Coûts;Salles et logistique;Norvia France SAS;Hauts-de-France;6600,48
Réel 2025;2025-01;Formation;Coûts;Salles et logistique;Norvia France SAS;Île-de-France;12886,19
Réel 2025;2025-02;Cloud;Revenus;Abonnements SaaS;Norvia Belgique SA;Bruxelles;98147,17
Réel 2025;2025-02;Cloud;Revenus;Abonnements SaaS;Norvia Belgique SA;Flandre;81315,82
Réel 2025;2025-02;Cloud;Revenus;Abonnements SaaS;Norvia Belgique SA;Wallonie;59065,16
Réel 2025;2025-02;Cloud;Revenus;Abonnements SaaS;Norvia France SAS;Hauts-de-France;54837,68
Réel 2025;2025-02;Cloud;Revenus;Abonnements SaaS;Norvia France SAS;Île-de-France;108466,21
Réel 2025;2025-02;Cloud;Revenus;Mise en service;Norvia Belgique SA;Bruxelles;29896,37
Réel 2025;2025-02;Cloud;Revenus;Mise en service;Norvia Belgique SA;Flandre;23992,14
Réel 2025;2025-02;Cloud;Revenus;Mise en service;Norvia Belgique SA;Wallonie;16814,94
Réel 2025;2025-02;Cloud;Revenus;Mise en service;Norvia France SAS;Hauts-de-France;17542,02
Réel 2025;2025-02;Cloud;Revenus;Mise en service;Norvia France SAS;Île-de-France;34142,48
Réel 2025;2025-02;Cloud;Revenus;Hébergement managé;Norvia Belgique SA;Bruxelles;22244,22
Réel 2025;2025-02;Cloud;Revenus;Hébergement managé;Norvia Belgique SA;Flandre;19360,24
Réel 2025;2025-02;Cloud;Revenus;Hébergement managé;Norvia Belgique SA;Wallonie;12301,09
Réel 2025;2025-02;Cloud;Revenus;Hébergement managé;Norvia France SAS;Hauts-de-France;12688,88
Réel 2025;2025-02;Cloud;Revenus;Hébergement managé;Norvia France SAS;Île-de-France;26049,03
Réel 2025;2025-02;Cloud;Coûts;Coûts d'hébergement;Norvia Belgique SA;Bruxelles;45726,14
Réel 2025;2025-02;Cloud;Coûts;Coûts d'hébergement;Norvia Belgique SA;Flandre;37243,84
Réel 2025;2025-02;Cloud;Coûts;Coûts d'hébergement;Norvia Belgique SA;Wallonie;24884,36
Réel 2025;2025-02;Cloud;Coûts;Coûts d'hébergement;Norvia France SAS;Hauts-de-France;23976,55
Réel 2025;2025-02;Cloud;Coûts;Coûts d'hébergement;Norvia France SAS;Île-de-France;50035,23
Réel 2025;2025-02;Cloud;Coûts;Support N2;Norvia Belgique SA;Bruxelles;13942,40
Réel 2025;2025-02;Cloud;Coûts;Support N2;Norvia Belgique SA;Flandre;12183,19
Réel 2025;2025-02;Cloud;Coûts;Support N2;Norvia Belgique SA;Wallonie;9224,90
Réel 2025;2025-02;Cloud;Coûts;Support N2;Norvia France SAS;Hauts-de-France;8386,70
Réel 2025;2025-02;Cloud;Coûts;Support N2;Norvia France SAS;Île-de-France;17363,94
Réel 2025;2025-02;SN/Legacy;Revenus;Maintenance grands comptes;Norvia Belgique SA;Bruxelles;20956,30
Réel 2025;2025-02;SN/Legacy;Revenus;Maintenance grands comptes;Norvia Belgique SA;Flandre;18145,45
Réel 2025;2025-02;SN/Legacy;Revenus;Maintenance grands comptes;Norvia Belgique SA;Wallonie;12678,54
Réel 2025;2025-02;SN/Legacy;Revenus;Maintenance grands comptes;Norvia France SAS;Hauts-de-France;12838,54
Réel 2025;2025-02;SN/Legacy;Revenus;Maintenance grands comptes;Norvia France SAS;Île-de-France;385137,58
Réel 2025;2025-02;SN/Legacy;Revenus;Maintenance PME;Norvia Belgique SA;Bruxelles;47131,24
Réel 2025;2025-02;SN/Legacy;Revenus;Maintenance PME;Norvia Belgique SA;Flandre;40287,56
Réel 2025;2025-02;SN/Legacy;Revenus;Maintenance PME;Norvia Belgique SA;Wallonie;27065,18
Réel 2025;2025-02;SN/Legacy;Revenus;Maintenance PME;Norvia France SAS;Hauts-de-France;29559,43
Réel 2025;2025-02;SN/Legacy;Revenus;Maintenance PME;Norvia France SAS;Île-de-France;53943,68
Réel 2025;2025-02;SN/Legacy;Revenus;Évolutions;Norvia Belgique SA;Bruxelles;23663,74
Réel 2025;2025-02;SN/Legacy;Revenus;Évolutions;Norvia Belgique SA;Flandre;20048,39
Réel 2025;2025-02;SN/Legacy;Revenus;Évolutions;Norvia Belgique SA;Wallonie;13211,16
Réel 2025;2025-02;SN/Legacy;Revenus;Évolutions;Norvia France SAS;Hauts-de-France;13667,93
Réel 2025;2025-02;SN/Legacy;Revenus;Évolutions;Norvia France SAS;Île-de-France;29419,16
Réel 2025;2025-02;SN/Legacy;Coûts;Équipe maintenance;Norvia Belgique SA;Bruxelles;55670,19
Réel 2025;2025-02;SN/Legacy;Coûts;Équipe maintenance;Norvia Belgique SA;Flandre;48349
Réel 2025;2025-02;SN/Legacy;Coûts;Équipe maintenance;Norvia Belgique SA;Wallonie;34503,81
Réel 2025;2025-02;SN/Legacy;Coûts;Équipe maintenance;Norvia France SAS;Hauts-de-France;31057,64
Réel 2025;2025-02;SN/Legacy;Coûts;Équipe maintenance;Norvia France SAS;Île-de-France;63998,74
Réel 2025;2025-02;SN/Legacy;Coûts;Sous-traitance;Norvia Belgique SA;Bruxelles;9930,34
Réel 2025;2025-02;SN/Legacy;Coûts;Sous-traitance;Norvia Belgique SA;Flandre;7436,75
Réel 2025;2025-02;SN/Legacy;Coûts;Sous-traitance;Norvia Belgique SA;Wallonie;5187,32
Réel 2025;2025-02;SN/Legacy;Coûts;Sous-traitance;Norvia France SAS;Hauts-de-France;5778,89
Réel 2025;2025-02;SN/Legacy;Coûts;Sous-traitance;Norvia France SAS;Île-de-France;71336,93
Réel 2025;2025-02;Services;Revenus;Conseil;Norvia Belgique SA;Bruxelles;146812,35
Réel 2025;2025-02;Services;Revenus;Conseil;Norvia Belgique SA;Flandre;127371,74
Réel 2025;2025-02;Services;Revenus;Conseil;Norvia Belgique SA;Wallonie;83152,51
Réel 2025;2025-02;Services;Revenus;Conseil;Norvia France SAS;Hauts-de-France;82515,80
Réel 2025;2025-02;Services;Revenus;Conseil;Norvia France SAS;Île-de-France;173656,74
Réel 2025;2025-02;Services;Revenus;Intégration;Norvia Belgique SA;Bruxelles;109994,70
Réel 2025;2025-02;Services;Revenus;Intégration;Norvia Belgique SA;Flandre;86011,71
Réel 2025;2025-02;Services;Revenus;Intégration;Norvia Belgique SA;Wallonie;59569,01
Réel 2025;2025-02;Services;Revenus;Intégration;Norvia France SAS;Hauts-de-France;61184,22
Réel 2025;2025-02;Services;Revenus;Intégration;Norvia France SAS;Île-de-France;117337,40
Réel 2025;2025-02;Services;Coûts;Consultants;Norvia Belgique SA;Bruxelles;152157,45
Réel 2025;2025-02;Services;Coûts;Consultants;Norvia Belgique SA;Flandre;123086,58
Réel 2025;2025-02;Services;Coûts;Consultants;Norvia Belgique SA;Wallonie;96728,26
Réel 2025;2025-02;Services;Coûts;Consultants;Norvia France SAS;Hauts-de-France;85971,57
Réel 2025;2025-02;Services;Coûts;Consultants;Norvia France SAS;Île-de-France;194780,61
Réel 2025;2025-02;Services;Coûts;Sous-traitance services;Norvia Belgique SA;Bruxelles;31813,15
Réel 2025;2025-02;Services;Coûts;Sous-traitance services;Norvia Belgique SA;Flandre;23495,30
Réel 2025;2025-02;Services;Coûts;Sous-traitance services;Norvia Belgique SA;Wallonie;18871,49
Réel 2025;2025-02;Services;Coûts;Sous-traitance services;Norvia France SAS;Hauts-de-France;19241,76
Réel 2025;2025-02;Services;Coûts;Sous-traitance services;Norvia France SAS;Île-de-France;38774,04
Réel 2025;2025-02;Licences;Revenus;Licences perpétuelles;Norvia Belgique SA;Bruxelles;41693,92
Réel 2025;2025-02;Licences;Revenus;Licences perpétuelles;Norvia Belgique SA;Flandre;35273,95
Réel 2025;2025-02;Licences;Revenus;Licences perpétuelles;Norvia Belgique SA;Wallonie;25657,37
Réel 2025;2025-02;Licences;Revenus;Licences perpétuelles;Norvia France SAS;Hauts-de-France;25607,22
Réel 2025;2025-02;Licences;Revenus;Licences perpétuelles;Norvia France SAS;Île-de-France;49192,67
Réel 2025;2025-02;Licences;Revenus;Renouvellements;Norvia Belgique SA;Bruxelles;63986,86
Réel 2025;2025-02;Licences;Revenus;Renouvellements;Norvia Belgique SA;Flandre;47390,07
Réel 2025;2025-02;Licences;Revenus;Renouvellements;Norvia Belgique SA;Wallonie;37454,53
Réel 2025;2025-02;Licences;Revenus;Renouvellements;Norvia France SAS;Hauts-de-France;32705,09
Réel 2025;2025-02;Licences;Revenus;Renouvellements;Norvia France SAS;Île-de-France;66269,62
Réel 2025;2025-02;Licences;Coûts;Redevances éditeurs;Norvia Belgique SA;Bruxelles;25450,08
Réel 2025;2025-02;Licences;Coûts;Redevances éditeurs;Norvia Belgique SA;Flandre;21499,66
Réel 2025;2025-02;Licences;Coûts;Redevances éditeurs;Norvia Belgique SA;Wallonie;15861,86
Réel 2025;2025-02;Licences;Coûts;Redevances éditeurs;Norvia France SAS;Hauts-de-France;14362,17
Réel 2025;2025-02;Licences;Coûts;Redevances éditeurs;Norvia France SAS;Île-de-France;30013,05
Réel 2025;2025-02;Formation;Revenus;Sessions inter;Norvia Belgique SA;Bruxelles;39558,78
Réel 2025;2025-02;Formation;Revenus;Sessions inter;Norvia Belgique SA;Flandre;32672,25
Réel 2025;2025-02;Formation;Revenus;Sessions inter;Norvia Belgique SA;Wallonie;21915,22
Réel 2025;2025-02;Formation;Revenus;Sessions inter;Norvia France SAS;Hauts-de-France;23386,35
Réel 2025;2025-02;Formation;Revenus;Sessions inter;Norvia France SAS;Île-de-France;47860,63
Réel 2025;2025-02;Formation;Revenus;Sessions intra;Norvia Belgique SA;Bruxelles;27864,64
Réel 2025;2025-02;Formation;Revenus;Sessions intra;Norvia Belgique SA;Flandre;21616,75
Réel 2025;2025-02;Formation;Revenus;Sessions intra;Norvia Belgique SA;Wallonie;16648,91
Réel 2025;2025-02;Formation;Revenus;Sessions intra;Norvia France SAS;Hauts-de-France;14618,44
Réel 2025;2025-02;Formation;Revenus;Sessions intra;Norvia France SAS;Île-de-France;29094,14
Réel 2025;2025-02;Formation;Coûts;Formateurs;Norvia Belgique SA;Bruxelles;35430,70
Réel 2025;2025-02;Formation;Coûts;Formateurs;Norvia Belgique SA;Flandre;28906,52
Réel 2025;2025-02;Formation;Coûts;Formateurs;Norvia Belgique SA;Wallonie;22114,36
Réel 2025;2025-02;Formation;Coûts;Formateurs;Norvia France SAS;Hauts-de-France;21440,49
Réel 2025;2025-02;Formation;Coûts;Formateurs;Norvia France SAS;Île-de-France;37929,50
Réel 2025;2025-02;Formation;Coûts;Salles et logistique;Norvia Belgique SA;Bruxelles;14322,98
Réel 2025;2025-02;Formation;Coûts;Salles et logistique;Norvia Belgique SA;Flandre;11520,88
Réel 2025;2025-02;Formation;Coûts;Salles et logistique;Norvia Belgique SA;Wallonie;7140,23
Réel 2025;2025-02;Formation;Coûts;Salles et logistique;Norvia France SAS;Hauts-de-France;7871,72
Réel 2025;2025-02;Formation;Coûts;Salles et logistique;Norvia France SAS;Île-de-France;14303,69
Réel 2025;2025-03;Cloud;Revenus;Abonnements SaaS;Norvia Belgique SA;Bruxelles;95409,74
Réel 2025;2025-03;Cloud;Revenus;Abonnements SaaS;Norvia Belgique SA;Flandre;75982,27
Réel 2025;2025-03;Cloud;Revenus;Abonnements SaaS;Norvia Belgique SA;Wallonie;57177,23
Réel 2025;2025-03;Cloud;Revenus;Abonnements SaaS;Norvia France SAS;Hauts-de-France;60971,27
Réel 2025;2025-03;Cloud;Revenus;Abonnements SaaS;Norvia France SAS;Île-de-France;117729,56
Réel 2025;2025-03;Cloud;Revenus;Mise en service;Norvia Belgique SA;Bruxelles;31803,05
Réel 2025;2025-03;Cloud;Revenus;Mise en service;Norvia Belgique SA;Flandre;24595,60
Réel 2025;2025-03;Cloud;Revenus;Mise en service;Norvia Belgique SA;Wallonie;17232,45
Réel 2025;2025-03;Cloud;Revenus;Mise en service;Norvia France SAS;Hauts-de-France;16852,60
Réel 2025;2025-03;Cloud;Revenus;Mise en service;Norvia France SAS;Île-de-France;34478,09
Réel 2025;2025-03;Cloud;Revenus;Hébergement managé;Norvia Belgique SA;Bruxelles;21456,96
Réel 2025;2025-03;Cloud;Revenus;Hébergement managé;Norvia Belgique SA;Flandre;19863,44
Réel 2025;2025-03;Cloud;Revenus;Hébergement managé;Norvia Belgique SA;Wallonie;14200,52
Réel 2025;2025-03;Cloud;Revenus;Hébergement managé;Norvia France SAS;Hauts-de-France;13639,90
Réel 2025;2025-03;Cloud;Revenus;Hébergement managé;Norvia France SAS;Île-de-France;25102,51
Réel 2025;2025-03;Cloud;Coûts;Coûts d'hébergement;Norvia Belgique SA;Bruxelles;44568,59
Réel 2025;2025-03;Cloud;Coûts;Coûts d'hébergement;Norvia Belgique SA;Flandre;38653,84
Réel 2025;2025-03;Cloud;Coûts;Coûts d'hébergement;Norvia Belgique SA;Wallonie;24744,36
Réel 2025;2025-03;Cloud;Coûts;Coûts d'hébergement;Norvia France SAS;Hauts-de-France;26243,62
Réel 2025;2025-03;Cloud;Coûts;Coûts d'hébergement;Norvia France SAS;Île-de-France;51579,88
Réel 2025;2025-03;Cloud;Coûts;Support N2;Norvia Belgique SA;Bruxelles;15264,36
Réel 2025;2025-03;Cloud;Coûts;Support N2;Norvia Belgique SA;Flandre;12404,54
Réel 2025;2025-03;Cloud;Coûts;Support N2;Norvia Belgique SA;Wallonie;8672,64
Réel 2025;2025-03;Cloud;Coûts;Support N2;Norvia France SAS;Hauts-de-France;8812,43
Réel 2025;2025-03;Cloud;Coûts;Support N2;Norvia France SAS;Île-de-France;17395,98
Réel 2025;2025-03;SN/Legacy;Revenus;Maintenance grands comptes;Norvia Belgique SA;Bruxelles;22126,46
Réel 2025;2025-03;SN/Legacy;Revenus;Maintenance grands comptes;Norvia Belgique SA;Flandre;18385,36
Réel 2025;2025-03;SN/Legacy;Revenus;Maintenance grands comptes;Norvia Belgique SA;Wallonie;11934,13
Réel 2025;2025-03;SN/Legacy;Revenus;Maintenance grands comptes;Norvia France SAS;Hauts-de-France;12573,80
Réel 2025;2025-03;SN/Legacy;Revenus;Maintenance grands comptes;Norvia France SAS;Île-de-France;385312,41
Réel 2025;2025-03;SN/Legacy;Revenus;Maintenance PME;Norvia Belgique SA;Bruxelles;49672,07
Réel 2025;2025-03;SN/Legacy;Revenus;Maintenance PME;Norvia Belgique SA;Flandre;39206,83
Réel 2025;2025-03;SN/Legacy;Revenus;Maintenance PME;Norvia Belgique SA;Wallonie;30067,76
Réel 2025;2025-03;SN/Legacy;Revenus;Maintenance PME;Norvia France SAS;Hauts-de-France;29359,12
Réel 2025;2025-03;SN/Legacy;Revenus;Maintenance PME;Norvia France SAS;Île-de-France;52380,03
Réel 2025;2025-03;SN/Legacy;Revenus;Évolutions;Norvia Belgique SA;Bruxelles;23009,90
Réel 2025;2025-03;SN/Legacy;Revenus;Évolutions;Norvia Belgique SA;Flandre;20804,61
Réel 2025;2025-03;SN/Legacy;Revenus;Évolutions;Norvia Belgique SA;Wallonie;12623,86
Réel 2025;2025-03;SN/Legacy;Revenus;Évolutions;Norvia France SAS;Hauts-de-France;14901,40
Réel 2025;2025-03;SN/Legacy;Revenus;Évolutions;Norvia France SAS;Île-de-France;27701,72
Réel 2025;2025-03;SN/Legacy;Coûts;Équipe maintenance;Norvia Belgique SA;Bruxelles;54815,98
Réel 2025;2025-03;SN/Legacy;Coûts;Équipe maintenance;Norvia Belgique SA;Flandre;49458,66
Réel 2025;2025-03;SN/Legacy;Coûts;Équipe maintenance;Norvia Belgique SA;Wallonie;30446,74
Réel 2025;2025-03;SN/Legacy;Coûts;Équipe maintenance;Norvia France SAS;Hauts-de-France;33863
Réel 2025;2025-03;SN/Legacy;Coûts;Équipe maintenance;Norvia France SAS;Île-de-France;64427,46
Réel 2025;2025-03;SN/Legacy;Coûts;Sous-traitance;Norvia Belgique SA;Bruxelles;9854,61
Réel 2025;2025-03;SN/Legacy;Coûts;Sous-traitance;Norvia Belgique SA;Flandre;7746,56
Réel 2025;2025-03;SN/Legacy;Coûts;Sous-traitance;Norvia Belgique SA;Wallonie;5334,33
Réel 2025;2025-03;SN/Legacy;Coûts;Sous-traitance;Norvia France SAS;Hauts-de-France;5876,76
Réel 2025;2025-03;SN/Legacy;Coûts;Sous-traitance;Norvia France SAS;Île-de-France;71328,22
Réel 2025;2025-03;Services;Revenus;Conseil;Norvia Belgique SA;Bruxelles;164287,44
Réel 2025;2025-03;Services;Revenus;Conseil;Norvia Belgique SA;Flandre;128581,55
Réel 2025;2025-03;Services;Revenus;Conseil;Norvia Belgique SA;Wallonie;86055,23
Réel 2025;2025-03;Services;Revenus;Conseil;Norvia France SAS;Hauts-de-France;89614,73
Réel 2025;2025-03;Services;Revenus;Conseil;Norvia France SAS;Île-de-France;170880,20
Réel 2025;2025-03;Services;Revenus;Intégration;Norvia Belgique SA;Bruxelles;120191,21
Réel 2025;2025-03;Services;Revenus;Intégration;Norvia Belgique SA;Flandre;89305,92
Réel 2025;2025-03;Services;Revenus;Intégration;Norvia Belgique SA;Wallonie;62620,36
Réel 2025;2025-03;Services;Revenus;Intégration;Norvia France SAS;Hauts-de-France;66328,53
Réel 2025;2025-03;Services;Revenus;Intégration;Norvia France SAS;Île-de-France;120559,82
Réel 2025;2025-03;Services;Coûts;Consultants;Norvia Belgique SA;Bruxelles;156711,57
Réel 2025;2025-03;Services;Coûts;Consultants;Norvia Belgique SA;Flandre;145202,46
Réel 2025;2025-03;Services;Coûts;Consultants;Norvia Belgique SA;Wallonie;93648,88
Réel 2025;2025-03;Services;Coûts;Consultants;Norvia France SAS;Hauts-de-France;91113,45
Réel 2025;2025-03;Services;Coûts;Consultants;Norvia France SAS;Île-de-France;199602,54
Réel 2025;2025-03;Services;Coûts;Sous-traitance services;Norvia Belgique SA;Bruxelles;31334,96
Réel 2025;2025-03;Services;Coûts;Sous-traitance services;Norvia Belgique SA;Flandre;27629,86
Réel 2025;2025-03;Services;Coûts;Sous-traitance services;Norvia Belgique SA;Wallonie;19581,35
Réel 2025;2025-03;Services;Coûts;Sous-traitance services;Norvia France SAS;Hauts-de-France;19938,68
Réel 2025;2025-03;Services;Coûts;Sous-traitance services;Norvia France SAS;Île-de-France;39739,42
Réel 2025;2025-03;Licences;Revenus;Licences perpétuelles;Norvia Belgique SA;Bruxelles;51481,36
Réel 2025;2025-03;Licences;Revenus;Licences perpétuelles;Norvia Belgique SA;Flandre;43035,50
Réel 2025;2025-03;Licences;Revenus;Licences perpétuelles;Norvia Belgique SA;Wallonie;31908,67
Réel 2025;2025-03;Licences;Revenus;Licences perpétuelles;Norvia France SAS;Hauts-de-France;27755,05
Réel 2025;2025-03;Licences;Revenus;Licences perpétuelles;Norvia France SAS;Île-de-France;63787,72
Réel 2025;2025-03;Licences;Revenus;Renouvellements;Norvia Belgique SA;Bruxelles;71402,32
Réel 2025;2025-03;Licences;Revenus;Renouvellements;Norvia Belgique SA;Flandre;60283,84
Réel 2025;2025-03;Licences;Revenus;Renouvellements;Norvia Belgique SA;Wallonie;43977,19
Réel 2025;2025-03;Licences;Revenus;Renouvellements;Norvia France SAS;Hauts-de-France;42766,75
Réel 2025;2025-03;Licences;Revenus;Renouvellements;Norvia France SAS;Île-de-France;86612,63
Réel 2025;2025-03;Licences;Coûts;Redevances éditeurs;Norvia Belgique SA;Bruxelles;32426,52
Réel 2025;2025-03;Licences;Coûts;Redevances éditeurs;Norvia Belgique SA;Flandre;26812,24
Réel 2025;2025-03;Licences;Coûts;Redevances éditeurs;Norvia Belgique SA;Wallonie;18076,57
Réel 2025;2025-03;Licences;Coûts;Redevances éditeurs;Norvia France SAS;Hauts-de-France;16676,58
Réel 2025;2025-03;Licences;Coûts;Redevances éditeurs;Norvia France SAS;Île-de-France;36592,24
Réel 2025;2025-03;Formation;Revenus;Sessions inter;Norvia Belgique SA;Bruxelles;41069,21
Réel 2025;2025-03;Formation;Revenus;Sessions inter;Norvia Belgique SA;Flandre;36566,86
Réel 2025;2025-03;Formation;Revenus;Sessions inter;Norvia Belgique SA;Wallonie;22723,36
Réel 2025;2025-03;Formation;Revenus;Sessions inter;Norvia France SAS;Hauts-de-France;26235,79
Réel 2025;2025-03;Formation;Revenus;Sessions inter;Norvia France SAS;Île-de-France;51865,76
Réel 2025;2025-03;Formation;Revenus;Sessions intra;Norvia Belgique SA;Bruxelles;28163,65
Réel 2025;2025-03;Formation;Revenus;Sessions intra;Norvia Belgique SA;Flandre;24814,24
Réel 2025;2025-03;Formation;Revenus;Sessions intra;Norvia Belgique SA;Wallonie;16040,90
Réel 2025;2025-03;Formation;Revenus;Sessions intra;Norvia France SAS;Hauts-de-France;17574,83
Réel 2025;2025-03;Formation;Revenus;Sessions intra;Norvia France SAS;Île-de-France;33581,83
Réel 2025;2025-03;Formation;Coûts;Formateurs;Norvia Belgique SA;Bruxelles;39629,20
Réel 2025;2025-03;Formation;Coûts;Formateurs;Norvia Belgique SA;Flandre;30931,27
Réel 2025;2025-03;Formation;Coûts;Formateurs;Norvia Belgique SA;Wallonie;22008,11
Réel 2025;2025-03;Formation;Coûts;Formateurs;Norvia France SAS;Hauts-de-France;24055,55
Réel 2025;2025-03;Formation;Coûts;Formateurs;Norvia France SAS;Île-de-France;44677,93
Réel 2025;2025-03;Formation;Coûts;Salles et logistique;Norvia Belgique SA;Bruxelles;14479,61
Réel 2025;2025-03;Formation;Coûts;Salles et logistique;Norvia Belgique SA;Flandre;11602,85
Réel 2025;2025-03;Formation;Coûts;Salles et logistique;Norvia Belgique SA;Wallonie;8402,46
Réel 2025;2025-03;Formation;Coûts;Salles et logistique;Norvia France SAS;Hauts-de-France;8245,24
Réel 2025;2025-03;Formation;Coûts;Salles et logistique;Norvia France SAS;Île-de-France;17530,10
Réel 2025;2025-04;Cloud;Revenus;Abonnements SaaS;Norvia Belgique SA;Bruxelles;99927,88
Réel 2025;2025-04;Cloud;Revenus;Abonnements SaaS;Norvia Belgique SA;Flandre;80724,81
Réel 2025;2025-04;Cloud;Revenus;Abonnements SaaS;Norvia Belgique SA;Wallonie;61450,27
Réel 2025;2025-04;Cloud;Revenus;Abonnements SaaS;Norvia France SAS;Hauts-de-France;55120,73
Réel 2025;2025-04;Cloud;Revenus;Abonnements SaaS;Norvia France SAS;Île-de-France;120039,36
Réel 2025;2025-04;Cloud;Revenus;Mise en service;Norvia Belgique SA;Bruxelles;33008,77
Réel 2025;2025-04;Cloud;Revenus;Mise en service;Norvia Belgique SA;Flandre;24182,72
Réel 2025;2025-04;Cloud;Revenus;Mise en service;Norvia Belgique SA;Wallonie;18071,81
Réel 2025;2025-04;Cloud;Revenus;Mise en service;Norvia France SAS;Hauts-de-France;17674,41
Réel 2025;2025-04;Cloud;Revenus;Mise en service;Norvia France SAS;Île-de-France;33871,57
Réel 2025;2025-04;Cloud;Revenus;Hébergement managé;Norvia Belgique SA;Bruxelles;21525,99
Réel 2025;2025-04;Cloud;Revenus;Hébergement managé;Norvia Belgique SA;Flandre;19779,97
Réel 2025;2025-04;Cloud;Revenus;Hébergement managé;Norvia Belgique SA;Wallonie;13906,03
Réel 2025;2025-04;Cloud;Revenus;Hébergement managé;Norvia France SAS;Hauts-de-France;12350,72
Réel 2025;2025-04;Cloud;Revenus;Hébergement managé;Norvia France SAS;Île-de-France;27420,69
Réel 2025;2025-04;Cloud;Coûts;Coûts d'hébergement;Norvia Belgique SA;Bruxelles;49021,80
Réel 2025;2025-04;Cloud;Coûts;Coûts d'hébergement;Norvia Belgique SA;Flandre;37313,70
Réel 2025;2025-04;Cloud;Coûts;Coûts d'hébergement;Norvia Belgique SA;Wallonie;27667,08
Réel 2025;2025-04;Cloud;Coûts;Coûts d'hébergement;Norvia France SAS;Hauts-de-France;26575,45
Réel 2025;2025-04;Cloud;Coûts;Coûts d'hébergement;Norvia France SAS;Île-de-France;50928,88
Réel 2025;2025-04;Cloud;Coûts;Support N2;Norvia Belgique SA;Bruxelles;15119,33
Réel 2025;2025-04;Cloud;Coûts;Support N2;Norvia Belgique SA;Flandre;12598,81
Réel 2025;2025-04;Cloud;Coûts;Support N2;Norvia Belgique SA;Wallonie;9012,91
Réel 2025;2025-04;Cloud;Coûts;Support N2;Norvia France SAS;Hauts-de-France;8840,89
Réel 2025;2025-04;Cloud;Coûts;Support N2;Norvia France SAS;Île-de-France;18222,61
Réel 2025;2025-04;SN/Legacy;Revenus;Maintenance grands comptes;Norvia Belgique SA;Bruxelles;20234,28
Réel 2025;2025-04;SN/Legacy;Revenus;Maintenance grands comptes;Norvia Belgique SA;Flandre;17630,18
Réel 2025;2025-04;SN/Legacy;Revenus;Maintenance grands comptes;Norvia Belgique SA;Wallonie;12421,39
Réel 2025;2025-04;SN/Legacy;Revenus;Maintenance grands comptes;Norvia France SAS;Hauts-de-France;12873,59
Réel 2025;2025-04;SN/Legacy;Revenus;Maintenance grands comptes;Norvia France SAS;Île-de-France;387318,18
Réel 2025;2025-04;SN/Legacy;Revenus;Maintenance PME;Norvia Belgique SA;Bruxelles;50684,02
Réel 2025;2025-04;SN/Legacy;Revenus;Maintenance PME;Norvia Belgique SA;Flandre;40764,09
Réel 2025;2025-04;SN/Legacy;Revenus;Maintenance PME;Norvia Belgique SA;Wallonie;26977,60
Réel 2025;2025-04;SN/Legacy;Revenus;Maintenance PME;Norvia France SAS;Hauts-de-France;26788,97
Réel 2025;2025-04;SN/Legacy;Revenus;Maintenance PME;Norvia France SAS;Île-de-France;53649,73
Réel 2025;2025-04;SN/Legacy;Revenus;Évolutions;Norvia Belgique SA;Bruxelles;22661,80
Réel 2025;2025-04;SN/Legacy;Revenus;Évolutions;Norvia Belgique SA;Flandre;19210,87
Réel 2025;2025-04;SN/Legacy;Revenus;Évolutions;Norvia Belgique SA;Wallonie;14869,06
Réel 2025;2025-04;SN/Legacy;Revenus;Évolutions;Norvia France SAS;Hauts-de-France;14984,96
Réel 2025;2025-04;SN/Legacy;Revenus;Évolutions;Norvia France SAS;Île-de-France;28434,79
Réel 2025;2025-04;SN/Legacy;Coûts;Équipe maintenance;Norvia Belgique SA;Bruxelles;53063,28
Réel 2025;2025-04;SN/Legacy;Coûts;Équipe maintenance;Norvia Belgique SA;Flandre;45262,82
Réel 2025;2025-04;SN/Legacy;Coûts;Équipe maintenance;Norvia Belgique SA;Wallonie;33397,99
Réel 2025;2025-04;SN/Legacy;Coûts;Équipe maintenance;Norvia France SAS;Hauts-de-France;35299
Réel 2025;2025-04;SN/Legacy;Coûts;Équipe maintenance;Norvia France SAS;Île-de-France;69061,88
Réel 2025;2025-04;SN/Legacy;Coûts;Sous-traitance;Norvia Belgique SA;Bruxelles;10171,81
Réel 2025;2025-04;SN/Legacy;Coûts;Sous-traitance;Norvia Belgique SA;Flandre;8452,46
Réel 2025;2025-04;SN/Legacy;Coûts;Sous-traitance;Norvia Belgique SA;Wallonie;5871,36
Réel 2025;2025-04;SN/Legacy;Coûts;Sous-traitance;Norvia France SAS;Hauts-de-France;5210,85
Réel 2025;2025-04;SN/Legacy;Coûts;Sous-traitance;Norvia France SAS;Île-de-France;70604,11
Réel 2025;2025-04;Services;Revenus;Conseil;Norvia Belgique SA;Bruxelles;139049,04
Réel 2025;2025-04;Services;Revenus;Conseil;Norvia Belgique SA;Flandre;128371,60
Réel 2025;2025-04;Services;Revenus;Conseil;Norvia Belgique SA;Wallonie;81727,73
Réel 2025;2025-04;Services;Revenus;Conseil;Norvia France SAS;Hauts-de-France;91044,10
Réel 2025;2025-04;Services;Revenus;Conseil;Norvia France SAS;Île-de-France;181468,94
Réel 2025;2025-04;Services;Revenus;Intégration;Norvia Belgique SA;Bruxelles;104744,59
Réel 2025;2025-04;Services;Revenus;Intégration;Norvia Belgique SA;Flandre;86780,95
Réel 2025;2025-04;Services;Revenus;Intégration;Norvia Belgique SA;Wallonie;63744,10
Réel 2025;2025-04;Services;Revenus;Intégration;Norvia France SAS;Hauts-de-France;62937,83
Réel 2025;2025-04;Services;Revenus;Intégration;Norvia France SAS;Île-de-France;123837
Réel 2025;2025-04;Services;Coûts;Consultants;Norvia Belgique SA;Bruxelles;146888,27
Réel 2025;2025-04;Services;Coûts;Consultants;Norvia Belgique SA;Flandre;138917,87
Réel 2025;2025-04;Services;Coûts;Consultants;Norvia Belgique SA;Wallonie;95562,99
Réel 2025;2025-04;Services;Coûts;Consultants;Norvia France SAS;Hauts-de-France;93225,94
Réel 2025;2025-04;Services;Coûts;Consultants;Norvia France SAS;Île-de-France;190015,64
Réel 2025;2025-04;Services;Coûts;Sous-traitance services;Norvia Belgique SA;Bruxelles;30559,83
Réel 2025;2025-04;Services;Coûts;Sous-traitance services;Norvia Belgique SA;Flandre;26211,80
Réel 2025;2025-04;Services;Coûts;Sous-traitance services;Norvia Belgique SA;Wallonie;17804,15
Réel 2025;2025-04;Services;Coûts;Sous-traitance services;Norvia France SAS;Hauts-de-France;18659,26
Réel 2025;2025-04;Services;Coûts;Sous-traitance services;Norvia France SAS;Île-de-France;38885,97
Réel 2025;2025-04;Licences;Revenus;Licences perpétuelles;Norvia Belgique SA;Bruxelles;43864,51
Réel 2025;2025-04;Licences;Revenus;Licences perpétuelles;Norvia Belgique SA;Flandre;37814,59
Réel 2025;2025-04;Licences;Revenus;Licences perpétuelles;Norvia Belgique SA;Wallonie;26302,67
Réel 2025;2025-04;Licences;Revenus;Licences perpétuelles;Norvia France SAS;Hauts-de-France;26779,73
Réel 2025;2025-04;Licences;Revenus;Licences perpétuelles;Norvia France SAS;Île-de-France;53446,48
Réel 2025;2025-04;Licences;Revenus;Renouvellements;Norvia Belgique SA;Bruxelles;64733,08
Réel 2025;2025-04;Licences;Revenus;Renouvellements;Norvia Belgique SA;Flandre;51566,51
Réel 2025;2025-04;Licences;Revenus;Renouvellements;Norvia Belgique SA;Wallonie;39144,50
Réel 2025;2025-04;Licences;Revenus;Renouvellements;Norvia France SAS;Hauts-de-France;39063,39
Réel 2025;2025-04;Licences;Revenus;Renouvellements;Norvia France SAS;Île-de-France;69135,48
Réel 2025;2025-04;Licences;Coûts;Redevances éditeurs;Norvia Belgique SA;Bruxelles;24921,23
Réel 2025;2025-04;Licences;Coûts;Redevances éditeurs;Norvia Belgique SA;Flandre;22679,21
Réel 2025;2025-04;Licences;Coûts;Redevances éditeurs;Norvia Belgique SA;Wallonie;16889,70
Réel 2025;2025-04;Licences;Coûts;Redevances éditeurs;Norvia France SAS;Hauts-de-France;16327,73
Réel 2025;2025-04;Licences;Coûts;Redevances éditeurs;Norvia France SAS;Île-de-France;31245,37
Réel 2025;2025-04;Formation;Revenus;Sessions inter;Norvia Belgique SA;Bruxelles;44781,59
Réel 2025;2025-04;Formation;Revenus;Sessions inter;Norvia Belgique SA;Flandre;31705,63
Réel 2025;2025-04;Formation;Revenus;Sessions inter;Norvia Belgique SA;Wallonie;24196,54
Réel 2025;2025-04;Formation;Revenus;Sessions inter;Norvia France SAS;Hauts-de-France;24680,09
Réel 2025;2025-04;Formation;Revenus;Sessions inter;Norvia France SAS;Île-de-France;47392,10
Réel 2025;2025-04;Formation;Revenus;Sessions intra;Norvia Belgique SA;Bruxelles;26663,03
Réel 2025;2025-04;Formation;Revenus;Sessions intra;Norvia Belgique SA;Flandre;23099,98
Réel 2025;2025-04;Formation;Revenus;Sessions intra;Norvia Belgique SA;Wallonie;16564,64
Réel 2025;2025-04;Formation;Revenus;Sessions intra;Norvia France SAS;Hauts-de-France;16685,46
Réel 2025;2025-04;Formation;Revenus;Sessions intra;Norvia France SAS;Île-de-France;31652,20
Réel 2025;2025-04;Formation;Coûts;Formateurs;Norvia Belgique SA;Bruxelles;37414,71
Réel 2025;2025-04;Formation;Coûts;Formateurs;Norvia Belgique SA;Flandre;30433
Réel 2025;2025-04;Formation;Coûts;Formateurs;Norvia Belgique SA;Wallonie;20561,90
Réel 2025;2025-04;Formation;Coûts;Formateurs;Norvia France SAS;Hauts-de-France;22164,05
Réel 2025;2025-04;Formation;Coûts;Formateurs;Norvia France SAS;Île-de-France;42090,94
Réel 2025;2025-04;Formation;Coûts;Salles et logistique;Norvia Belgique SA;Bruxelles;14169,16
Réel 2025;2025-04;Formation;Coûts;Salles et logistique;Norvia Belgique SA;Flandre;11888,27
Réel 2025;2025-04;Formation;Coûts;Salles et logistique;Norvia Belgique SA;Wallonie;7416,83
Réel 2025;2025-04;Formation;Coûts;Salles et logistique;Norvia France SAS;Hauts-de-France;8239,25
Réel 2025;2025-04;Formation;Coûts;Salles et logistique;Norvia France SAS;Île-de-France;15445,28
Réel 2025;2025-05;Cloud;Revenus;Abonnements SaaS;Norvia Belgique SA;Bruxelles;103639,59
Réel 2025;2025-05;Cloud;Revenus;Abonnements SaaS;Norvia Belgique SA;Flandre;79116,57
Réel 2025;2025-05;Cloud;Revenus;Abonnements SaaS;Norvia Belgique SA;Wallonie;59617,03
Réel 2025;2025-05;Cloud;Revenus;Abonnements SaaS;Norvia France SAS;Hauts-de-France;60573,90
Réel 2025;2025-05;Cloud;Revenus;Abonnements SaaS;Norvia France SAS;Île-de-France;116192,64
Réel 2025;2025-05;Cloud;Revenus;Mise en service;Norvia Belgique SA;Bruxelles;31678,87
Réel 2025;2025-05;Cloud;Revenus;Mise en service;Norvia Belgique SA;Flandre;26553,91
Réel 2025;2025-05;Cloud;Revenus;Mise en service;Norvia Belgique SA;Wallonie;16504,88
Réel 2025;2025-05;Cloud;Revenus;Mise en service;Norvia France SAS;Hauts-de-France;18057,76
Réel 2025;2025-05;Cloud;Revenus;Mise en service;Norvia France SAS;Île-de-France;36746,78
Réel 2025;2025-05;Cloud;Revenus;Hébergement managé;Norvia Belgique SA;Bruxelles;24485,59
Réel 2025;2025-05;Cloud;Revenus;Hébergement managé;Norvia Belgique SA;Flandre;20249,73
Réel 2025;2025-05;Cloud;Revenus;Hébergement managé;Norvia Belgique SA;Wallonie;13461,01
Réel 2025;2025-05;Cloud;Revenus;Hébergement managé;Norvia France SAS;Hauts-de-France;13028,04
Réel 2025;2025-05;Cloud;Revenus;Hébergement managé;Norvia France SAS;Île-de-France;26207,37
Réel 2025;2025-05;Cloud;Coûts;Coûts d'hébergement;Norvia Belgique SA;Bruxelles;46094,63
Réel 2025;2025-05;Cloud;Coûts;Coûts d'hébergement;Norvia Belgique SA;Flandre;36696,95
Réel 2025;2025-05;Cloud;Coûts;Coûts d'hébergement;Norvia Belgique SA;Wallonie;26405,28
Réel 2025;2025-05;Cloud;Coûts;Coûts d'hébergement;Norvia France SAS;Hauts-de-France;28254,50
Réel 2025;2025-05;Cloud;Coûts;Coûts d'hébergement;Norvia France SAS;Île-de-France;56489,56
Réel 2025;2025-05;Cloud;Coûts;Support N2;Norvia Belgique SA;Bruxelles;15939,46
Réel 2025;2025-05;Cloud;Coûts;Support N2;Norvia Belgique SA;Flandre;13426,24
Réel 2025;2025-05;Cloud;Coûts;Support N2;Norvia Belgique SA;Wallonie;8632,48
Réel 2025;2025-05;Cloud;Coûts;Support N2;Norvia France SAS;Hauts-de-France;8729,51
Réel 2025;2025-05;Cloud;Coûts;Support N2;Norvia France SAS;Île-de-France;17860,29
Réel 2025;2025-05;SN/Legacy;Revenus;Maintenance grands comptes;Norvia Belgique SA;Bruxelles;21932,12
Réel 2025;2025-05;SN/Legacy;Revenus;Maintenance grands comptes;Norvia Belgique SA;Flandre;18271,02
Réel 2025;2025-05;SN/Legacy;Revenus;Maintenance grands comptes;Norvia Belgique SA;Wallonie;12988,18
Réel 2025;2025-05;SN/Legacy;Revenus;Maintenance grands comptes;Norvia France SAS;Hauts-de-France;12729,08
Réel 2025;2025-05;SN/Legacy;Revenus;Maintenance grands comptes;Norvia France SAS;Île-de-France;384376,57
Réel 2025;2025-05;SN/Legacy;Revenus;Maintenance PME;Norvia Belgique SA;Bruxelles;51349,44
Réel 2025;2025-05;SN/Legacy;Revenus;Maintenance PME;Norvia Belgique SA;Flandre;38611,54
Réel 2025;2025-05;SN/Legacy;Revenus;Maintenance PME;Norvia Belgique SA;Wallonie;28395,62
Réel 2025;2025-05;SN/Legacy;Revenus;Maintenance PME;Norvia France SAS;Hauts-de-France;27572,60
Réel 2025;2025-05;SN/Legacy;Revenus;Maintenance PME;Norvia France SAS;Île-de-France;53923,96
Réel 2025;2025-05;SN/Legacy;Revenus;Évolutions;Norvia Belgique SA;Bruxelles;24889,80
Réel 2025;2025-05;SN/Legacy;Revenus;Évolutions;Norvia Belgique SA;Flandre;19275,99
Réel 2025;2025-05;SN/Legacy;Revenus;Évolutions;Norvia Belgique SA;Wallonie;13465,73
Réel 2025;2025-05;SN/Legacy;Revenus;Évolutions;Norvia France SAS;Hauts-de-France;13390,57
Réel 2025;2025-05;SN/Legacy;Revenus;Évolutions;Norvia France SAS;Île-de-France;28891,86
Réel 2025;2025-05;SN/Legacy;Coûts;Équipe maintenance;Norvia Belgique SA;Bruxelles;54229,33
Réel 2025;2025-05;SN/Legacy;Coûts;Équipe maintenance;Norvia Belgique SA;Flandre;47220,71
Réel 2025;2025-05;SN/Legacy;Coûts;Équipe maintenance;Norvia Belgique SA;Wallonie;34045,53
Réel 2025;2025-05;SN/Legacy;Coûts;Équipe maintenance;Norvia France SAS;Hauts-de-France;30897,73
Réel 2025;2025-05;SN/Legacy;Coûts;Équipe maintenance;Norvia France SAS;Île-de-France;66298
Réel 2025;2025-05;SN/Legacy;Coûts;Sous-traitance;Norvia Belgique SA;Bruxelles;9468,37
Réel 2025;2025-05;SN/Legacy;Coûts;Sous-traitance;Norvia Belgique SA;Flandre;8499,25
Réel 2025;2025-05;SN/Legacy;Coûts;Sous-traitance;Norvia Belgique SA;Wallonie;5393,68
Réel 2025;2025-05;SN/Legacy;Coûts;Sous-traitance;Norvia France SAS;Hauts-de-France;5637,60
Réel 2025;2025-05;SN/Legacy;Coûts;Sous-traitance;Norvia France SAS;Île-de-France;70992,33
Réel 2025;2025-05;Services;Revenus;Conseil;Norvia Belgique SA;Bruxelles;143106,37
Réel 2025;2025-05;Services;Revenus;Conseil;Norvia Belgique SA;Flandre;118782,09
Réel 2025;2025-05;Services;Revenus;Conseil;Norvia Belgique SA;Wallonie;88155,05
Réel 2025;2025-05;Services;Revenus;Conseil;Norvia France SAS;Hauts-de-France;82899,72
Réel 2025;2025-05;Services;Revenus;Conseil;Norvia France SAS;Île-de-France;169681,02
Réel 2025;2025-05;Services;Revenus;Intégration;Norvia Belgique SA;Bruxelles;109340,43
Réel 2025;2025-05;Services;Revenus;Intégration;Norvia Belgique SA;Flandre;82029,62
Réel 2025;2025-05;Services;Revenus;Intégration;Norvia Belgique SA;Wallonie;57574,25
Réel 2025;2025-05;Services;Revenus;Intégration;Norvia France SAS;Hauts-de-France;59430,75
Réel 2025;2025-05;Services;Revenus;Intégration;Norvia France SAS;Île-de-France;126452,11
Réel 2025;2025-05;Services;Coûts;Consultants;Norvia Belgique SA;Bruxelles;166117,88
Réel 2025;2025-05;Services;Coûts;Consultants;Norvia Belgique SA;Flandre;126380,01
Réel 2025;2025-05;Services;Coûts;Consultants;Norvia Belgique SA;Wallonie;88024,89
Réel 2025;2025-05;Services;Coûts;Consultants;Norvia France SAS;Hauts-de-France;85863,28
Réel 2025;2025-05;Services;Coûts;Consultants;Norvia France SAS;Île-de-France;183818,88
Réel 2025;2025-05;Services;Coûts;Sous-traitance services;Norvia Belgique SA;Bruxelles;31723,68
Réel 2025;2025-05;Services;Coûts;Sous-traitance services;Norvia Belgique SA;Flandre;26120,53
Réel 2025;2025-05;Services;Coûts;Sous-traitance services;Norvia Belgique SA;Wallonie;18238,29
Réel 2025;2025-05;Services;Coûts;Sous-traitance services;Norvia France SAS;Hauts-de-France;17762,49
Réel 2025;2025-05;Services;Coûts;Sous-traitance services;Norvia France SAS;Île-de-France;36170,42
Réel 2025;2025-05;Licences;Revenus;Licences perpétuelles;Norvia Belgique SA;Bruxelles;43357,04
Réel 2025;2025-05;Licences;Revenus;Licences perpétuelles;Norvia Belgique SA;Flandre;38993,08
Réel 2025;2025-05;Licences;Revenus;Licences perpétuelles;Norvia Belgique SA;Wallonie;23841,34
Réel 2025;2025-05;Licences;Revenus;Licences perpétuelles;Norvia France SAS;Hauts-de-France;26823,65
Réel 2025;2025-05;Licences;Revenus;Licences perpétuelles;Norvia France SAS;Île-de-France;54779,32
Réel 2025;2025-05;Licences;Revenus;Renouvellements;Norvia Belgique SA;Bruxelles;61133,41
Réel 2025;2025-05;Licences;Revenus;Renouvellements;Norvia Belgique SA;Flandre;53280,76
Réel 2025;2025-05;Licences;Revenus;Renouvellements;Norvia Belgique SA;Wallonie;34352,06
Réel 2025;2025-05;Licences;Revenus;Renouvellements;Norvia France SAS;Hauts-de-France;37596,07
Réel 2025;2025-05;Licences;Revenus;Renouvellements;Norvia France SAS;Île-de-France;78046,74
Réel 2025;2025-05;Licences;Coûts;Redevances éditeurs;Norvia Belgique SA;Bruxelles;26693,60
Réel 2025;2025-05;Licences;Coûts;Redevances éditeurs;Norvia Belgique SA;Flandre;21018,83
Réel 2025;2025-05;Licences;Coûts;Redevances éditeurs;Norvia Belgique SA;Wallonie;16675,29
Réel 2025;2025-05;Licences;Coûts;Redevances éditeurs;Norvia France SAS;Hauts-de-France;14392,39
Réel 2025;2025-05;Licences;Coûts;Redevances éditeurs;Norvia France SAS;Île-de-France;33615,79
Réel 2025;2025-05;Formation;Revenus;Sessions inter;Norvia Belgique SA;Bruxelles;38607,97
Réel 2025;2025-05;Formation;Revenus;Sessions inter;Norvia Belgique SA;Flandre;34106,71
Réel 2025;2025-05;Formation;Revenus;Sessions inter;Norvia Belgique SA;Wallonie;23773,48
Réel 2025;2025-05;Formation;Revenus;Sessions inter;Norvia France SAS;Hauts-de-France;23008,70
Réel 2025;2025-05;Formation;Revenus;Sessions inter;Norvia France SAS;Île-de-France;45648,45
Réel 2025;2025-05;Formation;Revenus;Sessions intra;Norvia Belgique SA;Bruxelles;25638,23
Réel 2025;2025-05;Formation;Revenus;Sessions intra;Norvia Belgique SA;Flandre;23293,16
Réel 2025;2025-05;Formation;Revenus;Sessions intra;Norvia Belgique SA;Wallonie;14995,13
Réel 2025;2025-05;Formation;Revenus;Sessions intra;Norvia France SAS;Hauts-de-France;14216,62
Réel 2025;2025-05;Formation;Revenus;Sessions intra;Norvia France SAS;Île-de-France;31981,21
Réel 2025;2025-05;Formation;Coûts;Formateurs;Norvia Belgique SA;Bruxelles;36735,61
Réel 2025;2025-05;Formation;Coûts;Formateurs;Norvia Belgique SA;Flandre;29125,55
Réel 2025;2025-05;Formation;Coûts;Formateurs;Norvia Belgique SA;Wallonie;19802,16
Réel 2025;2025-05;Formation;Coûts;Formateurs;Norvia France SAS;Hauts-de-France;21005,78
Réel 2025;2025-05;Formation;Coûts;Formateurs;Norvia France SAS;Île-de-France;40337,62
Réel 2025;2025-05;Formation;Coûts;Salles et logistique;Norvia Belgique SA;Bruxelles;13674,54
Réel 2025;2025-05;Formation;Coûts;Salles et logistique;Norvia Belgique SA;Flandre;10751,16
Réel 2025;2025-05;Formation;Coûts;Salles et logistique;Norvia Belgique SA;Wallonie;8016,36
Réel 2025;2025-05;Formation;Coûts;Salles et logistique;Norvia France SAS;Hauts-de-France;7631,50
Réel 2025;2025-05;Formation;Coûts;Salles et logistique;Norvia France SAS;Île-de-France;14895,76
Réel 2025;2025-06;Cloud;Revenus;Abonnements SaaS;Norvia Belgique SA;Bruxelles;100624,48
Réel 2025;2025-06;Cloud;Revenus;Abonnements SaaS;Norvia Belgique SA;Flandre;82996,23
Réel 2025;2025-06;Cloud;Revenus;Abonnements SaaS;Norvia Belgique SA;Wallonie;58806,23
Réel 2025;2025-06;Cloud;Revenus;Abonnements SaaS;Norvia France SAS;Hauts-de-France;61697,61
Réel 2025;2025-06;Cloud;Revenus;Abonnements SaaS;Norvia France SAS;Île-de-France;126914,58
Réel 2025;2025-06;Cloud;Revenus;Mise en service;Norvia Belgique SA;Bruxelles;33756,28
Réel 2025;2025-06;Cloud;Revenus;Mise en service;Norvia Belgique SA;Flandre;28272,95
Réel 2025;2025-06;Cloud;Revenus;Mise en service;Norvia Belgique SA;Wallonie;18901,31
Réel 2025;2025-06;Cloud;Revenus;Mise en service;Norvia France SAS;Hauts-de-France;17241,59
Réel 2025;2025-06;Cloud;Revenus;Mise en service;Norvia France SAS;Île-de-France;33155,77
Réel 2025;2025-06;Cloud;Revenus;Hébergement managé;Norvia Belgique SA;Bruxelles;25626,49
Réel 2025;2025-06;Cloud;Revenus;Hébergement managé;Norvia Belgique SA;Flandre;18805,56
Réel 2025;2025-06;Cloud;Revenus;Hébergement managé;Norvia Belgique SA;Wallonie;14654,21
Réel 2025;2025-06;Cloud;Revenus;Hébergement managé;Norvia France SAS;Hauts-de-France;14114,59
Réel 2025;2025-06;Cloud;Revenus;Hébergement managé;Norvia France SAS;Île-de-France;25745,17
Réel 2025;2025-06;Cloud;Coûts;Coûts d'hébergement;Norvia Belgique SA;Bruxelles;48478,68
Réel 2025;2025-06;Cloud;Coûts;Coûts d'hébergement;Norvia Belgique SA;Flandre;38836,68
Réel 2025;2025-06;Cloud;Coûts;Coûts d'hébergement;Norvia Belgique SA;Wallonie;28337,31
Réel 2025;2025-06;Cloud;Coûts;Coûts d'hébergement;Norvia France SAS;Hauts-de-France;26082,34
Réel 2025;2025-06;Cloud;Coûts;Coûts d'hébergement;Norvia France SAS;Île-de-France;57094,74
Réel 2025;2025-06;Cloud;Coûts;Support N2;Norvia Belgique SA;Bruxelles;14817,18
Réel 2025;2025-06;Cloud;Coûts;Support N2;Norvia Belgique SA;Flandre;13027,02
Réel 2025;2025-06;Cloud;Coûts;Support N2;Norvia Belgique SA;Wallonie;9902,23
Réel 2025;2025-06;Cloud;Coûts;Support N2;Norvia France SAS;Hauts-de-France;10123,30
Réel 2025;2025-06;Cloud;Coûts;Support N2;Norvia France SAS;Île-de-France;18065,68
Réel 2025;2025-06;SN/Legacy;Revenus;Maintenance grands comptes;Norvia Belgique SA;Bruxelles;21789,43
Réel 2025;2025-06;SN/Legacy;Revenus;Maintenance grands comptes;Norvia Belgique SA;Flandre;18377,16
Réel 2025;2025-06;SN/Legacy;Revenus;Maintenance grands comptes;Norvia Belgique SA;Wallonie;12308,71
Réel 2025;2025-06;SN/Legacy;Revenus;Maintenance grands comptes;Norvia France SAS;Hauts-de-France;12326,74
Réel 2025;2025-06;SN/Legacy;Revenus;Maintenance grands comptes;Norvia France SAS;Île-de-France;385061,47
Réel 2025;2025-06;SN/Legacy;Revenus;Maintenance PME;Norvia Belgique SA;Bruxelles;47665,22
Réel 2025;2025-06;SN/Legacy;Revenus;Maintenance PME;Norvia Belgique SA;Flandre;42065,02
Réel 2025;2025-06;SN/Legacy;Revenus;Maintenance PME;Norvia Belgique SA;Wallonie;27750,18
Réel 2025;2025-06;SN/Legacy;Revenus;Maintenance PME;Norvia France SAS;Hauts-de-France;27099,35
Réel 2025;2025-06;SN/Legacy;Revenus;Maintenance PME;Norvia France SAS;Île-de-France;53571,42
Réel 2025;2025-06;SN/Legacy;Revenus;Évolutions;Norvia Belgique SA;Bruxelles;24824,52
Réel 2025;2025-06;SN/Legacy;Revenus;Évolutions;Norvia Belgique SA;Flandre;20242,46
Réel 2025;2025-06;SN/Legacy;Revenus;Évolutions;Norvia Belgique SA;Wallonie;14462,30
Réel 2025;2025-06;SN/Legacy;Revenus;Évolutions;Norvia France SAS;Hauts-de-France;13850,60
Réel 2025;2025-06;SN/Legacy;Revenus;Évolutions;Norvia France SAS;Île-de-France;26883,46
Réel 2025;2025-06;SN/Legacy;Coûts;Équipe maintenance;Norvia Belgique SA;Bruxelles;54678,04
Réel 2025;2025-06;SN/Legacy;Coûts;Équipe maintenance;Norvia Belgique SA;Flandre;45823,50
Réel 2025;2025-06;SN/Legacy;Coûts;Équipe maintenance;Norvia Belgique SA;Wallonie;31574,98
Réel 2025;2025-06;SN/Legacy;Coûts;Équipe maintenance;Norvia France SAS;Hauts-de-France;31604,56
Réel 2025;2025-06;SN/Legacy;Coûts;Équipe maintenance;Norvia France SAS;Île-de-France;68413,04
Réel 2025;2025-06;SN/Legacy;Coûts;Sous-traitance;Norvia Belgique SA;Bruxelles;10122,43
Réel 2025;2025-06;SN/Legacy;Coûts;Sous-traitance;Norvia Belgique SA;Flandre;8428,55
Réel 2025;2025-06;SN/Legacy;Coûts;Sous-traitance;Norvia Belgique SA;Wallonie;5406,27
Réel 2025;2025-06;SN/Legacy;Coûts;Sous-traitance;Norvia France SAS;Hauts-de-France;5704,02
Réel 2025;2025-06;SN/Legacy;Coûts;Sous-traitance;Norvia France SAS;Île-de-France;70376,19
Réel 2025;2025-06;Services;Revenus;Conseil;Norvia Belgique SA;Bruxelles;150979,34
Réel 2025;2025-06;Services;Revenus;Conseil;Norvia Belgique SA;Flandre;119992,67
Réel 2025;2025-06;Services;Revenus;Conseil;Norvia Belgique SA;Wallonie;92769,61
Réel 2025;2025-06;Services;Revenus;Conseil;Norvia France SAS;Hauts-de-France;91515,44
Réel 2025;2025-06;Services;Revenus;Conseil;Norvia France SAS;Île-de-France;177910,81
Réel 2025;2025-06;Services;Revenus;Intégration;Norvia Belgique SA;Bruxelles;108261,27
Réel 2025;2025-06;Services;Revenus;Intégration;Norvia Belgique SA;Flandre;91218,99
Réel 2025;2025-06;Services;Revenus;Intégration;Norvia Belgique SA;Wallonie;66831,65
Réel 2025;2025-06;Services;Revenus;Intégration;Norvia France SAS;Hauts-de-France;64143,12
Réel 2025;2025-06;Services;Revenus;Intégration;Norvia France SAS;Île-de-France;118109,55
Réel 2025;2025-06;Services;Coûts;Consultants;Norvia Belgique SA;Bruxelles;154917,06
Réel 2025;2025-06;Services;Coûts;Consultants;Norvia Belgique SA;Flandre;142575,95
Réel 2025;2025-06;Services;Coûts;Consultants;Norvia Belgique SA;Wallonie;93508,73
Réel 2025;2025-06;Services;Coûts;Consultants;Norvia France SAS;Hauts-de-France;96551,47
Réel 2025;2025-06;Services;Coûts;Consultants;Norvia France SAS;Île-de-France;183405,59
Réel 2025;2025-06;Services;Coûts;Sous-traitance services;Norvia Belgique SA;Bruxelles;32552,90
Réel 2025;2025-06;Services;Coûts;Sous-traitance services;Norvia Belgique SA;Flandre;27209,17
Réel 2025;2025-06;Services;Coûts;Sous-traitance services;Norvia Belgique SA;Wallonie;17195,99
Réel 2025;2025-06;Services;Coûts;Sous-traitance services;Norvia France SAS;Hauts-de-France;18303,98
Réel 2025;2025-06;Services;Coûts;Sous-traitance services;Norvia France SAS;Île-de-France;38494,57
Réel 2025;2025-06;Licences;Revenus;Licences perpétuelles;Norvia Belgique SA;Bruxelles;55380,47
Réel 2025;2025-06;Licences;Revenus;Licences perpétuelles;Norvia Belgique SA;Flandre;44161,80
Réel 2025;2025-06;Licences;Revenus;Licences perpétuelles;Norvia Belgique SA;Wallonie;30108,50
Réel 2025;2025-06;Licences;Revenus;Licences perpétuelles;Norvia France SAS;Hauts-de-France;30485,91
Réel 2025;2025-06;Licences;Revenus;Licences perpétuelles;Norvia France SAS;Île-de-France;58248,16
Réel 2025;2025-06;Licences;Revenus;Renouvellements;Norvia Belgique SA;Bruxelles;73678,14
Réel 2025;2025-06;Licences;Revenus;Renouvellements;Norvia Belgique SA;Flandre;63707,68
Réel 2025;2025-06;Licences;Revenus;Renouvellements;Norvia Belgique SA;Wallonie;43972,62
Réel 2025;2025-06;Licences;Revenus;Renouvellements;Norvia France SAS;Hauts-de-France;40478,70
Réel 2025;2025-06;Licences;Revenus;Renouvellements;Norvia France SAS;Île-de-France;84598,31
Réel 2025;2025-06;Licences;Coûts;Redevances éditeurs;Norvia Belgique SA;Bruxelles;31480,85
Réel 2025;2025-06;Licences;Coûts;Redevances éditeurs;Norvia Belgique SA;Flandre;27476,39
Réel 2025;2025-06;Licences;Coûts;Redevances éditeurs;Norvia Belgique SA;Wallonie;18712,98
Réel 2025;2025-06;Licences;Coûts;Redevances éditeurs;Norvia France SAS;Hauts-de-France;18605,10
Réel 2025;2025-06;Licences;Coûts;Redevances éditeurs;Norvia France SAS;Île-de-France;35343,72
Réel 2025;2025-06;Formation;Revenus;Sessions inter;Norvia Belgique SA;Bruxelles;41163,19
Réel 2025;2025-06;Formation;Revenus;Sessions inter;Norvia Belgique SA;Flandre;35336,57
Réel 2025;2025-06;Formation;Revenus;Sessions inter;Norvia Belgique SA;Wallonie;21024,18
Réel 2025;2025-06;Formation;Revenus;Sessions inter;Norvia France SAS;Hauts-de-France;22192,53
Réel 2025;2025-06;Formation;Revenus;Sessions inter;Norvia France SAS;Île-de-France;47289,29
Réel 2025;2025-06;Formation;Revenus;Sessions intra;Norvia Belgique SA;Bruxelles;26091,32
Réel 2025;2025-06;Formation;Revenus;Sessions intra;Norvia Belgique SA;Flandre;22635,08
Réel 2025;2025-06;Formation;Revenus;Sessions intra;Norvia Belgique SA;Wallonie;13960,87
Réel 2025;2025-06;Formation;Revenus;Sessions intra;Norvia France SAS;Hauts-de-France;15773,39
Réel 2025;2025-06;Formation;Revenus;Sessions intra;Norvia France SAS;Île-de-France;32147,38
Réel 2025;2025-06;Formation;Coûts;Formateurs;Norvia Belgique SA;Bruxelles;37340,59
Réel 2025;2025-06;Formation;Coûts;Formateurs;Norvia Belgique SA;Flandre;29535,93
Réel 2025;2025-06;Formation;Coûts;Formateurs;Norvia Belgique SA;Wallonie;20500,83
Réel 2025;2025-06;Formation;Coûts;Formateurs;Norvia France SAS;Hauts-de-France;20320,09
Réel 2025;2025-06;Formation;Coûts;Formateurs;Norvia France SAS;Île-de-France;38557,40
Réel 2025;2025-06;Formation;Coûts;Salles et logistique;Norvia Belgique SA;Bruxelles;13451,23
Réel 2025;2025-06;Formation;Coûts;Salles et logistique;Norvia Belgique SA;Flandre;11660,97
Réel 2025;2025-06;Formation;Coûts;Salles et logistique;Norvia Belgique SA;Wallonie;7237,85
Réel 2025;2025-06;Formation;Coûts;Salles et logistique;Norvia France SAS;Hauts-de-France;7665,57
Réel 2025;2025-06;Formation;Coûts;Salles et logistique;Norvia France SAS;Île-de-France;15276,18
Réel 2025;2025-07;Cloud;Revenus;Abonnements SaaS;Norvia Belgique SA;Bruxelles;107433,30
Réel 2025;2025-07;Cloud;Revenus;Abonnements SaaS;Norvia Belgique SA;Flandre;85681,85
Réel 2025;2025-07;Cloud;Revenus;Abonnements SaaS;Norvia Belgique SA;Wallonie;63391,90
Réel 2025;2025-07;Cloud;Revenus;Abonnements SaaS;Norvia France SAS;Hauts-de-France;63132,97
Réel 2025;2025-07;Cloud;Revenus;Abonnements SaaS;Norvia France SAS;Île-de-France;116275,32
Réel 2025;2025-07;Cloud;Revenus;Mise en service;Norvia Belgique SA;Bruxelles;31761,77
Réel 2025;2025-07;Cloud;Revenus;Mise en service;Norvia Belgique SA;Flandre;27081,84
Réel 2025;2025-07;Cloud;Revenus;Mise en service;Norvia Belgique SA;Wallonie;17028,53
Réel 2025;2025-07;Cloud;Revenus;Mise en service;Norvia France SAS;Hauts-de-France;19200,29
Réel 2025;2025-07;Cloud;Revenus;Mise en service;Norvia France SAS;Île-de-France;39669,25
Réel 2025;2025-07;Cloud;Revenus;Hébergement managé;Norvia Belgique SA;Bruxelles;23562,78
Réel 2025;2025-07;Cloud;Revenus;Hébergement managé;Norvia Belgique SA;Flandre;19979,98
Réel 2025;2025-07;Cloud;Revenus;Hébergement managé;Norvia Belgique SA;Wallonie;13849,28
Réel 2025;2025-07;Cloud;Revenus;Hébergement managé;Norvia France SAS;Hauts-de-France;15430,91
Réel 2025;2025-07;Cloud;Revenus;Hébergement managé;Norvia France SAS;Île-de-France;27585,93
Réel 2025;2025-07;Cloud;Coûts;Coûts d'hébergement;Norvia Belgique SA;Bruxelles;50565,56
Réel 2025;2025-07;Cloud;Coûts;Coûts d'hébergement;Norvia Belgique SA;Flandre;42513,02
Réel 2025;2025-07;Cloud;Coûts;Coûts d'hébergement;Norvia Belgique SA;Wallonie;28519,52
Réel 2025;2025-07;Cloud;Coûts;Coûts d'hébergement;Norvia France SAS;Hauts-de-France;27290
Réel 2025;2025-07;Cloud;Coûts;Coûts d'hébergement;Norvia France SAS;Île-de-France;52411,24
Réel 2025;2025-07;Cloud;Coûts;Support N2;Norvia Belgique SA;Bruxelles;16722,74
Réel 2025;2025-07;Cloud;Coûts;Support N2;Norvia Belgique SA;Flandre;13085,02
Réel 2025;2025-07;Cloud;Coûts;Support N2;Norvia Belgique SA;Wallonie;9296,55
Réel 2025;2025-07;Cloud;Coûts;Support N2;Norvia France SAS;Hauts-de-France;9419,56
Réel 2025;2025-07;Cloud;Coûts;Support N2;Norvia France SAS;Île-de-France;19021,07
Réel 2025;2025-07;SN/Legacy;Revenus;Maintenance grands comptes;Norvia Belgique SA;Bruxelles;23142,18
Réel 2025;2025-07;SN/Legacy;Revenus;Maintenance grands comptes;Norvia Belgique SA;Flandre;18654,64
Réel 2025;2025-07;SN/Legacy;Revenus;Maintenance grands comptes;Norvia Belgique SA;Wallonie;13202,62
Réel 2025;2025-07;SN/Legacy;Revenus;Maintenance grands comptes;Norvia France SAS;Hauts-de-France;12340,61
Réel 2025;2025-07;SN/Legacy;Revenus;Maintenance grands comptes;Norvia France SAS;Île-de-France;383365,13
Réel 2025;2025-07;SN/Legacy;Revenus;Maintenance PME;Norvia Belgique SA;Bruxelles;48870,41
Réel 2025;2025-07;SN/Legacy;Revenus;Maintenance PME;Norvia Belgique SA;Flandre;39515,73
Réel 2025;2025-07;SN/Legacy;Revenus;Maintenance PME;Norvia Belgique SA;Wallonie;26862,87
Réel 2025;2025-07;SN/Legacy;Revenus;Maintenance PME;Norvia France SAS;Hauts-de-France;28371,27
Réel 2025;2025-07;SN/Legacy;Revenus;Maintenance PME;Norvia France SAS;Île-de-France;56593,53
Réel 2025;2025-07;SN/Legacy;Revenus;Évolutions;Norvia Belgique SA;Bruxelles;25838,72
Réel 2025;2025-07;SN/Legacy;Revenus;Évolutions;Norvia Belgique SA;Flandre;21299,56
Réel 2025;2025-07;SN/Legacy;Revenus;Évolutions;Norvia Belgique SA;Wallonie;12959,62
Réel 2025;2025-07;SN/Legacy;Revenus;Évolutions;Norvia France SAS;Hauts-de-France;14338,41
Réel 2025;2025-07;SN/Legacy;Revenus;Évolutions;Norvia France SAS;Île-de-France;26984,44
Réel 2025;2025-07;SN/Legacy;Coûts;Équipe maintenance;Norvia Belgique SA;Bruxelles;59137,02
Réel 2025;2025-07;SN/Legacy;Coûts;Équipe maintenance;Norvia Belgique SA;Flandre;45343,23
Réel 2025;2025-07;SN/Legacy;Coûts;Équipe maintenance;Norvia Belgique SA;Wallonie;32527,05
Réel 2025;2025-07;SN/Legacy;Coûts;Équipe maintenance;Norvia France SAS;Hauts-de-France;32661,56
Réel 2025;2025-07;SN/Legacy;Coûts;Équipe maintenance;Norvia France SAS;Île-de-France;63898,29
Réel 2025;2025-07;SN/Legacy;Coûts;Sous-traitance;Norvia Belgique SA;Bruxelles;9272,45
Réel 2025;2025-07;SN/Legacy;Coûts;Sous-traitance;Norvia Belgique SA;Flandre;7833,82
Réel 2025;2025-07;SN/Legacy;Coûts;Sous-traitance;Norvia Belgique SA;Wallonie;5520,45
Réel 2025;2025-07;SN/Legacy;Coûts;Sous-traitance;Norvia France SAS;Hauts-de-France;5810,72
Réel 2025;2025-07;SN/Legacy;Coûts;Sous-traitance;Norvia France SAS;Île-de-France;71514,54
Réel 2025;2025-07;Services;Revenus;Conseil;Norvia Belgique SA;Bruxelles;115056,90
Réel 2025;2025-07;Services;Revenus;Conseil;Norvia Belgique SA;Flandre;107257,63
Réel 2025;2025-07;Services;Revenus;Conseil;Norvia Belgique SA;Wallonie;67404,10
Réel 2025;2025-07;Services;Revenus;Conseil;Norvia France SAS;Hauts-de-France;68809,42
Réel 2025;2025-07;Services;Revenus;Conseil;Norvia France SAS;Île-de-France;143840,76
Réel 2025;2025-07;Services;Revenus;Intégration;Norvia Belgique SA;Bruxelles;85608,54
Réel 2025;2025-07;Services;Revenus;Intégration;Norvia Belgique SA;Flandre;72939,30
Réel 2025;2025-07;Services;Revenus;Intégration;Norvia Belgique SA;Wallonie;54052,40
Réel 2025;2025-07;Services;Revenus;Intégration;Norvia France SAS;Hauts-de-France;52713,24
Réel 2025;2025-07;Services;Revenus;Intégration;Norvia France SAS;Île-de-France;93610,30
Réel 2025;2025-07;Services;Coûts;Consultants;Norvia Belgique SA;Bruxelles;121584,62
Réel 2025;2025-07;Services;Coûts;Consultants;Norvia Belgique SA;Flandre;105112,84
Réel 2025;2025-07;Services;Coûts;Consultants;Norvia Belgique SA;Wallonie;83642,01
Réel 2025;2025-07;Services;Coûts;Consultants;Norvia France SAS;Hauts-de-France;82694,60
Réel 2025;2025-07;Services;Coûts;Consultants;Norvia France SAS;Île-de-France;149586,90
Réel 2025;2025-07;Services;Coûts;Sous-traitance services;Norvia Belgique SA;Bruxelles;24026,24
Réel 2025;2025-07;Services;Coûts;Sous-traitance services;Norvia Belgique SA;Flandre;21487,56
Réel 2025;2025-07;Services;Coûts;Sous-traitance services;Norvia Belgique SA;Wallonie;15216,19
Réel 2025;2025-07;Services;Coûts;Sous-traitance services;Norvia France SAS;Hauts-de-France;15190,79
Réel 2025;2025-07;Services;Coûts;Sous-traitance services;Norvia France SAS;Île-de-France;31286,47
Réel 2025;2025-07;Licences;Revenus;Licences perpétuelles;Norvia Belgique SA;Bruxelles;41270,81
Réel 2025;2025-07;Licences;Revenus;Licences perpétuelles;Norvia Belgique SA;Flandre;34546,61
Réel 2025;2025-07;Licences;Revenus;Licences perpétuelles;Norvia Belgique SA;Wallonie;24285,41
Réel 2025;2025-07;Licences;Revenus;Licences perpétuelles;Norvia France SAS;Hauts-de-France;24744,92
Réel 2025;2025-07;Licences;Revenus;Licences perpétuelles;Norvia France SAS;Île-de-France;53231,61
Réel 2025;2025-07;Licences;Revenus;Renouvellements;Norvia Belgique SA;Bruxelles;58178,25
Réel 2025;2025-07;Licences;Revenus;Renouvellements;Norvia Belgique SA;Flandre;48664,98
Réel 2025;2025-07;Licences;Revenus;Renouvellements;Norvia Belgique SA;Wallonie;32971,57
Réel 2025;2025-07;Licences;Revenus;Renouvellements;Norvia France SAS;Hauts-de-France;36736,43
Réel 2025;2025-07;Licences;Revenus;Renouvellements;Norvia France SAS;Île-de-France;70205,74
Réel 2025;2025-07;Licences;Coûts;Redevances éditeurs;Norvia Belgique SA;Bruxelles;24228,68
Réel 2025;2025-07;Licences;Coûts;Redevances éditeurs;Norvia Belgique SA;Flandre;20924,23
Réel 2025;2025-07;Licences;Coûts;Redevances éditeurs;Norvia Belgique SA;Wallonie;16084,70
Réel 2025;2025-07;Licences;Coûts;Redevances éditeurs;Norvia France SAS;Hauts-de-France;16264,36
Réel 2025;2025-07;Licences;Coûts;Redevances éditeurs;Norvia France SAS;Île-de-France;29549,02
Réel 2025;2025-07;Formation;Revenus;Sessions inter;Norvia Belgique SA;Bruxelles;21662,86
Réel 2025;2025-07;Formation;Revenus;Sessions inter;Norvia Belgique SA;Flandre;17763,62
Réel 2025;2025-07;Formation;Revenus;Sessions inter;Norvia Belgique SA;Wallonie;12191,69
Réel 2025;2025-07;Formation;Revenus;Sessions inter;Norvia France SAS;Hauts-de-France;13030,88
Réel 2025;2025-07;Formation;Revenus;Sessions inter;Norvia France SAS;Île-de-France;25879,94
Réel 2025;2025-07;Formation;Revenus;Sessions intra;Norvia Belgique SA;Bruxelles;14255,94
Réel 2025;2025-07;Formation;Revenus;Sessions intra;Norvia Belgique SA;Flandre;13068,64
Réel 2025;2025-07;Formation;Revenus;Sessions intra;Norvia Belgique SA;Wallonie;8539,42
Réel 2025;2025-07;Formation;Revenus;Sessions intra;Norvia France SAS;Hauts-de-France;7995,28
Réel 2025;2025-07;Formation;Revenus;Sessions intra;Norvia France SAS;Île-de-France;16977,89
Réel 2025;2025-07;Formation;Coûts;Formateurs;Norvia Belgique SA;Bruxelles;19672,82
Réel 2025;2025-07;Formation;Coûts;Formateurs;Norvia Belgique SA;Flandre;15336,20
Réel 2025;2025-07;Formation;Coûts;Formateurs;Norvia Belgique SA;Wallonie;11556,11
Réel 2025;2025-07;Formation;Coûts;Formateurs;Norvia France SAS;Hauts-de-France;10331,60
Réel 2025;2025-07;Formation;Coûts;Formateurs;Norvia France SAS;Île-de-France;23504,06
Réel 2025;2025-07;Formation;Coûts;Salles et logistique;Norvia Belgique SA;Bruxelles;7190,70
Réel 2025;2025-07;Formation;Coûts;Salles et logistique;Norvia Belgique SA;Flandre;5918,39
Réel 2025;2025-07;Formation;Coûts;Salles et logistique;Norvia Belgique SA;Wallonie;4485,08
Réel 2025;2025-07;Formation;Coûts;Salles et logistique;Norvia France SAS;Hauts-de-France;4171,63
Réel 2025;2025-07;Formation;Coûts;Salles et logistique;Norvia France SAS;Île-de-France;8495,22
Réel 2025;2025-08;Cloud;Revenus;Abonnements SaaS;Norvia Belgique SA;Bruxelles;99564,62
Réel 2025;2025-08;Cloud;Revenus;Abonnements SaaS;Norvia Belgique SA;Flandre;88671,41
Réel 2025;2025-08;Cloud;Revenus;Abonnements SaaS;Norvia Belgique SA;Wallonie;62870,47
Réel 2025;2025-08;Cloud;Revenus;Abonnements SaaS;Norvia France SAS;Hauts-de-France;61298,40
Réel 2025;2025-08;Cloud;Revenus;Abonnements SaaS;Norvia France SAS;Île-de-France;131065,70
Réel 2025;2025-08;Cloud;Revenus;Mise en service;Norvia Belgique SA;Bruxelles;33134,83
Réel 2025;2025-08;Cloud;Revenus;Mise en service;Norvia Belgique SA;Flandre;28686,51
Réel 2025;2025-08;Cloud;Revenus;Mise en service;Norvia Belgique SA;Wallonie;19991,32
Réel 2025;2025-08;Cloud;Revenus;Mise en service;Norvia France SAS;Hauts-de-France;20034,66
Réel 2025;2025-08;Cloud;Revenus;Mise en service;Norvia France SAS;Île-de-France;36366,98
Réel 2025;2025-08;Cloud;Revenus;Hébergement managé;Norvia Belgique SA;Bruxelles;24130,96
Réel 2025;2025-08;Cloud;Revenus;Hébergement managé;Norvia Belgique SA;Flandre;21039,95
Réel 2025;2025-08;Cloud;Revenus;Hébergement managé;Norvia Belgique SA;Wallonie;14530,49
Réel 2025;2025-08;Cloud;Revenus;Hébergement managé;Norvia France SAS;Hauts-de-France;14543,06
Réel 2025;2025-08;Cloud;Revenus;Hébergement managé;Norvia France SAS;Île-de-France;27888,57
Réel 2025;2025-08;Cloud;Coûts;Coûts d'hébergement;Norvia Belgique SA;Bruxelles;47246,67
Réel 2025;2025-08;Cloud;Coûts;Coûts d'hébergement;Norvia Belgique SA;Flandre;41986,70
Réel 2025;2025-08;Cloud;Coûts;Coûts d'hébergement;Norvia Belgique SA;Wallonie;27712,38
Réel 2025;2025-08;Cloud;Coûts;Coûts d'hébergement;Norvia France SAS;Hauts-de-France;28945,23
Réel 2025;2025-08;Cloud;Coûts;Coûts d'hébergement;Norvia France SAS;Île-de-France;59404,33
Réel 2025;2025-08;Cloud;Coûts;Support N2;Norvia Belgique SA;Bruxelles;15491,22
Réel 2025;2025-08;Cloud;Coûts;Support N2;Norvia Belgique SA;Flandre;13377,74
Réel 2025;2025-08;Cloud;Coûts;Support N2;Norvia Belgique SA;Wallonie;9507,26
Réel 2025;2025-08;Cloud;Coûts;Support N2;Norvia France SAS;Hauts-de-France;9399,37
Réel 2025;2025-08;Cloud;Coûts;Support N2;Norvia France SAS;Île-de-France;20668,66
Réel 2025;2025-08;SN/Legacy;Revenus;Maintenance grands comptes;Norvia Belgique SA;Bruxelles;21887,68
Réel 2025;2025-08;SN/Legacy;Revenus;Maintenance grands comptes;Norvia Belgique SA;Flandre;18538,08
Réel 2025;2025-08;SN/Legacy;Revenus;Maintenance grands comptes;Norvia Belgique SA;Wallonie;11879,33
Réel 2025;2025-08;SN/Legacy;Revenus;Maintenance grands comptes;Norvia France SAS;Hauts-de-France;13434,04
Réel 2025;2025-08;SN/Legacy;Revenus;Maintenance grands comptes;Norvia France SAS;Île-de-France;384113,99
Réel 2025;2025-08;SN/Legacy;Revenus;Maintenance PME;Norvia Belgique SA;Bruxelles;45874,37
Réel 2025;2025-08;SN/Legacy;Revenus;Maintenance PME;Norvia Belgique SA;Flandre;39992,56
Réel 2025;2025-08;SN/Legacy;Revenus;Maintenance PME;Norvia Belgique SA;Wallonie;27134,71
Réel 2025;2025-08;SN/Legacy;Revenus;Maintenance PME;Norvia France SAS;Hauts-de-France;28013,01
Réel 2025;2025-08;SN/Legacy;Revenus;Maintenance PME;Norvia France SAS;Île-de-France;59503,18
Réel 2025;2025-08;SN/Legacy;Revenus;Évolutions;Norvia Belgique SA;Bruxelles;23890,13
Réel 2025;2025-08;SN/Legacy;Revenus;Évolutions;Norvia Belgique SA;Flandre;19739,31
Réel 2025;2025-08;SN/Legacy;Revenus;Évolutions;Norvia Belgique SA;Wallonie;13891,19
Réel 2025;2025-08;SN/Legacy;Revenus;Évolutions;Norvia France SAS;Hauts-de-France;13242,64
Réel 2025;2025-08;SN/Legacy;Revenus;Évolutions;Norvia France SAS;Île-de-France;28936,86
Réel 2025;2025-08;SN/Legacy;Coûts;Équipe maintenance;Norvia Belgique SA;Bruxelles;56247,24
Réel 2025;2025-08;SN/Legacy;Coûts;Équipe maintenance;Norvia Belgique SA;Flandre;46026,78
Réel 2025;2025-08;SN/Legacy;Coûts;Équipe maintenance;Norvia Belgique SA;Wallonie;33642,50
Réel 2025;2025-08;SN/Legacy;Coûts;Équipe maintenance;Norvia France SAS;Hauts-de-France;32216,70
Réel 2025;2025-08;SN/Legacy;Coûts;Équipe maintenance;Norvia France SAS;Île-de-France;65367,49
Réel 2025;2025-08;SN/Legacy;Coûts;Sous-traitance;Norvia Belgique SA;Bruxelles;9200,54
Réel 2025;2025-08;SN/Legacy;Coûts;Sous-traitance;Norvia Belgique SA;Flandre;8098,79
Réel 2025;2025-08;SN/Legacy;Coûts;Sous-traitance;Norvia Belgique SA;Wallonie;5836,38
Réel 2025;2025-08;SN/Legacy;Coûts;Sous-traitance;Norvia France SAS;Hauts-de-France;5863,19
Réel 2025;2025-08;SN/Legacy;Coûts;Sous-traitance;Norvia France SAS;Île-de-France;70997,70
Réel 2025;2025-08;Services;Revenus;Conseil;Norvia Belgique SA;Bruxelles;77554,11
Réel 2025;2025-08;Services;Revenus;Conseil;Norvia Belgique SA;Flandre;61151,48
Réel 2025;2025-08;Services;Revenus;Conseil;Norvia Belgique SA;Wallonie;47746,23
Réel 2025;2025-08;Services;Revenus;Conseil;Norvia France SAS;Hauts-de-France;46601,10
Réel 2025;2025-08;Services;Revenus;Conseil;Norvia France SAS;Île-de-France;85976,03
Réel 2025;2025-08;Services;Revenus;Intégration;Norvia Belgique SA;Bruxelles;54110,41
Réel 2025;2025-08;Services;Revenus;Intégration;Norvia Belgique SA;Flandre;47294,41
Réel 2025;2025-08;Services;Revenus;Intégration;Norvia Belgique SA;Wallonie;31697,15
Réel 2025;2025-08;Services;Revenus;Intégration;Norvia France SAS;Hauts-de-France;32369,88
Réel 2025;2025-08;Services;Revenus;Intégration;Norvia France SAS;Île-de-France;62823,82
Réel 2025;2025-08;Services;Coûts;Consultants;Norvia Belgique SA;Bruxelles;91722,95
Réel 2025;2025-08;Services;Coûts;Consultants;Norvia Belgique SA;Flandre;65289,09
Réel 2025;2025-08;Services;Coûts;Consultants;Norvia Belgique SA;Wallonie;47362,02
Réel 2025;2025-08;Services;Coûts;Consultants;Norvia France SAS;Hauts-de-France;46195,92
Réel 2025;2025-08;Services;Coûts;Consultants;Norvia France SAS;Île-de-France;94246,05
Réel 2025;2025-08;Services;Coûts;Sous-traitance services;Norvia Belgique SA;Bruxelles;16197,95
Réel 2025;2025-08;Services;Coûts;Sous-traitance services;Norvia Belgique SA;Flandre;13930,29
Réel 2025;2025-08;Services;Coûts;Sous-traitance services;Norvia Belgique SA;Wallonie;10399,75
Réel 2025;2025-08;Services;Coûts;Sous-traitance services;Norvia France SAS;Hauts-de-France;9638,71
Réel 2025;2025-08;Services;Coûts;Sous-traitance services;Norvia France SAS;Île-de-France;18414,73
Réel 2025;2025-08;Licences;Revenus;Licences perpétuelles;Norvia Belgique SA;Bruxelles;33401,55
Réel 2025;2025-08;Licences;Revenus;Licences perpétuelles;Norvia Belgique SA;Flandre;29997,47
Réel 2025;2025-08;Licences;Revenus;Licences perpétuelles;Norvia Belgique SA;Wallonie;20581,68
Réel 2025;2025-08;Licences;Revenus;Licences perpétuelles;Norvia France SAS;Hauts-de-France;21220,37
Réel 2025;2025-08;Licences;Revenus;Licences perpétuelles;Norvia France SAS;Île-de-France;40610,86
Réel 2025;2025-08;Licences;Revenus;Renouvellements;Norvia Belgique SA;Bruxelles;48737,71
Réel 2025;2025-08;Licences;Revenus;Renouvellements;Norvia Belgique SA;Flandre;43024,40
Réel 2025;2025-08;Licences;Revenus;Renouvellements;Norvia Belgique SA;Wallonie;26825,53
Réel 2025;2025-08;Licences;Revenus;Renouvellements;Norvia France SAS;Hauts-de-France;28359,73
Réel 2025;2025-08;Licences;Revenus;Renouvellements;Norvia France SAS;Île-de-France;56550,24
Réel 2025;2025-08;Licences;Coûts;Redevances éditeurs;Norvia Belgique SA;Bruxelles;20654,59
Réel 2025;2025-08;Licences;Coûts;Redevances éditeurs;Norvia Belgique SA;Flandre;18126,59
Réel 2025;2025-08;Licences;Coûts;Redevances éditeurs;Norvia Belgique SA;Wallonie;11757,85
Réel 2025;2025-08;Licences;Coûts;Redevances éditeurs;Norvia France SAS;Hauts-de-France;11508,11
Réel 2025;2025-08;Licences;Coûts;Redevances éditeurs;Norvia France SAS;Île-de-France;25083,76
Réel 2025;2025-08;Formation;Revenus;Sessions inter;Norvia Belgique SA;Bruxelles;6866,99
Réel 2025;2025-08;Formation;Revenus;Sessions inter;Norvia Belgique SA;Flandre;5572,62
Réel 2025;2025-08;Formation;Revenus;Sessions inter;Norvia Belgique SA;Wallonie;4117,55
Réel 2025;2025-08;Formation;Revenus;Sessions inter;Norvia France SAS;Hauts-de-France;4554,13
Réel 2025;2025-08;Formation;Revenus;Sessions inter;Norvia France SAS;Île-de-France;9001,53
Réel 2025;2025-08;Formation;Revenus;Sessions intra;Norvia Belgique SA;Bruxelles;4797,51
Réel 2025;2025-08;Formation;Revenus;Sessions intra;Norvia Belgique SA;Flandre;3971,14
Réel 2025;2025-08;Formation;Revenus;Sessions intra;Norvia Belgique SA;Wallonie;2803,20
Réel 2025;2025-08;Formation;Revenus;Sessions intra;Norvia France SAS;Hauts-de-France;2890,96
Réel 2025;2025-08;Formation;Revenus;Sessions intra;Norvia France SAS;Île-de-France;5551,98
Réel 2025;2025-08;Formation;Coûts;Formateurs;Norvia Belgique SA;Bruxelles;6177,64
Réel 2025;2025-08;Formation;Coûts;Formateurs;Norvia Belgique SA;Flandre;5177,12
Réel 2025;2025-08;Formation;Coûts;Formateurs;Norvia Belgique SA;Wallonie;3987,95
Réel 2025;2025-08;Formation;Coûts;Formateurs;Norvia France SAS;Hauts-de-France;3857,05
Réel 2025;2025-08;Formation;Coûts;Formateurs;Norvia France SAS;Île-de-France;7589,54
Réel 2025;2025-08;Formation;Coûts;Salles et logistique;Norvia Belgique SA;Bruxelles;2473,62
Réel 2025;2025-08;Formation;Coûts;Salles et logistique;Norvia Belgique SA;Flandre;1922,58
Réel 2025;2025-08;Formation;Coûts;Salles et logistique;Norvia Belgique SA;Wallonie;1376,28
Réel 2025;2025-08;Formation;Coûts;Salles et logistique;Norvia France SAS;Hauts-de-France;1408,84
Réel 2025;2025-08;Formation;Coûts;Salles et logistique;Norvia France SAS;Île-de-France;2926,44
Réel 2025;2025-09;Cloud;Revenus;Abonnements SaaS;Norvia Belgique SA;Bruxelles;106402,70
Réel 2025;2025-09;Cloud;Revenus;Abonnements SaaS;Norvia Belgique SA;Flandre;92134,20
Réel 2025;2025-09;Cloud;Revenus;Abonnements SaaS;Norvia Belgique SA;Wallonie;65781,51
Réel 2025;2025-09;Cloud;Revenus;Abonnements SaaS;Norvia France SAS;Hauts-de-France;68276,33
Réel 2025;2025-09;Cloud;Revenus;Abonnements SaaS;Norvia France SAS;Île-de-France;125722,90
Réel 2025;2025-09;Cloud;Revenus;Mise en service;Norvia Belgique SA;Bruxelles;30949,42
Réel 2025;2025-09;Cloud;Revenus;Mise en service;Norvia Belgique SA;Flandre;28233,80
Réel 2025;2025-09;Cloud;Revenus;Mise en service;Norvia Belgique SA;Wallonie;20715,34
Réel 2025;2025-09;Cloud;Revenus;Mise en service;Norvia France SAS;Hauts-de-France;18656,01
Réel 2025;2025-09;Cloud;Revenus;Mise en service;Norvia France SAS;Île-de-France;40765,04
Réel 2025;2025-09;Cloud;Revenus;Hébergement managé;Norvia Belgique SA;Bruxelles;23356,16
Réel 2025;2025-09;Cloud;Revenus;Hébergement managé;Norvia Belgique SA;Flandre;20012
Réel 2025;2025-09;Cloud;Revenus;Hébergement managé;Norvia Belgique SA;Wallonie;15302,19
Réel 2025;2025-09;Cloud;Revenus;Hébergement managé;Norvia France SAS;Hauts-de-France;14919,90
Réel 2025;2025-09;Cloud;Revenus;Hébergement managé;Norvia France SAS;Île-de-France;30819,90
Réel 2025;2025-09;Cloud;Coûts;Coûts d'hébergement;Norvia Belgique SA;Bruxelles;52764,15
Réel 2025;2025-09;Cloud;Coûts;Coûts d'hébergement;Norvia Belgique SA;Flandre;41499,64
Réel 2025;2025-09;Cloud;Coûts;Coûts d'hébergement;Norvia Belgique SA;Wallonie;26932,73
Réel 2025;2025-09;Cloud;Coûts;Coûts d'hébergement;Norvia France SAS;Hauts-de-France;28884,35
Réel 2025;2025-09;Cloud;Coûts;Coûts d'hébergement;Norvia France SAS;Île-de-France;61591,61
Réel 2025;2025-09;Cloud;Coûts;Support N2;Norvia Belgique SA;Bruxelles;16593,91
Réel 2025;2025-09;Cloud;Coûts;Support N2;Norvia Belgique SA;Flandre;13031,69
Réel 2025;2025-09;Cloud;Coûts;Support N2;Norvia Belgique SA;Wallonie;9396,46
Réel 2025;2025-09;Cloud;Coûts;Support N2;Norvia France SAS;Hauts-de-France;10063,03
Réel 2025;2025-09;Cloud;Coûts;Support N2;Norvia France SAS;Île-de-France;20619,97
Réel 2025;2025-09;SN/Legacy;Revenus;Maintenance grands comptes;Norvia Belgique SA;Bruxelles;21610,38
Réel 2025;2025-09;SN/Legacy;Revenus;Maintenance grands comptes;Norvia Belgique SA;Flandre;17959,37
Réel 2025;2025-09;SN/Legacy;Revenus;Maintenance grands comptes;Norvia Belgique SA;Wallonie;12333,17
Réel 2025;2025-09;SN/Legacy;Revenus;Maintenance grands comptes;Norvia France SAS;Hauts-de-France;11892,82
Réel 2025;2025-09;SN/Legacy;Revenus;Maintenance grands comptes;Norvia France SAS;Île-de-France;385727,54
Réel 2025;2025-09;SN/Legacy;Revenus;Maintenance PME;Norvia Belgique SA;Bruxelles;47443,50
Réel 2025;2025-09;SN/Legacy;Revenus;Maintenance PME;Norvia Belgique SA;Flandre;39926,74
Réel 2025;2025-09;SN/Legacy;Revenus;Maintenance PME;Norvia Belgique SA;Wallonie;27463,32
Réel 2025;2025-09;SN/Legacy;Revenus;Maintenance PME;Norvia France SAS;Hauts-de-France;26270,12
Réel 2025;2025-09;SN/Legacy;Revenus;Maintenance PME;Norvia France SAS;Île-de-France;59330,10
Réel 2025;2025-09;SN/Legacy;Revenus;Évolutions;Norvia Belgique SA;Bruxelles;24272,27
Réel 2025;2025-09;SN/Legacy;Revenus;Évolutions;Norvia Belgique SA;Flandre;20626,87
Réel 2025;2025-09;SN/Legacy;Revenus;Évolutions;Norvia Belgique SA;Wallonie;13699,38
Réel 2025;2025-09;SN/Legacy;Revenus;Évolutions;Norvia France SAS;Hauts-de-France;13524,97
Réel 2025;2025-09;SN/Legacy;Revenus;Évolutions;Norvia France SAS;Île-de-France;27504,10
Réel 2025;2025-09;SN/Legacy;Coûts;Équipe maintenance;Norvia Belgique SA;Bruxelles;57983,98
Réel 2025;2025-09;SN/Legacy;Coûts;Équipe maintenance;Norvia Belgique SA;Flandre;42569,66
Réel 2025;2025-09;SN/Legacy;Coûts;Équipe maintenance;Norvia Belgique SA;Wallonie;31299,46
Réel 2025;2025-09;SN/Legacy;Coûts;Équipe maintenance;Norvia France SAS;Hauts-de-France;34415,98
Réel 2025;2025-09;SN/Legacy;Coûts;Équipe maintenance;Norvia France SAS;Île-de-France;67813,61
Réel 2025;2025-09;SN/Legacy;Coûts;Sous-traitance;Norvia Belgique SA;Bruxelles;9854,43
Réel 2025;2025-09;SN/Legacy;Coûts;Sous-traitance;Norvia Belgique SA;Flandre;8076,25
Réel 2025;2025-09;SN/Legacy;Coûts;Sous-traitance;Norvia Belgique SA;Wallonie;5099,10
Réel 2025;2025-09;SN/Legacy;Coûts;Sous-traitance;Norvia France SAS;Hauts-de-France;5495,58
Réel 2025;2025-09;SN/Legacy;Coûts;Sous-traitance;Norvia France SAS;Île-de-France;70960,03
Réel 2025;2025-09;Services;Revenus;Conseil;Norvia Belgique SA;Bruxelles;143476,31
Réel 2025;2025-09;Services;Revenus;Conseil;Norvia Belgique SA;Flandre;139893,59
Réel 2025;2025-09;Services;Revenus;Conseil;Norvia Belgique SA;Wallonie;86375,57
Réel 2025;2025-09;Services;Revenus;Conseil;Norvia France SAS;Hauts-de-France;87382,72
Réel 2025;2025-09;Services;Revenus;Conseil;Norvia France SAS;Île-de-France;177842,66
Réel 2025;2025-09;Services;Revenus;Intégration;Norvia Belgique SA;Bruxelles;113621,47
Réel 2025;2025-09;Services;Revenus;Intégration;Norvia Belgique SA;Flandre;82860,08
Réel 2025;2025-09;Services;Revenus;Intégration;Norvia Belgique SA;Wallonie;67157,70
Réel 2025;2025-09;Services;Revenus;Intégration;Norvia France SAS;Hauts-de-France;63718,43
Réel 2025;2025-09;Services;Revenus;Intégration;Norvia France SAS;Île-de-France;122493,14
Réel 2025;2025-09;Services;Coûts;Consultants;Norvia Belgique SA;Bruxelles;161859,56
Réel 2025;2025-09;Services;Coûts;Consultants;Norvia Belgique SA;Flandre;131705,33
Réel 2025;2025-09;Services;Coûts;Consultants;Norvia Belgique SA;Wallonie;90365,93
Réel 2025;2025-09;Services;Coûts;Consultants;Norvia France SAS;Hauts-de-France;87741,10
Réel 2025;2025-09;Services;Coûts;Consultants;Norvia France SAS;Île-de-France;202813,79
Réel 2025;2025-09;Services;Coûts;Sous-traitance services;Norvia Belgique SA;Bruxelles;32485,90
Réel 2025;2025-09;Services;Coûts;Sous-traitance services;Norvia Belgique SA;Flandre;26572,85
Réel 2025;2025-09;Services;Coûts;Sous-traitance services;Norvia Belgique SA;Wallonie;20144,59
Réel 2025;2025-09;Services;Coûts;Sous-traitance services;Norvia France SAS;Hauts-de-France;18870,72
Réel 2025;2025-09;Services;Coûts;Sous-traitance services;Norvia France SAS;Île-de-France;37703,20
Réel 2025;2025-09;Licences;Revenus;Licences perpétuelles;Norvia Belgique SA;Bruxelles;49748,71
Réel 2025;2025-09;Licences;Revenus;Licences perpétuelles;Norvia Belgique SA;Flandre;41766,99
Réel 2025;2025-09;Licences;Revenus;Licences perpétuelles;Norvia Belgique SA;Wallonie;28055,10
Réel 2025;2025-09;Licences;Revenus;Licences perpétuelles;Norvia France SAS;Hauts-de-France;29114,23
Réel 2025;2025-09;Licences;Revenus;Licences perpétuelles;Norvia France SAS;Île-de-France;58958,34
Réel 2025;2025-09;Licences;Revenus;Renouvellements;Norvia Belgique SA;Bruxelles;70406,46
Réel 2025;2025-09;Licences;Revenus;Renouvellements;Norvia Belgique SA;Flandre;53818,04
Réel 2025;2025-09;Licences;Revenus;Renouvellements;Norvia Belgique SA;Wallonie;40683,76
Réel 2025;2025-09;Licences;Revenus;Renouvellements;Norvia France SAS;Hauts-de-France;43389,23
Réel 2025;2025-09;Licences;Revenus;Renouvellements;Norvia France SAS;Île-de-France;81126,69
Réel 2025;2025-09;Licences;Coûts;Redevances éditeurs;Norvia Belgique SA;Bruxelles;28234
Réel 2025;2025-09;Licences;Coûts;Redevances éditeurs;Norvia Belgique SA;Flandre;25406,11
Réel 2025;2025-09;Licences;Coûts;Redevances éditeurs;Norvia Belgique SA;Wallonie;18589,59
Réel 2025;2025-09;Licences;Coûts;Redevances éditeurs;Norvia France SAS;Hauts-de-France;17628,57
Réel 2025;2025-09;Licences;Coûts;Redevances éditeurs;Norvia France SAS;Île-de-France;35003,94
Réel 2025;2025-09;Formation;Revenus;Sessions inter;Norvia Belgique SA;Bruxelles;38120,05
Réel 2025;2025-09;Formation;Revenus;Sessions inter;Norvia Belgique SA;Flandre;32223,11
Réel 2025;2025-09;Formation;Revenus;Sessions inter;Norvia Belgique SA;Wallonie;22787,43
Réel 2025;2025-09;Formation;Revenus;Sessions inter;Norvia France SAS;Hauts-de-France;25198,92
Réel 2025;2025-09;Formation;Revenus;Sessions inter;Norvia France SAS;Île-de-France;46570,90
Réel 2025;2025-09;Formation;Revenus;Sessions intra;Norvia Belgique SA;Bruxelles;27030,63
Réel 2025;2025-09;Formation;Revenus;Sessions intra;Norvia Belgique SA;Flandre;23276,78
Réel 2025;2025-09;Formation;Revenus;Sessions intra;Norvia Belgique SA;Wallonie;14820,41
Réel 2025;2025-09;Formation;Revenus;Sessions intra;Norvia France SAS;Hauts-de-France;15970,23
Réel 2025;2025-09;Formation;Revenus;Sessions intra;Norvia France SAS;Île-de-France;28394,73
Réel 2025;2025-09;Formation;Coûts;Formateurs;Norvia Belgique SA;Bruxelles;35410,25
Réel 2025;2025-09;Formation;Coûts;Formateurs;Norvia Belgique SA;Flandre;28400,64
Réel 2025;2025-09;Formation;Coûts;Formateurs;Norvia Belgique SA;Wallonie;22611,91
Réel 2025;2025-09;Formation;Coûts;Formateurs;Norvia France SAS;Hauts-de-France;19423,17
Réel 2025;2025-09;Formation;Coûts;Formateurs;Norvia France SAS;Île-de-France;41102,09
Réel 2025;2025-09;Formation;Coûts;Salles et logistique;Norvia Belgique SA;Bruxelles;13608,36
Réel 2025;2025-09;Formation;Coûts;Salles et logistique;Norvia Belgique SA;Flandre;10179,79
Réel 2025;2025-09;Formation;Coûts;Salles et logistique;Norvia Belgique SA;Wallonie;7769,69
Réel 2025;2025-09;Formation;Coûts;Salles et logistique;Norvia France SAS;Hauts-de-France;7961,76
Réel 2025;2025-09;Formation;Coûts;Salles et logistique;Norvia France SAS;Île-de-France;15666,71
Réel 2025;2025-10;Cloud;Revenus;Abonnements SaaS;Norvia Belgique SA;Bruxelles;109716,91
Réel 2025;2025-10;Cloud;Revenus;Abonnements SaaS;Norvia Belgique SA;Flandre;95822,96
Réel 2025;2025-10;Cloud;Revenus;Abonnements SaaS;Norvia Belgique SA;Wallonie;59797,45
Réel 2025;2025-10;Cloud;Revenus;Abonnements SaaS;Norvia France SAS;Hauts-de-France;62281,79
Réel 2025;2025-10;Cloud;Revenus;Abonnements SaaS;Norvia France SAS;Île-de-France;133127,79
Réel 2025;2025-10;Cloud;Revenus;Mise en service;Norvia Belgique SA;Bruxelles;33784,57
Réel 2025;2025-10;Cloud;Revenus;Mise en service;Norvia Belgique SA;Flandre;27223,63
Réel 2025;2025-10;Cloud;Revenus;Mise en service;Norvia Belgique SA;Wallonie;20329,71
Réel 2025;2025-10;Cloud;Revenus;Mise en service;Norvia France SAS;Hauts-de-France;20883,08
Réel 2025;2025-10;Cloud;Revenus;Mise en service;Norvia France SAS;Île-de-France;39291,12
Réel 2025;2025-10;Cloud;Revenus;Hébergement managé;Norvia Belgique SA;Bruxelles;24457,02
Réel 2025;2025-10;Cloud;Revenus;Hébergement managé;Norvia Belgique SA;Flandre;22607,72
Réel 2025;2025-10;Cloud;Revenus;Hébergement managé;Norvia Belgique SA;Wallonie;15357,08
Réel 2025;2025-10;Cloud;Revenus;Hébergement managé;Norvia France SAS;Hauts-de-France;15677,92
Réel 2025;2025-10;Cloud;Revenus;Hébergement managé;Norvia France SAS;Île-de-France;28325,81
Réel 2025;2025-10;Cloud;Coûts;Coûts d'hébergement;Norvia Belgique SA;Bruxelles;51411,01
Réel 2025;2025-10;Cloud;Coûts;Coûts d'hébergement;Norvia Belgique SA;Flandre;43866,82
Réel 2025;2025-10;Cloud;Coûts;Coûts d'hébergement;Norvia Belgique SA;Wallonie;29963,86
Réel 2025;2025-10;Cloud;Coûts;Coûts d'hébergement;Norvia France SAS;Hauts-de-France;29843,35
Réel 2025;2025-10;Cloud;Coûts;Coûts d'hébergement;Norvia France SAS;Île-de-France;58129,06
Réel 2025;2025-10;Cloud;Coûts;Support N2;Norvia Belgique SA;Bruxelles;16196,03
Réel 2025;2025-10;Cloud;Coûts;Support N2;Norvia Belgique SA;Flandre;14598,94
Réel 2025;2025-10;Cloud;Coûts;Support N2;Norvia Belgique SA;Wallonie;9917,58
Réel 2025;2025-10;Cloud;Coûts;Support N2;Norvia France SAS;Hauts-de-France;9744,51
Réel 2025;2025-10;Cloud;Coûts;Support N2;Norvia France SAS;Île-de-France;21160,29
Réel 2025;2025-10;SN/Legacy;Revenus;Maintenance grands comptes;Norvia Belgique SA;Bruxelles;21492,02
Réel 2025;2025-10;SN/Legacy;Revenus;Maintenance grands comptes;Norvia Belgique SA;Flandre;19771,04
Réel 2025;2025-10;SN/Legacy;Revenus;Maintenance grands comptes;Norvia Belgique SA;Wallonie;12431,94
Réel 2025;2025-10;SN/Legacy;Revenus;Maintenance grands comptes;Norvia France SAS;Hauts-de-France;12861,30
Réel 2025;2025-10;SN/Legacy;Revenus;Maintenance grands comptes;Norvia France SAS;Île-de-France;383717,81
Réel 2025;2025-10;SN/Legacy;Revenus;Maintenance PME;Norvia Belgique SA;Bruxelles;48184,40
Réel 2025;2025-10;SN/Legacy;Revenus;Maintenance PME;Norvia Belgique SA;Flandre;40214,77
Réel 2025;2025-10;SN/Legacy;Revenus;Maintenance PME;Norvia Belgique SA;Wallonie;28397,09
Réel 2025;2025-10;SN/Legacy;Revenus;Maintenance PME;Norvia France SAS;Hauts-de-France;29287,98
Réel 2025;2025-10;SN/Legacy;Revenus;Maintenance PME;Norvia France SAS;Île-de-France;54472,43
Réel 2025;2025-10;SN/Legacy;Revenus;Évolutions;Norvia Belgique SA;Bruxelles;22473,21
Réel 2025;2025-10;SN/Legacy;Revenus;Évolutions;Norvia Belgique SA;Flandre;20158,15
Réel 2025;2025-10;SN/Legacy;Revenus;Évolutions;Norvia Belgique SA;Wallonie;14368,61
Réel 2025;2025-10;SN/Legacy;Revenus;Évolutions;Norvia France SAS;Hauts-de-France;12801,26
Réel 2025;2025-10;SN/Legacy;Revenus;Évolutions;Norvia France SAS;Île-de-France;29405,97
Réel 2025;2025-10;SN/Legacy;Coûts;Équipe maintenance;Norvia Belgique SA;Bruxelles;56646,87
Réel 2025;2025-10;SN/Legacy;Coûts;Équipe maintenance;Norvia Belgique SA;Flandre;42619,87
Réel 2025;2025-10;SN/Legacy;Coûts;Équipe maintenance;Norvia Belgique SA;Wallonie;34011,59
Réel 2025;2025-10;SN/Legacy;Coûts;Équipe maintenance;Norvia France SAS;Hauts-de-France;31926,80
Réel 2025;2025-10;SN/Legacy;Coûts;Équipe maintenance;Norvia France SAS;Île-de-France;67504,52
Réel 2025;2025-10;SN/Legacy;Coûts;Sous-traitance;Norvia Belgique SA;Bruxelles;9728,87
Réel 2025;2025-10;SN/Legacy;Coûts;Sous-traitance;Norvia Belgique SA;Flandre;8071,69
Réel 2025;2025-10;SN/Legacy;Coûts;Sous-traitance;Norvia Belgique SA;Wallonie;5384,44
Réel 2025;2025-10;SN/Legacy;Coûts;Sous-traitance;Norvia France SAS;Hauts-de-France;5773,28
Réel 2025;2025-10;SN/Legacy;Coûts;Sous-traitance;Norvia France SAS;Île-de-France;71101,94
Réel 2025;2025-10;Services;Revenus;Conseil;Norvia Belgique SA;Bruxelles;153274,33
Réel 2025;2025-10;Services;Revenus;Conseil;Norvia Belgique SA;Flandre;118223,58
Réel 2025;2025-10;Services;Revenus;Conseil;Norvia Belgique SA;Wallonie;91845,29
Réel 2025;2025-10;Services;Revenus;Conseil;Norvia France SAS;Hauts-de-France;89527,77
Réel 2025;2025-10;Services;Revenus;Conseil;Norvia France SAS;Île-de-France;188066,30
Réel 2025;2025-10;Services;Revenus;Intégration;Norvia Belgique SA;Bruxelles;114531,74
Réel 2025;2025-10;Services;Revenus;Intégration;Norvia Belgique SA;Flandre;93910,83
Réel 2025;2025-10;Services;Revenus;Intégration;Norvia Belgique SA;Wallonie;63353,51
Réel 2025;2025-10;Services;Revenus;Intégration;Norvia France SAS;Hauts-de-France;65562,95
Réel 2025;2025-10;Services;Revenus;Intégration;Norvia France SAS;Île-de-France;122791,58
Réel 2025;2025-10;Services;Coûts;Consultants;Norvia Belgique SA;Bruxelles;151937,57
Réel 2025;2025-10;Services;Coûts;Consultants;Norvia Belgique SA;Flandre;137751,30
Réel 2025;2025-10;Services;Coûts;Consultants;Norvia Belgique SA;Wallonie;98655,09
Réel 2025;2025-10;Services;Coûts;Consultants;Norvia France SAS;Hauts-de-France;91666,61
Réel 2025;2025-10;Services;Coûts;Consultants;Norvia France SAS;Île-de-France;206302,16
Réel 2025;2025-10;Services;Coûts;Sous-traitance services;Norvia Belgique SA;Bruxelles;30708,37
Réel 2025;2025-10;Services;Coûts;Sous-traitance services;Norvia Belgique SA;Flandre;26632,42
Réel 2025;2025-10;Services;Coûts;Sous-traitance services;Norvia Belgique SA;Wallonie;20468,38
Réel 2025;2025-10;Services;Coûts;Sous-traitance services;Norvia France SAS;Hauts-de-France;20198,43
Réel 2025;2025-10;Services;Coûts;Sous-traitance services;Norvia France SAS;Île-de-France;38427,69
Réel 2025;2025-10;Licences;Revenus;Licences perpétuelles;Norvia Belgique SA;Bruxelles;48301,85
Réel 2025;2025-10;Licences;Revenus;Licences perpétuelles;Norvia Belgique SA;Flandre;40233,48
Réel 2025;2025-10;Licences;Revenus;Licences perpétuelles;Norvia Belgique SA;Wallonie;25887,80
Réel 2025;2025-10;Licences;Revenus;Licences perpétuelles;Norvia France SAS;Hauts-de-France;28278,69
Réel 2025;2025-10;Licences;Revenus;Licences perpétuelles;Norvia France SAS;Île-de-France;55318,93
Réel 2025;2025-10;Licences;Revenus;Renouvellements;Norvia Belgique SA;Bruxelles;68989,21
Réel 2025;2025-10;Licences;Revenus;Renouvellements;Norvia Belgique SA;Flandre;54052,62
Réel 2025;2025-10;Licences;Revenus;Renouvellements;Norvia Belgique SA;Wallonie;41957,43
Réel 2025;2025-10;Licences;Revenus;Renouvellements;Norvia France SAS;Hauts-de-France;41344
Réel 2025;2025-10;Licences;Revenus;Renouvellements;Norvia France SAS;Île-de-France;71380,29
Réel 2025;2025-10;Licences;Coûts;Redevances éditeurs;Norvia Belgique SA;Bruxelles;26648,04
Réel 2025;2025-10;Licences;Coûts;Redevances éditeurs;Norvia Belgique SA;Flandre;22565,27
Réel 2025;2025-10;Licences;Coûts;Redevances éditeurs;Norvia Belgique SA;Wallonie;17704,68
Réel 2025;2025-10;Licences;Coûts;Redevances éditeurs;Norvia France SAS;Hauts-de-France;16908,95
Réel 2025;2025-10;Licences;Coûts;Redevances éditeurs;Norvia France SAS;Île-de-France;36067,40
Réel 2025;2025-10;Formation;Revenus;Sessions inter;Norvia Belgique SA;Bruxelles;43637,58
Réel 2025;2025-10;Formation;Revenus;Sessions inter;Norvia Belgique SA;Flandre;38351,41
Réel 2025;2025-10;Formation;Revenus;Sessions inter;Norvia Belgique SA;Wallonie;24870,98
Réel 2025;2025-10;Formation;Revenus;Sessions inter;Norvia France SAS;Hauts-de-France;26491,23
Réel 2025;2025-10;Formation;Revenus;Sessions inter;Norvia France SAS;Île-de-France;53267,84
Réel 2025;2025-10;Formation;Revenus;Sessions intra;Norvia Belgique SA;Bruxelles;28303,54
Réel 2025;2025-10;Formation;Revenus;Sessions intra;Norvia Belgique SA;Flandre;25648,92
Réel 2025;2025-10;Formation;Revenus;Sessions intra;Norvia Belgique SA;Wallonie;16514,97
Réel 2025;2025-10;Formation;Revenus;Sessions intra;Norvia France SAS;Hauts-de-France;17809,39
Réel 2025;2025-10;Formation;Revenus;Sessions intra;Norvia France SAS;Île-de-France;37941,31
Réel 2025;2025-10;Formation;Coûts;Formateurs;Norvia Belgique SA;Bruxelles;42850,80
Réel 2025;2025-10;Formation;Coûts;Formateurs;Norvia Belgique SA;Flandre;35025,13
Réel 2025;2025-10;Formation;Coûts;Formateurs;Norvia Belgique SA;Wallonie;22777,58
Réel 2025;2025-10;Formation;Coûts;Formateurs;Norvia France SAS;Hauts-de-France;24336,03
Réel 2025;2025-10;Formation;Coûts;Formateurs;Norvia France SAS;Île-de-France;42765,27
Réel 2025;2025-10;Formation;Coûts;Salles et logistique;Norvia Belgique SA;Bruxelles;14304,81
Réel 2025;2025-10;Formation;Coûts;Salles et logistique;Norvia Belgique SA;Flandre;13467,03
Réel 2025;2025-10;Formation;Coûts;Salles et logistique;Norvia Belgique SA;Wallonie;9101,91
Réel 2025;2025-10;Formation;Coûts;Salles et logistique;Norvia France SAS;Hauts-de-France;8068,40
Réel 2025;2025-10;Formation;Coûts;Salles et logistique;Norvia France SAS;Île-de-France;17310,13
Réel 2025;2025-11;Cloud;Revenus;Abonnements SaaS;Norvia Belgique SA;Bruxelles;108172,27
Réel 2025;2025-11;Cloud;Revenus;Abonnements SaaS;Norvia Belgique SA;Flandre;99180,89
Réel 2025;2025-11;Cloud;Revenus;Abonnements SaaS;Norvia Belgique SA;Wallonie;64721,79
Réel 2025;2025-11;Cloud;Revenus;Abonnements SaaS;Norvia France SAS;Hauts-de-France;68519,46
Réel 2025;2025-11;Cloud;Revenus;Abonnements SaaS;Norvia France SAS;Île-de-France;126097,86
Réel 2025;2025-11;Cloud;Revenus;Mise en service;Norvia Belgique SA;Bruxelles;36915,48
Réel 2025;2025-11;Cloud;Revenus;Mise en service;Norvia Belgique SA;Flandre;29694,68
Réel 2025;2025-11;Cloud;Revenus;Mise en service;Norvia Belgique SA;Wallonie;18358,16
Réel 2025;2025-11;Cloud;Revenus;Mise en service;Norvia France SAS;Hauts-de-France;20993,01
Réel 2025;2025-11;Cloud;Revenus;Mise en service;Norvia France SAS;Île-de-France;38644,06
Réel 2025;2025-11;Cloud;Revenus;Hébergement managé;Norvia Belgique SA;Bruxelles;24407,87
Réel 2025;2025-11;Cloud;Revenus;Hébergement managé;Norvia Belgique SA;Flandre;20534,21
Réel 2025;2025-11;Cloud;Revenus;Hébergement managé;Norvia Belgique SA;Wallonie;14734,01
Réel 2025;2025-11;Cloud;Revenus;Hébergement managé;Norvia France SAS;Hauts-de-France;15536,10
Réel 2025;2025-11;Cloud;Revenus;Hébergement managé;Norvia France SAS;Île-de-France;32271,13
Réel 2025;2025-11;Cloud;Coûts;Coûts d'hébergement;Norvia Belgique SA;Bruxelles;51947,33
Réel 2025;2025-11;Cloud;Coûts;Coûts d'hébergement;Norvia Belgique SA;Flandre;40807,96
Réel 2025;2025-11;Cloud;Coûts;Coûts d'hébergement;Norvia Belgique SA;Wallonie;28383,64
Réel 2025;2025-11;Cloud;Coûts;Coûts d'hébergement;Norvia France SAS;Hauts-de-France;28594,74
Réel 2025;2025-11;Cloud;Coûts;Coûts d'hébergement;Norvia France SAS;Île-de-France;66322
Réel 2025;2025-11;Cloud;Coûts;Support N2;Norvia Belgique SA;Bruxelles;15871,77
Réel 2025;2025-11;Cloud;Coûts;Support N2;Norvia Belgique SA;Flandre;14788,69
Réel 2025;2025-11;Cloud;Coûts;Support N2;Norvia Belgique SA;Wallonie;10832,86
Réel 2025;2025-11;Cloud;Coûts;Support N2;Norvia France SAS;Hauts-de-France;9772,65
Réel 2025;2025-11;Cloud;Coûts;Support N2;Norvia France SAS;Île-de-France;20037,39
Réel 2025;2025-11;SN/Legacy;Revenus;Maintenance grands comptes;Norvia Belgique SA;Bruxelles;21951,70
Réel 2025;2025-11;SN/Legacy;Revenus;Maintenance grands comptes;Norvia Belgique SA;Flandre;17156,95
Réel 2025;2025-11;SN/Legacy;Revenus;Maintenance grands comptes;Norvia Belgique SA;Wallonie;13472,03
Réel 2025;2025-11;SN/Legacy;Revenus;Maintenance grands comptes;Norvia France SAS;Hauts-de-France;11969,20
Réel 2025;2025-11;SN/Legacy;Revenus;Maintenance grands comptes;Norvia France SAS;Île-de-France;385246,37
Réel 2025;2025-11;SN/Legacy;Revenus;Maintenance PME;Norvia Belgique SA;Bruxelles;45460,97
Réel 2025;2025-11;SN/Legacy;Revenus;Maintenance PME;Norvia Belgique SA;Flandre;42249,70
Réel 2025;2025-11;SN/Legacy;Revenus;Maintenance PME;Norvia Belgique SA;Wallonie;28700,56
Réel 2025;2025-11;SN/Legacy;Revenus;Maintenance PME;Norvia France SAS;Hauts-de-France;26914,66
Réel 2025;2025-11;SN/Legacy;Revenus;Maintenance PME;Norvia France SAS;Île-de-France;56739,97
Réel 2025;2025-11;SN/Legacy;Revenus;Évolutions;Norvia Belgique SA;Bruxelles;22551,64
Réel 2025;2025-11;SN/Legacy;Revenus;Évolutions;Norvia Belgique SA;Flandre;20875,17
Réel 2025;2025-11;SN/Legacy;Revenus;Évolutions;Norvia Belgique SA;Wallonie;15084,85
Réel 2025;2025-11;SN/Legacy;Revenus;Évolutions;Norvia France SAS;Hauts-de-France;13575,43
Réel 2025;2025-11;SN/Legacy;Revenus;Évolutions;Norvia France SAS;Île-de-France;27895,34
Réel 2025;2025-11;SN/Legacy;Coûts;Équipe maintenance;Norvia Belgique SA;Bruxelles;56946,84
Réel 2025;2025-11;SN/Legacy;Coûts;Équipe maintenance;Norvia Belgique SA;Flandre;46529,86
Réel 2025;2025-11;SN/Legacy;Coûts;Équipe maintenance;Norvia Belgique SA;Wallonie;33152,80
Réel 2025;2025-11;SN/Legacy;Coûts;Équipe maintenance;Norvia France SAS;Hauts-de-France;33225,92
Réel 2025;2025-11;SN/Legacy;Coûts;Équipe maintenance;Norvia France SAS;Île-de-France;63235,45
Réel 2025;2025-11;SN/Legacy;Coûts;Sous-traitance;Norvia Belgique SA;Bruxelles;9482,80
Réel 2025;2025-11;SN/Legacy;Coûts;Sous-traitance;Norvia Belgique SA;Flandre;7924,39
Réel 2025;2025-11;SN/Legacy;Coûts;Sous-traitance;Norvia Belgique SA;Wallonie;5809,79
Réel 2025;2025-11;SN/Legacy;Coûts;Sous-traitance;Norvia France SAS;Hauts-de-France;5555,36
Réel 2025;2025-11;SN/Legacy;Coûts;Sous-traitance;Norvia France SAS;Île-de-France;71511,59
Réel 2025;2025-11;Services;Revenus;Conseil;Norvia Belgique SA;Bruxelles;148009,83
Réel 2025;2025-11;Services;Revenus;Conseil;Norvia Belgique SA;Flandre;127913,65
Réel 2025;2025-11;Services;Revenus;Conseil;Norvia Belgique SA;Wallonie;81863,39
Réel 2025;2025-11;Services;Revenus;Conseil;Norvia France SAS;Hauts-de-France;88056,82
Réel 2025;2025-11;Services;Revenus;Conseil;Norvia France SAS;Île-de-France;164965,23
Réel 2025;2025-11;Services;Revenus;Intégration;Norvia Belgique SA;Bruxelles;98165,31
Réel 2025;2025-11;Services;Revenus;Intégration;Norvia Belgique SA;Flandre;94256,26
Réel 2025;2025-11;Services;Revenus;Intégration;Norvia Belgique SA;Wallonie;66993,87
Réel 2025;2025-11;Services;Revenus;Intégration;Norvia France SAS;Hauts-de-France;66523,18
Réel 2025;2025-11;Services;Revenus;Intégration;Norvia France SAS;Île-de-France;118620,04
Réel 2025;2025-11;Services;Coûts;Consultants;Norvia Belgique SA;Bruxelles;159641,07
Réel 2025;2025-11;Services;Coûts;Consultants;Norvia Belgique SA;Flandre;127495,29
Réel 2025;2025-11;Services;Coûts;Consultants;Norvia Belgique SA;Wallonie;88040,40
Réel 2025;2025-11;Services;Coûts;Consultants;Norvia France SAS;Hauts-de-France;89329,44
Réel 2025;2025-11;Services;Coûts;Consultants;Norvia France SAS;Île-de-France;201655,24
Réel 2025;2025-11;Services;Coûts;Sous-traitance services;Norvia Belgique SA;Bruxelles;32742,37
Réel 2025;2025-11;Services;Coûts;Sous-traitance services;Norvia Belgique SA;Flandre;24574,45
Réel 2025;2025-11;Services;Coûts;Sous-traitance services;Norvia Belgique SA;Wallonie;17300,90
Réel 2025;2025-11;Services;Coûts;Sous-traitance services;Norvia France SAS;Hauts-de-France;19623,51
Réel 2025;2025-11;Services;Coûts;Sous-traitance services;Norvia France SAS;Île-de-France;37979,72
Réel 2025;2025-11;Licences;Revenus;Licences perpétuelles;Norvia Belgique SA;Bruxelles;57900,64
Réel 2025;2025-11;Licences;Revenus;Licences perpétuelles;Norvia Belgique SA;Flandre;46478,67
Réel 2025;2025-11;Licences;Revenus;Licences perpétuelles;Norvia Belgique SA;Wallonie;33162,76
Réel 2025;2025-11;Licences;Revenus;Licences perpétuelles;Norvia France SAS;Hauts-de-France;31036,15
Réel 2025;2025-11;Licences;Revenus;Licences perpétuelles;Norvia France SAS;Île-de-France;60778,13
Réel 2025;2025-11;Licences;Revenus;Renouvellements;Norvia Belgique SA;Bruxelles;75812,13
Réel 2025;2025-11;Licences;Revenus;Renouvellements;Norvia Belgique SA;Flandre;65302,74
Réel 2025;2025-11;Licences;Revenus;Renouvellements;Norvia Belgique SA;Wallonie;41458,15
Réel 2025;2025-11;Licences;Revenus;Renouvellements;Norvia France SAS;Hauts-de-France;42747,57
Réel 2025;2025-11;Licences;Revenus;Renouvellements;Norvia France SAS;Île-de-France;93410,47
Réel 2025;2025-11;Licences;Coûts;Redevances éditeurs;Norvia Belgique SA;Bruxelles;34695,11
Réel 2025;2025-11;Licences;Coûts;Redevances éditeurs;Norvia Belgique SA;Flandre;26671,19
Réel 2025;2025-11;Licences;Coûts;Redevances éditeurs;Norvia Belgique SA;Wallonie;19839,61
Réel 2025;2025-11;Licences;Coûts;Redevances éditeurs;Norvia France SAS;Hauts-de-France;18940,41
Réel 2025;2025-11;Licences;Coûts;Redevances éditeurs;Norvia France SAS;Île-de-France;37605,44
Réel 2025;2025-11;Formation;Revenus;Sessions inter;Norvia Belgique SA;Bruxelles;40936,86
Réel 2025;2025-11;Formation;Revenus;Sessions inter;Norvia Belgique SA;Flandre;36467,43
Réel 2025;2025-11;Formation;Revenus;Sessions inter;Norvia Belgique SA;Wallonie;24845,65
Réel 2025;2025-11;Formation;Revenus;Sessions inter;Norvia France SAS;Hauts-de-France;24555,20
Réel 2025;2025-11;Formation;Revenus;Sessions inter;Norvia France SAS;Île-de-France;52394,75
Réel 2025;2025-11;Formation;Revenus;Sessions intra;Norvia Belgique SA;Bruxelles;27115,59
Réel 2025;2025-11;Formation;Revenus;Sessions intra;Norvia Belgique SA;Flandre;24628,53
Réel 2025;2025-11;Formation;Revenus;Sessions intra;Norvia Belgique SA;Wallonie;17055,61
Réel 2025;2025-11;Formation;Revenus;Sessions intra;Norvia France SAS;Hauts-de-France;17687,53
Réel 2025;2025-11;Formation;Revenus;Sessions intra;Norvia France SAS;Île-de-France;33250,45
Réel 2025;2025-11;Formation;Coûts;Formateurs;Norvia Belgique SA;Bruxelles;40123,52
Réel 2025;2025-11;Formation;Coûts;Formateurs;Norvia Belgique SA;Flandre;32409
Réel 2025;2025-11;Formation;Coûts;Formateurs;Norvia Belgique SA;Wallonie;21544,43
Réel 2025;2025-11;Formation;Coûts;Formateurs;Norvia France SAS;Hauts-de-France;21636,52
Réel 2025;2025-11;Formation;Coûts;Formateurs;Norvia France SAS;Île-de-France;43850,33
Réel 2025;2025-11;Formation;Coûts;Salles et logistique;Norvia Belgique SA;Bruxelles;14965,16
Réel 2025;2025-11;Formation;Coûts;Salles et logistique;Norvia Belgique SA;Flandre;12500,73
Réel 2025;2025-11;Formation;Coûts;Salles et logistique;Norvia Belgique SA;Wallonie;8038,24
Réel 2025;2025-11;Formation;Coûts;Salles et logistique;Norvia France SAS;Hauts-de-France;8044,19
Réel 2025;2025-11;Formation;Coûts;Salles et logistique;Norvia France SAS;Île-de-France;16238,46
Réel 2025;2025-12;Cloud;Revenus;Abonnements SaaS;Norvia Belgique SA;Bruxelles;116836,20
Réel 2025;2025-12;Cloud;Revenus;Abonnements SaaS;Norvia Belgique SA;Flandre;94977,56
Réel 2025;2025-12;Cloud;Revenus;Abonnements SaaS;Norvia Belgique SA;Wallonie;68006,89
Réel 2025;2025-12;Cloud;Revenus;Abonnements SaaS;Norvia France SAS;Hauts-de-France;65777,40
Réel 2025;2025-12;Cloud;Revenus;Abonnements SaaS;Norvia France SAS;Île-de-France;126223,82
Réel 2025;2025-12;Cloud;Revenus;Mise en service;Norvia Belgique SA;Bruxelles;35034,47
Réel 2025;2025-12;Cloud;Revenus;Mise en service;Norvia Belgique SA;Flandre;32308,98
Réel 2025;2025-12;Cloud;Revenus;Mise en service;Norvia Belgique SA;Wallonie;19506,97
Réel 2025;2025-12;Cloud;Revenus;Mise en service;Norvia France SAS;Hauts-de-France;21190,96
Réel 2025;2025-12;Cloud;Revenus;Mise en service;Norvia France SAS;Île-de-France;39370,46
Réel 2025;2025-12;Cloud;Revenus;Hébergement managé;Norvia Belgique SA;Bruxelles;25883,46
Réel 2025;2025-12;Cloud;Revenus;Hébergement managé;Norvia Belgique SA;Flandre;22131,25
Réel 2025;2025-12;Cloud;Revenus;Hébergement managé;Norvia Belgique SA;Wallonie;15092,57
Réel 2025;2025-12;Cloud;Revenus;Hébergement managé;Norvia France SAS;Hauts-de-France;16694,04
Réel 2025;2025-12;Cloud;Revenus;Hébergement managé;Norvia France SAS;Île-de-France;31074,76
Réel 2025;2025-12;Cloud;Coûts;Coûts d'hébergement;Norvia Belgique SA;Bruxelles;52896,87
Réel 2025;2025-12;Cloud;Coûts;Coûts d'hébergement;Norvia Belgique SA;Flandre;45898,51
Réel 2025;2025-12;Cloud;Coûts;Coûts d'hébergement;Norvia Belgique SA;Wallonie;29805,60
Réel 2025;2025-12;Cloud;Coûts;Coûts d'hébergement;Norvia France SAS;Hauts-de-France;32448,66
Réel 2025;2025-12;Cloud;Coûts;Coûts d'hébergement;Norvia France SAS;Île-de-France;58676,87
Réel 2025;2025-12;Cloud;Coûts;Support N2;Norvia Belgique SA;Bruxelles;16890,11
Réel 2025;2025-12;Cloud;Coûts;Support N2;Norvia Belgique SA;Flandre;14381,07
Réel 2025;2025-12;Cloud;Coûts;Support N2;Norvia Belgique SA;Wallonie;10303,08
Réel 2025;2025-12;Cloud;Coûts;Support N2;Norvia France SAS;Hauts-de-France;10675,86
Réel 2025;2025-12;Cloud;Coûts;Support N2;Norvia France SAS;Île-de-France;20746,76
Réel 2025;2025-12;SN/Legacy;Revenus;Maintenance grands comptes;Norvia Belgique SA;Bruxelles;19887,95
Réel 2025;2025-12;SN/Legacy;Revenus;Maintenance grands comptes;Norvia Belgique SA;Flandre;19268,14
Réel 2025;2025-12;SN/Legacy;Revenus;Maintenance grands comptes;Norvia Belgique SA;Wallonie;13239,18
Réel 2025;2025-12;SN/Legacy;Revenus;Maintenance grands comptes;Norvia France SAS;Hauts-de-France;11412,91
Réel 2025;2025-12;SN/Legacy;Revenus;Maintenance grands comptes;Norvia France SAS;Île-de-France;385999,49
Réel 2025;2025-12;SN/Legacy;Revenus;Maintenance PME;Norvia Belgique SA;Bruxelles;49555,55
Réel 2025;2025-12;SN/Legacy;Revenus;Maintenance PME;Norvia Belgique SA;Flandre;38910,30
Réel 2025;2025-12;SN/Legacy;Revenus;Maintenance PME;Norvia Belgique SA;Wallonie;28070,46
Réel 2025;2025-12;SN/Legacy;Revenus;Maintenance PME;Norvia France SAS;Hauts-de-France;27977,41
Réel 2025;2025-12;SN/Legacy;Revenus;Maintenance PME;Norvia France SAS;Île-de-France;57460,62
Réel 2025;2025-12;SN/Legacy;Revenus;Évolutions;Norvia Belgique SA;Bruxelles;22464,40
Réel 2025;2025-12;SN/Legacy;Revenus;Évolutions;Norvia Belgique SA;Flandre;21440,14
Réel 2025;2025-12;SN/Legacy;Revenus;Évolutions;Norvia Belgique SA;Wallonie;14962,72
Réel 2025;2025-12;SN/Legacy;Revenus;Évolutions;Norvia France SAS;Hauts-de-France;13290,51
Réel 2025;2025-12;SN/Legacy;Revenus;Évolutions;Norvia France SAS;Île-de-France;27975,97
Réel 2025;2025-12;SN/Legacy;Coûts;Équipe maintenance;Norvia Belgique SA;Bruxelles;53848,47
Réel 2025;2025-12;SN/Legacy;Coûts;Équipe maintenance;Norvia Belgique SA;Flandre;46091,36
Réel 2025;2025-12;SN/Legacy;Coûts;Équipe maintenance;Norvia Belgique SA;Wallonie;33603,40
Réel 2025;2025-12;SN/Legacy;Coûts;Équipe maintenance;Norvia France SAS;Hauts-de-France;31852,98
Réel 2025;2025-12;SN/Legacy;Coûts;Équipe maintenance;Norvia France SAS;Île-de-France;66078,06
Réel 2025;2025-12;SN/Legacy;Coûts;Sous-traitance;Norvia Belgique SA;Bruxelles;9869,48
Réel 2025;2025-12;SN/Legacy;Coûts;Sous-traitance;Norvia Belgique SA;Flandre;7820,24
Réel 2025;2025-12;SN/Legacy;Coûts;Sous-traitance;Norvia Belgique SA;Wallonie;5430,53
Réel 2025;2025-12;SN/Legacy;Coûts;Sous-traitance;Norvia France SAS;Hauts-de-France;5620,41
Réel 2025;2025-12;SN/Legacy;Coûts;Sous-traitance;Norvia France SAS;Île-de-France;71241,46
Réel 2025;2025-12;Services;Revenus;Conseil;Norvia Belgique SA;Bruxelles;145031,76
Réel 2025;2025-12;Services;Revenus;Conseil;Norvia Belgique SA;Flandre;123588,24
Réel 2025;2025-12;Services;Revenus;Conseil;Norvia Belgique SA;Wallonie;80182,16
Réel 2025;2025-12;Services;Revenus;Conseil;Norvia France SAS;Hauts-de-France;76353,79
Réel 2025;2025-12;Services;Revenus;Conseil;Norvia France SAS;Île-de-France;160176,67
Réel 2025;2025-12;Services;Revenus;Intégration;Norvia Belgique SA;Bruxelles;96923,61
Réel 2025;2025-12;Services;Revenus;Intégration;Norvia Belgique SA;Flandre;82103,80
Réel 2025;2025-12;Services;Revenus;Intégration;Norvia Belgique SA;Wallonie;60467,96
Réel 2025;2025-12;Services;Revenus;Intégration;Norvia France SAS;Hauts-de-France;58008,84
Réel 2025;2025-12;Services;Revenus;Intégration;Norvia France SAS;Île-de-France;116632,68
Réel 2025;2025-12;Services;Coûts;Consultants;Norvia Belgique SA;Bruxelles;142612,51
Réel 2025;2025-12;Services;Coûts;Consultants;Norvia Belgique SA;Flandre;130170,34
Réel 2025;2025-12;Services;Coûts;Consultants;Norvia Belgique SA;Wallonie;86767,39
Réel 2025;2025-12;Services;Coûts;Consultants;Norvia France SAS;Hauts-de-France;85169,91
Réel 2025;2025-12;Services;Coûts;Consultants;Norvia France SAS;Île-de-France;183016,82
Réel 2025;2025-12;Services;Coûts;Sous-traitance services;Norvia Belgique SA;Bruxelles;29583,99
Réel 2025;2025-12;Services;Coûts;Sous-traitance services;Norvia Belgique SA;Flandre;24311,46
Réel 2025;2025-12;Services;Coûts;Sous-traitance services;Norvia Belgique SA;Wallonie;16979,23
Réel 2025;2025-12;Services;Coûts;Sous-traitance services;Norvia France SAS;Hauts-de-France;19379,32
Réel 2025;2025-12;Services;Coûts;Sous-traitance services;Norvia France SAS;Île-de-France;35666,73
Réel 2025;2025-12;Licences;Revenus;Licences perpétuelles;Norvia Belgique SA;Bruxelles;95826,34
Réel 2025;2025-12;Licences;Revenus;Licences perpétuelles;Norvia Belgique SA;Flandre;77425,93
Réel 2025;2025-12;Licences;Revenus;Licences perpétuelles;Norvia Belgique SA;Wallonie;51035,23
Réel 2025;2025-12;Licences;Revenus;Licences perpétuelles;Norvia France SAS;Hauts-de-France;49524,46
Réel 2025;2025-12;Licences;Revenus;Licences perpétuelles;Norvia France SAS;Île-de-France;100719,24
Réel 2025;2025-12;Licences;Revenus;Renouvellements;Norvia Belgique SA;Bruxelles;130422,22
Réel 2025;2025-12;Licences;Revenus;Renouvellements;Norvia Belgique SA;Flandre;102994,85
Réel 2025;2025-12;Licences;Revenus;Renouvellements;Norvia Belgique SA;Wallonie;72811,88
Réel 2025;2025-12;Licences;Revenus;Renouvellements;Norvia France SAS;Hauts-de-France;74281,06
Réel 2025;2025-12;Licences;Revenus;Renouvellements;Norvia France SAS;Île-de-France;145153,55
Réel 2025;2025-12;Licences;Coûts;Redevances éditeurs;Norvia Belgique SA;Bruxelles;53080,57
Réel 2025;2025-12;Licences;Coûts;Redevances éditeurs;Norvia Belgique SA;Flandre;43265,26
Réel 2025;2025-12;Licences;Coûts;Redevances éditeurs;Norvia Belgique SA;Wallonie;32608,03
Réel 2025;2025-12;Licences;Coûts;Redevances éditeurs;Norvia France SAS;Hauts-de-France;31729,24
Réel 2025;2025-12;Licences;Coûts;Redevances éditeurs;Norvia France SAS;Île-de-France;62678,63
Réel 2025;2025-12;Formation;Revenus;Sessions inter;Norvia Belgique SA;Bruxelles;40475,79
Réel 2025;2025-12;Formation;Revenus;Sessions inter;Norvia Belgique SA;Flandre;35333,68
Réel 2025;2025-12;Formation;Revenus;Sessions inter;Norvia Belgique SA;Wallonie;21367,28
Réel 2025;2025-12;Formation;Revenus;Sessions inter;Norvia France SAS;Hauts-de-France;23047,27
Réel 2025;2025-12;Formation;Revenus;Sessions inter;Norvia France SAS;Île-de-France;44609,76
Réel 2025;2025-12;Formation;Revenus;Sessions intra;Norvia Belgique SA;Bruxelles;27311,37
Réel 2025;2025-12;Formation;Revenus;Sessions intra;Norvia Belgique SA;Flandre;21185,55
Réel 2025;2025-12;Formation;Revenus;Sessions intra;Norvia Belgique SA;Wallonie;15311,38
Réel 2025;2025-12;Formation;Revenus;Sessions intra;Norvia France SAS;Hauts-de-France;14989,02
Réel 2025;2025-12;Formation;Revenus;Sessions intra;Norvia France SAS;Île-de-France;29613,56
Réel 2025;2025-12;Formation;Coûts;Formateurs;Norvia Belgique SA;Bruxelles;33828,78
Réel 2025;2025-12;Formation;Coûts;Formateurs;Norvia Belgique SA;Flandre;30020,06
Réel 2025;2025-12;Formation;Coûts;Formateurs;Norvia Belgique SA;Wallonie;20808,12
Réel 2025;2025-12;Formation;Coûts;Formateurs;Norvia France SAS;Hauts-de-France;20428,87
Réel 2025;2025-12;Formation;Coûts;Formateurs;Norvia France SAS;Île-de-France;41629,93
Réel 2025;2025-12;Formation;Coûts;Salles et logistique;Norvia Belgique SA;Bruxelles;14565,87
Réel 2025;2025-12;Formation;Coûts;Salles et logistique;Norvia Belgique SA;Flandre;10550,16
Réel 2025;2025-12;Formation;Coûts;Salles et logistique;Norvia Belgique SA;Wallonie;7335,26
Réel 2025;2025-12;Formation;Coûts;Salles et logistique;Norvia France SAS;Hauts-de-France;7588,34
Réel 2025;2025-12;Formation;Coûts;Salles et logistique;Norvia France SAS;Île-de-France;14625,16
Budget 2026;2026-01;Cloud;Revenus;Abonnements SaaS;Norvia Belgique SA;Bruxelles;105930,81
Budget 2026;2026-01;Cloud;Revenus;Abonnements SaaS;Norvia Belgique SA;Flandre;81548,14
Budget 2026;2026-01;Cloud;Revenus;Abonnements SaaS;Norvia Belgique SA;Wallonie;57367,65
Budget 2026;2026-01;Cloud;Revenus;Abonnements SaaS;Norvia France SAS;Hauts-de-France;64070,91
Budget 2026;2026-01;Cloud;Revenus;Abonnements SaaS;Norvia France SAS;Île-de-France;132485,12
Budget 2026;2026-01;Cloud;Revenus;Mise en service;Norvia Belgique SA;Bruxelles;32981,45
Budget 2026;2026-01;Cloud;Revenus;Mise en service;Norvia Belgique SA;Flandre;25425,21
Budget 2026;2026-01;Cloud;Revenus;Mise en service;Norvia Belgique SA;Wallonie;18466,38
Budget 2026;2026-01;Cloud;Revenus;Mise en service;Norvia France SAS;Hauts-de-France;17408,65
Budget 2026;2026-01;Cloud;Revenus;Mise en service;Norvia France SAS;Île-de-France;33375,12
Budget 2026;2026-01;Cloud;Revenus;Hébergement managé;Norvia Belgique SA;Bruxelles;22788,08
Budget 2026;2026-01;Cloud;Revenus;Hébergement managé;Norvia Belgique SA;Flandre;19494,28
Budget 2026;2026-01;Cloud;Revenus;Hébergement managé;Norvia Belgique SA;Wallonie;14072,95
Budget 2026;2026-01;Cloud;Revenus;Hébergement managé;Norvia France SAS;Hauts-de-France;13922,51
Budget 2026;2026-01;Cloud;Revenus;Hébergement managé;Norvia France SAS;Île-de-France;26804,46
Budget 2026;2026-01;Cloud;Coûts;Coûts d'hébergement;Norvia Belgique SA;Bruxelles;46362,60
Budget 2026;2026-01;Cloud;Coûts;Coûts d'hébergement;Norvia Belgique SA;Flandre;39817,82
Budget 2026;2026-01;Cloud;Coûts;Coûts d'hébergement;Norvia Belgique SA;Wallonie;27724,92
Budget 2026;2026-01;Cloud;Coûts;Coûts d'hébergement;Norvia France SAS;Hauts-de-France;26086,60
Budget 2026;2026-01;Cloud;Coûts;Coûts d'hébergement;Norvia France SAS;Île-de-France;51513,42
Budget 2026;2026-01;Cloud;Coûts;Support N2;Norvia Belgique SA;Bruxelles;14361,76
Budget 2026;2026-01;Cloud;Coûts;Support N2;Norvia Belgique SA;Flandre;12619,86
Budget 2026;2026-01;Cloud;Coûts;Support N2;Norvia Belgique SA;Wallonie;8258,85
Budget 2026;2026-01;Cloud;Coûts;Support N2;Norvia France SAS;Hauts-de-France;8468,34
Budget 2026;2026-01;Cloud;Coûts;Support N2;Norvia France SAS;Île-de-France;17868,18
Budget 2026;2026-01;SN/Legacy;Revenus;Maintenance grands comptes;Norvia Belgique SA;Bruxelles;22001,15
Budget 2026;2026-01;SN/Legacy;Revenus;Maintenance grands comptes;Norvia Belgique SA;Flandre;17644,35
Budget 2026;2026-01;SN/Legacy;Revenus;Maintenance grands comptes;Norvia Belgique SA;Wallonie;12396,02
Budget 2026;2026-01;SN/Legacy;Revenus;Maintenance grands comptes;Norvia France SAS;Hauts-de-France;12383,94
Budget 2026;2026-01;SN/Legacy;Revenus;Maintenance grands comptes;Norvia France SAS;Île-de-France;385422,10
Budget 2026;2026-01;SN/Legacy;Revenus;Maintenance PME;Norvia Belgique SA;Bruxelles;46632,39
Budget 2026;2026-01;SN/Legacy;Revenus;Maintenance PME;Norvia Belgique SA;Flandre;38509,32
Budget 2026;2026-01;SN/Legacy;Revenus;Maintenance PME;Norvia Belgique SA;Wallonie;28261,57
Budget 2026;2026-01;SN/Legacy;Revenus;Maintenance PME;Norvia France SAS;Hauts-de-France;27156,24
Budget 2026;2026-01;SN/Legacy;Revenus;Maintenance PME;Norvia France SAS;Île-de-France;59397,82
Budget 2026;2026-01;SN/Legacy;Revenus;Évolutions;Norvia Belgique SA;Bruxelles;25286,67
Budget 2026;2026-01;SN/Legacy;Revenus;Évolutions;Norvia Belgique SA;Flandre;20745,92
Budget 2026;2026-01;SN/Legacy;Revenus;Évolutions;Norvia Belgique SA;Wallonie;13004,72
Budget 2026;2026-01;SN/Legacy;Revenus;Évolutions;Norvia France SAS;Hauts-de-France;14861,34
Budget 2026;2026-01;SN/Legacy;Revenus;Évolutions;Norvia France SAS;Île-de-France;26213,25
Budget 2026;2026-01;SN/Legacy;Coûts;Équipe maintenance;Norvia Belgique SA;Bruxelles;53042,82
Budget 2026;2026-01;SN/Legacy;Coûts;Équipe maintenance;Norvia Belgique SA;Flandre;45421,85
Budget 2026;2026-01;SN/Legacy;Coûts;Équipe maintenance;Norvia Belgique SA;Wallonie;30770,37
Budget 2026;2026-01;SN/Legacy;Coûts;Équipe maintenance;Norvia France SAS;Hauts-de-France;33823,98
Budget 2026;2026-01;SN/Legacy;Coûts;Équipe maintenance;Norvia France SAS;Île-de-France;71605,55
Budget 2026;2026-01;SN/Legacy;Coûts;Sous-traitance;Norvia Belgique SA;Bruxelles;9921,47
Budget 2026;2026-01;SN/Legacy;Coûts;Sous-traitance;Norvia Belgique SA;Flandre;8524,23
Budget 2026;2026-01;SN/Legacy;Coûts;Sous-traitance;Norvia Belgique SA;Wallonie;5174,24
Budget 2026;2026-01;SN/Legacy;Coûts;Sous-traitance;Norvia France SAS;Hauts-de-France;5601,91
Budget 2026;2026-01;SN/Legacy;Coûts;Sous-traitance;Norvia France SAS;Île-de-France;70781,74
Budget 2026;2026-01;Services;Revenus;Conseil;Norvia Belgique SA;Bruxelles;161698,44
Budget 2026;2026-01;Services;Revenus;Conseil;Norvia Belgique SA;Flandre;118705,34
Budget 2026;2026-01;Services;Revenus;Conseil;Norvia Belgique SA;Wallonie;89103,25
Budget 2026;2026-01;Services;Revenus;Conseil;Norvia France SAS;Hauts-de-France;89666,61
Budget 2026;2026-01;Services;Revenus;Conseil;Norvia France SAS;Île-de-France;170573,26
Budget 2026;2026-01;Services;Revenus;Intégration;Norvia Belgique SA;Bruxelles;119688,59
Budget 2026;2026-01;Services;Revenus;Intégration;Norvia Belgique SA;Flandre;90537,94
Budget 2026;2026-01;Services;Revenus;Intégration;Norvia Belgique SA;Wallonie;62822,19
Budget 2026;2026-01;Services;Revenus;Intégration;Norvia France SAS;Hauts-de-France;63705,47
Budget 2026;2026-01;Services;Revenus;Intégration;Norvia France SAS;Île-de-France;119614,29
Budget 2026;2026-01;Services;Coûts;Consultants;Norvia Belgique SA;Bruxelles;157467,11
Budget 2026;2026-01;Services;Coûts;Consultants;Norvia Belgique SA;Flandre;124336,37
Budget 2026;2026-01;Services;Coûts;Consultants;Norvia Belgique SA;Wallonie;99215,44
Budget 2026;2026-01;Services;Coûts;Consultants;Norvia France SAS;Hauts-de-France;94231,68
Budget 2026;2026-01;Services;Coûts;Consultants;Norvia France SAS;Île-de-France;198469,25
Budget 2026;2026-01;Services;Coûts;Sous-traitance services;Norvia Belgique SA;Bruxelles;33039,83
Budget 2026;2026-01;Services;Coûts;Sous-traitance services;Norvia Belgique SA;Flandre;26716,96
Budget 2026;2026-01;Services;Coûts;Sous-traitance services;Norvia Belgique SA;Wallonie;18176,30
Budget 2026;2026-01;Services;Coûts;Sous-traitance services;Norvia France SAS;Hauts-de-France;19015,46
Budget 2026;2026-01;Services;Coûts;Sous-traitance services;Norvia France SAS;Île-de-France;39253,99
Budget 2026;2026-01;Licences;Revenus;Licences perpétuelles;Norvia Belgique SA;Bruxelles;39833,11
Budget 2026;2026-01;Licences;Revenus;Licences perpétuelles;Norvia Belgique SA;Flandre;33205,75
Budget 2026;2026-01;Licences;Revenus;Licences perpétuelles;Norvia Belgique SA;Wallonie;23469,27
Budget 2026;2026-01;Licences;Revenus;Licences perpétuelles;Norvia France SAS;Hauts-de-France;22787,16
Budget 2026;2026-01;Licences;Revenus;Licences perpétuelles;Norvia France SAS;Île-de-France;43722,35
Budget 2026;2026-01;Licences;Revenus;Renouvellements;Norvia Belgique SA;Bruxelles;67839,39
Budget 2026;2026-01;Licences;Revenus;Renouvellements;Norvia Belgique SA;Flandre;57862,38
Budget 2026;2026-01;Licences;Revenus;Renouvellements;Norvia Belgique SA;Wallonie;41404,32
Budget 2026;2026-01;Licences;Revenus;Renouvellements;Norvia France SAS;Hauts-de-France;43902,85
Budget 2026;2026-01;Licences;Revenus;Renouvellements;Norvia France SAS;Île-de-France;81461,70
Budget 2026;2026-01;Licences;Coûts;Redevances éditeurs;Norvia Belgique SA;Bruxelles;29137,29
Budget 2026;2026-01;Licences;Coûts;Redevances éditeurs;Norvia Belgique SA;Flandre;22449,32
Budget 2026;2026-01;Licences;Coûts;Redevances éditeurs;Norvia Belgique SA;Wallonie;15306,48
Budget 2026;2026-01;Licences;Coûts;Redevances éditeurs;Norvia France SAS;Hauts-de-France;16850,98
Budget 2026;2026-01;Licences;Coûts;Redevances éditeurs;Norvia France SAS;Île-de-France;30100,80
Budget 2026;2026-01;Formation;Revenus;Sessions inter;Norvia Belgique SA;Bruxelles;30590,84
Budget 2026;2026-01;Formation;Revenus;Sessions inter;Norvia Belgique SA;Flandre;25129,19
Budget 2026;2026-01;Formation;Revenus;Sessions inter;Norvia Belgique SA;Wallonie;15618,56
Budget 2026;2026-01;Formation;Revenus;Sessions inter;Norvia France SAS;Hauts-de-France;16273,78
Budget 2026;2026-01;Formation;Revenus;Sessions inter;Norvia France SAS;Île-de-France;31874,22
Budget 2026;2026-01;Formation;Revenus;Sessions intra;Norvia Belgique SA;Bruxelles;22240,75
Budget 2026;2026-01;Formation;Revenus;Sessions intra;Norvia Belgique SA;Flandre;18580,18
Budget 2026;2026-01;Formation;Revenus;Sessions intra;Norvia Belgique SA;Wallonie;12057,49
Budget 2026;2026-01;Formation;Revenus;Sessions intra;Norvia France SAS;Hauts-de-France;13237,89
Budget 2026;2026-01;Formation;Revenus;Sessions intra;Norvia France SAS;Île-de-France;23827,46
Budget 2026;2026-01;Formation;Coûts;Formateurs;Norvia Belgique SA;Bruxelles;28025,43
Budget 2026;2026-01;Formation;Coûts;Formateurs;Norvia Belgique SA;Flandre;24065,99
Budget 2026;2026-01;Formation;Coûts;Formateurs;Norvia Belgique SA;Wallonie;17142,23
Budget 2026;2026-01;Formation;Coûts;Formateurs;Norvia France SAS;Hauts-de-France;15547,35
Budget 2026;2026-01;Formation;Coûts;Formateurs;Norvia France SAS;Île-de-France;35337,61
Budget 2026;2026-01;Formation;Coûts;Salles et logistique;Norvia Belgique SA;Bruxelles;10311,97
Budget 2026;2026-01;Formation;Coûts;Salles et logistique;Norvia Belgique SA;Flandre;9283,99
Budget 2026;2026-01;Formation;Coûts;Salles et logistique;Norvia Belgique SA;Wallonie;5855,51
Budget 2026;2026-01;Formation;Coûts;Salles et logistique;Norvia France SAS;Hauts-de-France;6079,96
Budget 2026;2026-01;Formation;Coûts;Salles et logistique;Norvia France SAS;Île-de-France;13600,77
Budget 2026;2026-02;Cloud;Revenus;Abonnements SaaS;Norvia Belgique SA;Bruxelles;117848,38
Budget 2026;2026-02;Cloud;Revenus;Abonnements SaaS;Norvia Belgique SA;Flandre;92366,40
Budget 2026;2026-02;Cloud;Revenus;Abonnements SaaS;Norvia Belgique SA;Wallonie;62611,73
Budget 2026;2026-02;Cloud;Revenus;Abonnements SaaS;Norvia France SAS;Hauts-de-France;62727,58
Budget 2026;2026-02;Cloud;Revenus;Abonnements SaaS;Norvia France SAS;Île-de-France;125060,56
Budget 2026;2026-02;Cloud;Revenus;Mise en service;Norvia Belgique SA;Bruxelles;32259,71
Budget 2026;2026-02;Cloud;Revenus;Mise en service;Norvia Belgique SA;Flandre;27081,37
Budget 2026;2026-02;Cloud;Revenus;Mise en service;Norvia Belgique SA;Wallonie;18952,29
Budget 2026;2026-02;Cloud;Revenus;Mise en service;Norvia France SAS;Hauts-de-France;16943,46
Budget 2026;2026-02;Cloud;Revenus;Mise en service;Norvia France SAS;Île-de-France;37128,89
Budget 2026;2026-02;Cloud;Revenus;Hébergement managé;Norvia Belgique SA;Bruxelles;22880,38
Budget 2026;2026-02;Cloud;Revenus;Hébergement managé;Norvia Belgique SA;Flandre;19064,72
Budget 2026;2026-02;Cloud;Revenus;Hébergement managé;Norvia Belgique SA;Wallonie;13862,19
Budget 2026;2026-02;Cloud;Revenus;Hébergement managé;Norvia France SAS;Hauts-de-France;14166,35
Budget 2026;2026-02;Cloud;Revenus;Hébergement managé;Norvia France SAS;Île-de-France;28941,45
Budget 2026;2026-02;Cloud;Coûts;Coûts d'hébergement;Norvia Belgique SA;Bruxelles;47773,58
Budget 2026;2026-02;Cloud;Coûts;Coûts d'hébergement;Norvia Belgique SA;Flandre;40067,83
Budget 2026;2026-02;Cloud;Coûts;Coûts d'hébergement;Norvia Belgique SA;Wallonie;28297,44
Budget 2026;2026-02;Cloud;Coûts;Coûts d'hébergement;Norvia France SAS;Hauts-de-France;27424,77
Budget 2026;2026-02;Cloud;Coûts;Coûts d'hébergement;Norvia France SAS;Île-de-France;53949,84
Budget 2026;2026-02;Cloud;Coûts;Support N2;Norvia Belgique SA;Bruxelles;14854,77
Budget 2026;2026-02;Cloud;Coûts;Support N2;Norvia Belgique SA;Flandre;12879,49
Budget 2026;2026-02;Cloud;Coûts;Support N2;Norvia Belgique SA;Wallonie;8533,49
Budget 2026;2026-02;Cloud;Coûts;Support N2;Norvia France SAS;Hauts-de-France;8573,58
Budget 2026;2026-02;Cloud;Coûts;Support N2;Norvia France SAS;Île-de-France;17514,10
Budget 2026;2026-02;SN/Legacy;Revenus;Maintenance grands comptes;Norvia Belgique SA;Bruxelles;22333,30
Budget 2026;2026-02;SN/Legacy;Revenus;Maintenance grands comptes;Norvia Belgique SA;Flandre;16845,15
Budget 2026;2026-02;SN/Legacy;Revenus;Maintenance grands comptes;Norvia Belgique SA;Wallonie;13199,69
Budget 2026;2026-02;SN/Legacy;Revenus;Maintenance grands comptes;Norvia France SAS;Hauts-de-France;12971,56
Budget 2026;2026-02;SN/Legacy;Revenus;Maintenance grands comptes;Norvia France SAS;Île-de-France;384617,69
Budget 2026;2026-02;SN/Legacy;Revenus;Maintenance PME;Norvia Belgique SA;Bruxelles;48108,59
Budget 2026;2026-02;SN/Legacy;Revenus;Maintenance PME;Norvia Belgique SA;Flandre;41846,21
Budget 2026;2026-02;SN/Legacy;Revenus;Maintenance PME;Norvia Belgique SA;Wallonie;27377,70
Budget 2026;2026-02;SN/Legacy;Revenus;Maintenance PME;Norvia France SAS;Hauts-de-France;29022,92
Budget 2026;2026-02;SN/Legacy;Revenus;Maintenance PME;Norvia France SAS;Île-de-France;53772,04
Budget 2026;2026-02;SN/Legacy;Revenus;Évolutions;Norvia Belgique SA;Bruxelles;25852,86
Budget 2026;2026-02;SN/Legacy;Revenus;Évolutions;Norvia Belgique SA;Flandre;18950,99
Budget 2026;2026-02;SN/Legacy;Revenus;Évolutions;Norvia Belgique SA;Wallonie;13022,52
Budget 2026;2026-02;SN/Legacy;Revenus;Évolutions;Norvia France SAS;Hauts-de-France;13082,50
Budget 2026;2026-02;SN/Legacy;Revenus;Évolutions;Norvia France SAS;Île-de-France;29832,67
Budget 2026;2026-02;SN/Legacy;Coûts;Équipe maintenance;Norvia Belgique SA;Bruxelles;52055,88
Budget 2026;2026-02;SN/Legacy;Coûts;Équipe maintenance;Norvia Belgique SA;Flandre;46462,03
Budget 2026;2026-02;SN/Legacy;Coûts;Équipe maintenance;Norvia Belgique SA;Wallonie;30720,43
Budget 2026;2026-02;SN/Legacy;Coûts;Équipe maintenance;Norvia France SAS;Hauts-de-France;34639,58
Budget 2026;2026-02;SN/Legacy;Coûts;Équipe maintenance;Norvia France SAS;Île-de-France;70940,43
Budget 2026;2026-02;SN/Legacy;Coûts;Sous-traitance;Norvia Belgique SA;Bruxelles;9649,38
Budget 2026;2026-02;SN/Legacy;Coûts;Sous-traitance;Norvia Belgique SA;Flandre;8142,70
Budget 2026;2026-02;SN/Legacy;Coûts;Sous-traitance;Norvia Belgique SA;Wallonie;5714,51
Budget 2026;2026-02;SN/Legacy;Coûts;Sous-traitance;Norvia France SAS;Hauts-de-France;5229,16
Budget 2026;2026-02;SN/Legacy;Coûts;Sous-traitance;Norvia France SAS;Île-de-France;71254,92
Budget 2026;2026-02;Services;Revenus;Conseil;Norvia Belgique SA;Bruxelles;155522,04
Budget 2026;2026-02;Services;Revenus;Conseil;Norvia Belgique SA;Flandre;133822,18
Budget 2026;2026-02;Services;Revenus;Conseil;Norvia Belgique SA;Wallonie;101537,32
Budget 2026;2026-02;Services;Revenus;Conseil;Norvia France SAS;Hauts-de-France;86843,47
Budget 2026;2026-02;Services;Revenus;Conseil;Norvia France SAS;Île-de-France;176711,39
Budget 2026;2026-02;Services;Revenus;Intégration;Norvia Belgique SA;Bruxelles;112207,23
Budget 2026;2026-02;Services;Revenus;Intégration;Norvia Belgique SA;Flandre;89922,24
Budget 2026;2026-02;Services;Revenus;Intégration;Norvia Belgique SA;Wallonie;64931,11
Budget 2026;2026-02;Services;Revenus;Intégration;Norvia France SAS;Hauts-de-France;64323,23
Budget 2026;2026-02;Services;Revenus;Intégration;Norvia France SAS;Île-de-France;139128,34
Budget 2026;2026-02;Services;Coûts;Consultants;Norvia Belgique SA;Bruxelles;152206,13
Budget 2026;2026-02;Services;Coûts;Consultants;Norvia Belgique SA;Flandre;144558,27
Budget 2026;2026-02;Services;Coûts;Consultants;Norvia Belgique SA;Wallonie;90135,13
Budget 2026;2026-02;Services;Coûts;Consultants;Norvia France SAS;Hauts-de-France;94716,49
Budget 2026;2026-02;Services;Coûts;Consultants;Norvia France SAS;Île-de-France;201589,69
Budget 2026;2026-02;Services;Coûts;Sous-traitance services;Norvia Belgique SA;Bruxelles;33457,91
Budget 2026;2026-02;Services;Coûts;Sous-traitance services;Norvia Belgique SA;Flandre;26705,56
Budget 2026;2026-02;Services;Coûts;Sous-traitance services;Norvia Belgique SA;Wallonie;21362,48
Budget 2026;2026-02;Services;Coûts;Sous-traitance services;Norvia France SAS;Hauts-de-France;20554,80
Budget 2026;2026-02;Services;Coûts;Sous-traitance services;Norvia France SAS;Île-de-France;39073,63
Budget 2026;2026-02;Licences;Revenus;Licences perpétuelles;Norvia Belgique SA;Bruxelles;35747,44
Budget 2026;2026-02;Licences;Revenus;Licences perpétuelles;Norvia Belgique SA;Flandre;32841,31
Budget 2026;2026-02;Licences;Revenus;Licences perpétuelles;Norvia Belgique SA;Wallonie;23990,50
Budget 2026;2026-02;Licences;Revenus;Licences perpétuelles;Norvia France SAS;Hauts-de-France;24848,01
Budget 2026;2026-02;Licences;Revenus;Licences perpétuelles;Norvia France SAS;Île-de-France;45437,95
Budget 2026;2026-02;Licences;Revenus;Renouvellements;Norvia Belgique SA;Bruxelles;71999,83
Budget 2026;2026-02;Licences;Revenus;Renouvellements;Norvia Belgique SA;Flandre;62808,93
Budget 2026;2026-02;Licences;Revenus;Renouvellements;Norvia Belgique SA;Wallonie;37693,11
Budget 2026;2026-02;Licences;Revenus;Renouvellements;Norvia France SAS;Hauts-de-France;41844,74
Budget 2026;2026-02;Licences;Revenus;Renouvellements;Norvia France SAS;Île-de-France;74485,17
Budget 2026;2026-02;Licences;Coûts;Redevances éditeurs;Norvia Belgique SA;Bruxelles;28125,18
Budget 2026;2026-02;Licences;Coûts;Redevances éditeurs;Norvia Belgique SA;Flandre;23784,05
Budget 2026;2026-02;Licences;Coûts;Redevances éditeurs;Norvia Belgique SA;Wallonie;15143,87
Budget 2026;2026-02;Licences;Coûts;Redevances éditeurs;Norvia France SAS;Hauts-de-France;14650,45
Budget 2026;2026-02;Licences;Coûts;Redevances éditeurs;Norvia France SAS;Île-de-France;30956,03
Budget 2026;2026-02;Formation;Revenus;Sessions inter;Norvia Belgique SA;Bruxelles;34264,08
Budget 2026;2026-02;Formation;Revenus;Sessions inter;Norvia Belgique SA;Flandre;31154,80
Budget 2026;2026-02;Formation;Revenus;Sessions inter;Norvia Belgique SA;Wallonie;20810,89
Budget 2026;2026-02;Formation;Revenus;Sessions inter;Norvia France SAS;Hauts-de-France;20256,38
Budget 2026;2026-02;Formation;Revenus;Sessions inter;Norvia France SAS;Île-de-France;40937,63
Budget 2026;2026-02;Formation;Revenus;Sessions intra;Norvia Belgique SA;Bruxelles;24060,14
Budget 2026;2026-02;Formation;Revenus;Sessions intra;Norvia Belgique SA;Flandre;22463,34
Budget 2026;2026-02;Formation;Revenus;Sessions intra;Norvia Belgique SA;Wallonie;15075,91
Budget 2026;2026-02;Formation;Revenus;Sessions intra;Norvia France SAS;Hauts-de-France;15989,98
Budget 2026;2026-02;Formation;Revenus;Sessions intra;Norvia France SAS;Île-de-France;32924,38
Budget 2026;2026-02;Formation;Coûts;Formateurs;Norvia Belgique SA;Bruxelles;35965,34
Budget 2026;2026-02;Formation;Coûts;Formateurs;Norvia Belgique SA;Flandre;29090,79
Budget 2026;2026-02;Formation;Coûts;Formateurs;Norvia Belgique SA;Wallonie;18645,74
Budget 2026;2026-02;Formation;Coûts;Formateurs;Norvia France SAS;Hauts-de-France;21191,02
Budget 2026;2026-02;Formation;Coûts;Formateurs;Norvia France SAS;Île-de-France;40644,97
Budget 2026;2026-02;Formation;Coûts;Salles et logistique;Norvia Belgique SA;Bruxelles;12979,16
Budget 2026;2026-02;Formation;Coûts;Salles et logistique;Norvia Belgique SA;Flandre;10861,15
Budget 2026;2026-02;Formation;Coûts;Salles et logistique;Norvia Belgique SA;Wallonie;8319,74
Budget 2026;2026-02;Formation;Coûts;Salles et logistique;Norvia France SAS;Hauts-de-France;7861,05
Budget 2026;2026-02;Formation;Coûts;Salles et logistique;Norvia France SAS;Île-de-France;14695,18
Budget 2026;2026-03;Cloud;Revenus;Abonnements SaaS;Norvia Belgique SA;Bruxelles;114767,67
Budget 2026;2026-03;Cloud;Revenus;Abonnements SaaS;Norvia Belgique SA;Flandre;104071,53
Budget 2026;2026-03;Cloud;Revenus;Abonnements SaaS;Norvia Belgique SA;Wallonie;66961,52
Budget 2026;2026-03;Cloud;Revenus;Abonnements SaaS;Norvia France SAS;Hauts-de-France;69837,68
Budget 2026;2026-03;Cloud;Revenus;Abonnements SaaS;Norvia France SAS;Île-de-France;126348,33
Budget 2026;2026-03;Cloud;Revenus;Mise en service;Norvia Belgique SA;Bruxelles;31739,96
Budget 2026;2026-03;Cloud;Revenus;Mise en service;Norvia Belgique SA;Flandre;26929,39
Budget 2026;2026-03;Cloud;Revenus;Mise en service;Norvia Belgique SA;Wallonie;18691,17
Budget 2026;2026-03;Cloud;Revenus;Mise en service;Norvia France SAS;Hauts-de-France;19904,76
Budget 2026;2026-03;Cloud;Revenus;Mise en service;Norvia France SAS;Île-de-France;40354,53
Budget 2026;2026-03;Cloud;Revenus;Hébergement managé;Norvia Belgique SA;Bruxelles;26686,13
Budget 2026;2026-03;Cloud;Revenus;Hébergement managé;Norvia Belgique SA;Flandre;20216,88
Budget 2026;2026-03;Cloud;Revenus;Hébergement managé;Norvia Belgique SA;Wallonie;13838,98
Budget 2026;2026-03;Cloud;Revenus;Hébergement managé;Norvia France SAS;Hauts-de-France;13895,64
Budget 2026;2026-03;Cloud;Revenus;Hébergement managé;Norvia France SAS;Île-de-France;28127,87
Budget 2026;2026-03;Cloud;Coûts;Coûts d'hébergement;Norvia Belgique SA;Bruxelles;50956,08
Budget 2026;2026-03;Cloud;Coûts;Coûts d'hébergement;Norvia Belgique SA;Flandre;37421,87
Budget 2026;2026-03;Cloud;Coûts;Coûts d'hébergement;Norvia Belgique SA;Wallonie;28675,90
Budget 2026;2026-03;Cloud;Coûts;Coûts d'hébergement;Norvia France SAS;Hauts-de-France;28122,96
Budget 2026;2026-03;Cloud;Coûts;Coûts d'hébergement;Norvia France SAS;Île-de-France;58071,25
Budget 2026;2026-03;Cloud;Coûts;Support N2;Norvia Belgique SA;Bruxelles;15972,62
Budget 2026;2026-03;Cloud;Coûts;Support N2;Norvia Belgique SA;Flandre;12641,13
Budget 2026;2026-03;Cloud;Coûts;Support N2;Norvia Belgique SA;Wallonie;9011,72
Budget 2026;2026-03;Cloud;Coûts;Support N2;Norvia France SAS;Hauts-de-France;8886,92
Budget 2026;2026-03;Cloud;Coûts;Support N2;Norvia France SAS;Île-de-France;17920,73
Budget 2026;2026-03;SN/Legacy;Revenus;Maintenance grands comptes;Norvia Belgique SA;Bruxelles;23213,07
Budget 2026;2026-03;SN/Legacy;Revenus;Maintenance grands comptes;Norvia Belgique SA;Flandre;17441,07
Budget 2026;2026-03;SN/Legacy;Revenus;Maintenance grands comptes;Norvia Belgique SA;Wallonie;13530,83
Budget 2026;2026-03;SN/Legacy;Revenus;Maintenance grands comptes;Norvia France SAS;Hauts-de-France;12315,87
Budget 2026;2026-03;SN/Legacy;Revenus;Maintenance grands comptes;Norvia France SAS;Île-de-France;23818,45
Budget 2026;2026-03;SN/Legacy;Revenus;Maintenance PME;Norvia Belgique SA;Bruxelles;47207,18
Budget 2026;2026-03;SN/Legacy;Revenus;Maintenance PME;Norvia Belgique SA;Flandre;38141,94
Budget 2026;2026-03;SN/Legacy;Revenus;Maintenance PME;Norvia Belgique SA;Wallonie;27530,20
Budget 2026;2026-03;SN/Legacy;Revenus;Maintenance PME;Norvia France SAS;Hauts-de-France;27956,17
Budget 2026;2026-03;SN/Legacy;Revenus;Maintenance PME;Norvia France SAS;Île-de-France;58852,50
Budget 2026;2026-03;SN/Legacy;Revenus;Évolutions;Norvia Belgique SA;Bruxelles;23092,54
Budget 2026;2026-03;SN/Legacy;Revenus;Évolutions;Norvia Belgique SA;Flandre;20909,01
Budget 2026;2026-03;SN/Legacy;Revenus;Évolutions;Norvia Belgique SA;Wallonie;14870,55
Budget 2026;2026-03;SN/Legacy;Revenus;Évolutions;Norvia France SAS;Hauts-de-France;14217,65
Budget 2026;2026-03;SN/Legacy;Revenus;Évolutions;Norvia France SAS;Île-de-France;27252,49
Budget 2026;2026-03;SN/Legacy;Coûts;Équipe maintenance;Norvia Belgique SA;Bruxelles;54964,33
Budget 2026;2026-03;SN/Legacy;Coûts;Équipe maintenance;Norvia Belgique SA;Flandre;49425,56
Budget 2026;2026-03;SN/Legacy;Coûts;Équipe maintenance;Norvia Belgique SA;Wallonie;30397,20
Budget 2026;2026-03;SN/Legacy;Coûts;Équipe maintenance;Norvia France SAS;Hauts-de-France;33975,44
Budget 2026;2026-03;SN/Legacy;Coûts;Équipe maintenance;Norvia France SAS;Île-de-France;67003
Budget 2026;2026-03;SN/Legacy;Coûts;Sous-traitance;Norvia Belgique SA;Bruxelles;9011,27
Budget 2026;2026-03;SN/Legacy;Coûts;Sous-traitance;Norvia Belgique SA;Flandre;7684,95
Budget 2026;2026-03;SN/Legacy;Coûts;Sous-traitance;Norvia Belgique SA;Wallonie;5617,80
Budget 2026;2026-03;SN/Legacy;Coûts;Sous-traitance;Norvia France SAS;Hauts-de-France;5769,07
Budget 2026;2026-03;SN/Legacy;Coûts;Sous-traitance;Norvia France SAS;Île-de-France;11775,89
Budget 2026;2026-03;Services;Revenus;Conseil;Norvia Belgique SA;Bruxelles;163896,39
Budget 2026;2026-03;Services;Revenus;Conseil;Norvia Belgique SA;Flandre;134466,32
Budget 2026;2026-03;Services;Revenus;Conseil;Norvia Belgique SA;Wallonie;90228,88
Budget 2026;2026-03;Services;Revenus;Conseil;Norvia France SAS;Hauts-de-France;102422,12
Budget 2026;2026-03;Services;Revenus;Conseil;Norvia France SAS;Île-de-France;198110,10
Budget 2026;2026-03;Services;Revenus;Intégration;Norvia Belgique SA;Bruxelles;121808,82
Budget 2026;2026-03;Services;Revenus;Intégration;Norvia Belgique SA;Flandre;96000,06
Budget 2026;2026-03;Services;Revenus;Intégration;Norvia Belgique SA;Wallonie;69228,87
Budget 2026;2026-03;Services;Revenus;Intégration;Norvia France SAS;Hauts-de-France;72929,68
Budget 2026;2026-03;Services;Revenus;Intégration;Norvia France SAS;Île-de-France;136871,68
Budget 2026;2026-03;Services;Coûts;Consultants;Norvia Belgique SA;Bruxelles;180069,04
Budget 2026;2026-03;Services;Coûts;Consultants;Norvia Belgique SA;Flandre;138238,51
Budget 2026;2026-03;Services;Coûts;Consultants;Norvia Belgique SA;Wallonie;96372,75
Budget 2026;2026-03;Services;Coûts;Consultants;Norvia France SAS;Hauts-de-France;107052,98
Budget 2026;2026-03;Services;Coûts;Consultants;Norvia France SAS;Île-de-France;206069,16
Budget 2026;2026-03;Services;Coûts;Sous-traitance services;Norvia Belgique SA;Bruxelles;33276,17
Budget 2026;2026-03;Services;Coûts;Sous-traitance services;Norvia Belgique SA;Flandre;29188,03
Budget 2026;2026-03;Services;Coûts;Sous-traitance services;Norvia Belgique SA;Wallonie;20511,73
Budget 2026;2026-03;Services;Coûts;Sous-traitance services;Norvia France SAS;Hauts-de-France;21760,63
Budget 2026;2026-03;Services;Coûts;Sous-traitance services;Norvia France SAS;Île-de-France;42429,90
Budget 2026;2026-03;Licences;Revenus;Licences perpétuelles;Norvia Belgique SA;Bruxelles;49452,04
Budget 2026;2026-03;Licences;Revenus;Licences perpétuelles;Norvia Belgique SA;Flandre;38160,12
Budget 2026;2026-03;Licences;Revenus;Licences perpétuelles;Norvia Belgique SA;Wallonie;28266,94
Budget 2026;2026-03;Licences;Revenus;Licences perpétuelles;Norvia France SAS;Hauts-de-France;27527,58
Budget 2026;2026-03;Licences;Revenus;Licences perpétuelles;Norvia France SAS;Île-de-France;58104,82
Budget 2026;2026-03;Licences;Revenus;Renouvellements;Norvia Belgique SA;Bruxelles;81804,46
Budget 2026;2026-03;Licences;Revenus;Renouvellements;Norvia Belgique SA;Flandre;72982,74
Budget 2026;2026-03;Licences;Revenus;Renouvellements;Norvia Belgique SA;Wallonie;51990,99
Budget 2026;2026-03;Licences;Revenus;Renouvellements;Norvia France SAS;Hauts-de-France;50337,73
Budget 2026;2026-03;Licences;Revenus;Renouvellements;Norvia France SAS;Île-de-France;103383,90
Budget 2026;2026-03;Licences;Coûts;Redevances éditeurs;Norvia Belgique SA;Bruxelles;35371,44
Budget 2026;2026-03;Licences;Coûts;Redevances éditeurs;Norvia Belgique SA;Flandre;27862,81
Budget 2026;2026-03;Licences;Coûts;Redevances éditeurs;Norvia Belgique SA;Wallonie;18589,54
Budget 2026;2026-03;Licences;Coûts;Redevances éditeurs;Norvia France SAS;Hauts-de-France;19702,06
Budget 2026;2026-03;Licences;Coûts;Redevances éditeurs;Norvia France SAS;Île-de-France;39294,43
Budget 2026;2026-03;Formation;Revenus;Sessions inter;Norvia Belgique SA;Bruxelles;37828,42
Budget 2026;2026-03;Formation;Revenus;Sessions inter;Norvia Belgique SA;Flandre;30519,78
Budget 2026;2026-03;Formation;Revenus;Sessions inter;Norvia Belgique SA;Wallonie;22571,38
Budget 2026;2026-03;Formation;Revenus;Sessions inter;Norvia France SAS;Hauts-de-France;24803,27
Budget 2026;2026-03;Formation;Revenus;Sessions inter;Norvia France SAS;Île-de-France;43238,41
Budget 2026;2026-03;Formation;Revenus;Sessions intra;Norvia Belgique SA;Bruxelles;30744,35
Budget 2026;2026-03;Formation;Revenus;Sessions intra;Norvia Belgique SA;Flandre;25232,21
Budget 2026;2026-03;Formation;Revenus;Sessions intra;Norvia Belgique SA;Wallonie;15344,79
Budget 2026;2026-03;Formation;Revenus;Sessions intra;Norvia France SAS;Hauts-de-France;17696,75
Budget 2026;2026-03;Formation;Revenus;Sessions intra;Norvia France SAS;Île-de-France;31790,95
Budget 2026;2026-03;Formation;Coûts;Formateurs;Norvia Belgique SA;Bruxelles;37085,29
Budget 2026;2026-03;Formation;Coûts;Formateurs;Norvia Belgique SA;Flandre;32899,28
Budget 2026;2026-03;Formation;Coûts;Formateurs;Norvia Belgique SA;Wallonie;21725,20
Budget 2026;2026-03;Formation;Coûts;Formateurs;Norvia France SAS;Hauts-de-France;23489,11
Budget 2026;2026-03;Formation;Coûts;Formateurs;Norvia France SAS;Île-de-France;44094,44
Budget 2026;2026-03;Formation;Coûts;Salles et logistique;Norvia Belgique SA;Bruxelles;13332,14
Budget 2026;2026-03;Formation;Coûts;Salles et logistique;Norvia Belgique SA;Flandre;11515,53
Budget 2026;2026-03;Formation;Coûts;Salles et logistique;Norvia Belgique SA;Wallonie;8451,71
Budget 2026;2026-03;Formation;Coûts;Salles et logistique;Norvia France SAS;Hauts-de-France;8790,86
Budget 2026;2026-03;Formation;Coûts;Salles et logistique;Norvia France SAS;Île-de-France;17878,96
Budget 2026;2026-04;Cloud;Revenus;Abonnements SaaS;Norvia Belgique SA;Bruxelles;112801,49
Budget 2026;2026-04;Cloud;Revenus;Abonnements SaaS;Norvia Belgique SA;Flandre;93229,29
Budget 2026;2026-04;Cloud;Revenus;Abonnements SaaS;Norvia Belgique SA;Wallonie;71918,79
Budget 2026;2026-04;Cloud;Revenus;Abonnements SaaS;Norvia France SAS;Hauts-de-France;72705,86
Budget 2026;2026-04;Cloud;Revenus;Abonnements SaaS;Norvia France SAS;Île-de-France;149540,31
Budget 2026;2026-04;Cloud;Revenus;Mise en service;Norvia Belgique SA;Bruxelles;33804,70
Budget 2026;2026-04;Cloud;Revenus;Mise en service;Norvia Belgique SA;Flandre;27106,13
Budget 2026;2026-04;Cloud;Revenus;Mise en service;Norvia Belgique SA;Wallonie;20911,97
Budget 2026;2026-04;Cloud;Revenus;Mise en service;Norvia France SAS;Hauts-de-France;19597,98
Budget 2026;2026-04;Cloud;Revenus;Mise en service;Norvia France SAS;Île-de-France;41523,89
Budget 2026;2026-04;Cloud;Revenus;Hébergement managé;Norvia Belgique SA;Bruxelles;25851,47
Budget 2026;2026-04;Cloud;Revenus;Hébergement managé;Norvia Belgique SA;Flandre;21966,65
Budget 2026;2026-04;Cloud;Revenus;Hébergement managé;Norvia Belgique SA;Wallonie;15247,99
Budget 2026;2026-04;Cloud;Revenus;Hébergement managé;Norvia France SAS;Hauts-de-France;14435,94
Budget 2026;2026-04;Cloud;Revenus;Hébergement managé;Norvia France SAS;Île-de-France;28868,31
Budget 2026;2026-04;Cloud;Coûts;Coûts d'hébergement;Norvia Belgique SA;Bruxelles;52191,61
Budget 2026;2026-04;Cloud;Coûts;Coûts d'hébergement;Norvia Belgique SA;Flandre;43966,22
Budget 2026;2026-04;Cloud;Coûts;Coûts d'hébergement;Norvia Belgique SA;Wallonie;31450,15
Budget 2026;2026-04;Cloud;Coûts;Coûts d'hébergement;Norvia France SAS;Hauts-de-France;28199,03
Budget 2026;2026-04;Cloud;Coûts;Coûts d'hébergement;Norvia France SAS;Île-de-France;54987,66
Budget 2026;2026-04;Cloud;Coûts;Support N2;Norvia Belgique SA;Bruxelles;16229,60
Budget 2026;2026-04;Cloud;Coûts;Support N2;Norvia Belgique SA;Flandre;13303,68
Budget 2026;2026-04;Cloud;Coûts;Support N2;Norvia Belgique SA;Wallonie;9024,57
Budget 2026;2026-04;Cloud;Coûts;Support N2;Norvia France SAS;Hauts-de-France;9330,24
Budget 2026;2026-04;Cloud;Coûts;Support N2;Norvia France SAS;Île-de-France;18413,79
Budget 2026;2026-04;SN/Legacy;Revenus;Maintenance grands comptes;Norvia Belgique SA;Bruxelles;21402,44
Budget 2026;2026-04;SN/Legacy;Revenus;Maintenance grands comptes;Norvia Belgique SA;Flandre;18802,11
Budget 2026;2026-04;SN/Legacy;Revenus;Maintenance grands comptes;Norvia Belgique SA;Wallonie;12648,81
Budget 2026;2026-04;SN/Legacy;Revenus;Maintenance grands comptes;Norvia France SAS;Hauts-de-France;12834,27
Budget 2026;2026-04;SN/Legacy;Revenus;Maintenance grands comptes;Norvia France SAS;Île-de-France;24076,13
Budget 2026;2026-04;SN/Legacy;Revenus;Maintenance PME;Norvia Belgique SA;Bruxelles;48989,89
Budget 2026;2026-04;SN/Legacy;Revenus;Maintenance PME;Norvia Belgique SA;Flandre;41713,84
Budget 2026;2026-04;SN/Legacy;Revenus;Maintenance PME;Norvia Belgique SA;Wallonie;27455,80
Budget 2026;2026-04;SN/Legacy;Revenus;Maintenance PME;Norvia France SAS;Hauts-de-France;26845,67
Budget 2026;2026-04;SN/Legacy;Revenus;Maintenance PME;Norvia France SAS;Île-de-France;56690,69
Budget 2026;2026-04;SN/Legacy;Revenus;Évolutions;Norvia Belgique SA;Bruxelles;24939,73
Budget 2026;2026-04;SN/Legacy;Revenus;Évolutions;Norvia Belgique SA;Flandre;19034,11
Budget 2026;2026-04;SN/Legacy;Revenus;Évolutions;Norvia Belgique SA;Wallonie;13630,21
Budget 2026;2026-04;SN/Legacy;Revenus;Évolutions;Norvia France SAS;Hauts-de-France;15234,43
Budget 2026;2026-04;SN/Legacy;Revenus;Évolutions;Norvia France SAS;Île-de-France;27274,19
Budget 2026;2026-04;SN/Legacy;Coûts;Équipe maintenance;Norvia Belgique SA;Bruxelles;60813,86
Budget 2026;2026-04;SN/Legacy;Coûts;Équipe maintenance;Norvia Belgique SA;Flandre;44449,79
Budget 2026;2026-04;SN/Legacy;Coûts;Équipe maintenance;Norvia Belgique SA;Wallonie;31727,98
Budget 2026;2026-04;SN/Legacy;Coûts;Équipe maintenance;Norvia France SAS;Hauts-de-France;34671,54
Budget 2026;2026-04;SN/Legacy;Coûts;Équipe maintenance;Norvia France SAS;Île-de-France;60642,49
Budget 2026;2026-04;SN/Legacy;Coûts;Sous-traitance;Norvia Belgique SA;Bruxelles;9464,40
Budget 2026;2026-04;SN/Legacy;Coûts;Sous-traitance;Norvia Belgique SA;Flandre;7817,32
Budget 2026;2026-04;SN/Legacy;Coûts;Sous-traitance;Norvia Belgique SA;Wallonie;5859,24
Budget 2026;2026-04;SN/Legacy;Coûts;Sous-traitance;Norvia France SAS;Hauts-de-France;5754,61
Budget 2026;2026-04;SN/Legacy;Coûts;Sous-traitance;Norvia France SAS;Île-de-France;10999,48
Budget 2026;2026-04;Services;Revenus;Conseil;Norvia Belgique SA;Bruxelles;156169,03
Budget 2026;2026-04;Services;Revenus;Conseil;Norvia Belgique SA;Flandre;120686,40
Budget 2026;2026-04;Services;Revenus;Conseil;Norvia Belgique SA;Wallonie;97373,17
Budget 2026;2026-04;Services;Revenus;Conseil;Norvia France SAS;Hauts-de-France;93657,30
Budget 2026;2026-04;Services;Revenus;Conseil;Norvia France SAS;Île-de-France;190932,25
Budget 2026;2026-04;Services;Revenus;Intégration;Norvia Belgique SA;Bruxelles;119900,21
Budget 2026;2026-04;Services;Revenus;Intégration;Norvia Belgique SA;Flandre;86148,41
Budget 2026;2026-04;Services;Revenus;Intégration;Norvia Belgique SA;Wallonie;61034,73
Budget 2026;2026-04;Services;Revenus;Intégration;Norvia France SAS;Hauts-de-France;69662,23
Budget 2026;2026-04;Services;Revenus;Intégration;Norvia France SAS;Île-de-France;133687,06
Budget 2026;2026-04;Services;Coûts;Consultants;Norvia Belgique SA;Bruxelles;152454,80
Budget 2026;2026-04;Services;Coûts;Consultants;Norvia Belgique SA;Flandre;136642,02
Budget 2026;2026-04;Services;Coûts;Consultants;Norvia Belgique SA;Wallonie;97090,75
Budget 2026;2026-04;Services;Coûts;Consultants;Norvia France SAS;Hauts-de-France;102120,34
Budget 2026;2026-04;Services;Coûts;Consultants;Norvia France SAS;Île-de-France;209074,70
Budget 2026;2026-04;Services;Coûts;Sous-traitance services;Norvia Belgique SA;Bruxelles;34182,67
Budget 2026;2026-04;Services;Coûts;Sous-traitance services;Norvia Belgique SA;Flandre;29725,16
Budget 2026;2026-04;Services;Coûts;Sous-traitance services;Norvia Belgique SA;Wallonie;17952,35
Budget 2026;2026-04;Services;Coûts;Sous-traitance services;Norvia France SAS;Hauts-de-France;18257,98
Budget 2026;2026-04;Services;Coûts;Sous-traitance services;Norvia France SAS;Île-de-France;41541,09
Budget 2026;2026-04;Licences;Revenus;Licences perpétuelles;Norvia Belgique SA;Bruxelles;43848,59
Budget 2026;2026-04;Licences;Revenus;Licences perpétuelles;Norvia Belgique SA;Flandre;32227,44
Budget 2026;2026-04;Licences;Revenus;Licences perpétuelles;Norvia Belgique SA;Wallonie;23216,32
Budget 2026;2026-04;Licences;Revenus;Licences perpétuelles;Norvia France SAS;Hauts-de-France;25795,86
Budget 2026;2026-04;Licences;Revenus;Licences perpétuelles;Norvia France SAS;Île-de-France;47079,37
Budget 2026;2026-04;Licences;Revenus;Renouvellements;Norvia Belgique SA;Bruxelles;67772,55
Budget 2026;2026-04;Licences;Revenus;Renouvellements;Norvia Belgique SA;Flandre;66249,82
Budget 2026;2026-04;Licences;Revenus;Renouvellements;Norvia Belgique SA;Wallonie;40390,75
Budget 2026;2026-04;Licences;Revenus;Renouvellements;Norvia France SAS;Hauts-de-France;45558,97
Budget 2026;2026-04;Licences;Revenus;Renouvellements;Norvia France SAS;Île-de-France;87878,93
Budget 2026;2026-04;Licences;Coûts;Redevances éditeurs;Norvia Belgique SA;Bruxelles;27464,58
Budget 2026;2026-04;Licences;Coûts;Redevances éditeurs;Norvia Belgique SA;Flandre;23298,51
Budget 2026;2026-04;Licences;Coûts;Redevances éditeurs;Norvia Belgique SA;Wallonie;16457,48
Budget 2026;2026-04;Licences;Coûts;Redevances éditeurs;Norvia France SAS;Hauts-de-France;16888,50
Budget 2026;2026-04;Licences;Coûts;Redevances éditeurs;Norvia France SAS;Île-de-France;34973,04
Budget 2026;2026-04;Formation;Revenus;Sessions inter;Norvia Belgique SA;Bruxelles;36275,26
Budget 2026;2026-04;Formation;Revenus;Sessions inter;Norvia Belgique SA;Flandre;32832,60
Budget 2026;2026-04;Formation;Revenus;Sessions inter;Norvia Belgique SA;Wallonie;22656,39
Budget 2026;2026-04;Formation;Revenus;Sessions inter;Norvia France SAS;Hauts-de-France;20878,71
Budget 2026;2026-04;Formation;Revenus;Sessions inter;Norvia France SAS;Île-de-France;41661,92
Budget 2026;2026-04;Formation;Revenus;Sessions intra;Norvia Belgique SA;Bruxelles;27364,59
Budget 2026;2026-04;Formation;Revenus;Sessions intra;Norvia Belgique SA;Flandre;21858,44
Budget 2026;2026-04;Formation;Revenus;Sessions intra;Norvia Belgique SA;Wallonie;16165,30
Budget 2026;2026-04;Formation;Revenus;Sessions intra;Norvia France SAS;Hauts-de-France;16658,13
Budget 2026;2026-04;Formation;Revenus;Sessions intra;Norvia France SAS;Île-de-France;32439,15
Budget 2026;2026-04;Formation;Coûts;Formateurs;Norvia Belgique SA;Bruxelles;37674,43
Budget 2026;2026-04;Formation;Coûts;Formateurs;Norvia Belgique SA;Flandre;31398,55
Budget 2026;2026-04;Formation;Coûts;Formateurs;Norvia Belgique SA;Wallonie;21358,47
Budget 2026;2026-04;Formation;Coûts;Formateurs;Norvia France SAS;Hauts-de-France;19344,99
Budget 2026;2026-04;Formation;Coûts;Formateurs;Norvia France SAS;Île-de-France;43264,42
Budget 2026;2026-04;Formation;Coûts;Salles et logistique;Norvia Belgique SA;Bruxelles;14454,31
Budget 2026;2026-04;Formation;Coûts;Salles et logistique;Norvia Belgique SA;Flandre;11237,89
Budget 2026;2026-04;Formation;Coûts;Salles et logistique;Norvia Belgique SA;Wallonie;8808,35
Budget 2026;2026-04;Formation;Coûts;Salles et logistique;Norvia France SAS;Hauts-de-France;7846,92
Budget 2026;2026-04;Formation;Coûts;Salles et logistique;Norvia France SAS;Île-de-France;15307,36
Budget 2026;2026-05;Cloud;Revenus;Abonnements SaaS;Norvia Belgique SA;Bruxelles;119666,97
Budget 2026;2026-05;Cloud;Revenus;Abonnements SaaS;Norvia Belgique SA;Flandre;107998,09
Budget 2026;2026-05;Cloud;Revenus;Abonnements SaaS;Norvia Belgique SA;Wallonie;74419,65
Budget 2026;2026-05;Cloud;Revenus;Abonnements SaaS;Norvia France SAS;Hauts-de-France;71895,46
Budget 2026;2026-05;Cloud;Revenus;Abonnements SaaS;Norvia France SAS;Île-de-France;155513,81
Budget 2026;2026-05;Cloud;Revenus;Mise en service;Norvia Belgique SA;Bruxelles;35846,53
Budget 2026;2026-05;Cloud;Revenus;Mise en service;Norvia Belgique SA;Flandre;27493,66
Budget 2026;2026-05;Cloud;Revenus;Mise en service;Norvia Belgique SA;Wallonie;19751,72
Budget 2026;2026-05;Cloud;Revenus;Mise en service;Norvia France SAS;Hauts-de-France;20597,32
Budget 2026;2026-05;Cloud;Revenus;Mise en service;Norvia France SAS;Île-de-France;44380,88
Budget 2026;2026-05;Cloud;Revenus;Hébergement managé;Norvia Belgique SA;Bruxelles;25274,93
Budget 2026;2026-05;Cloud;Revenus;Hébergement managé;Norvia Belgique SA;Flandre;22876,85
Budget 2026;2026-05;Cloud;Revenus;Hébergement managé;Norvia Belgique SA;Wallonie;16288,63
Budget 2026;2026-05;Cloud;Revenus;Hébergement managé;Norvia France SAS;Hauts-de-France;15116,86
Budget 2026;2026-05;Cloud;Revenus;Hébergement managé;Norvia France SAS;Île-de-France;31504,36
Budget 2026;2026-05;Cloud;Coûts;Coûts d'hébergement;Norvia Belgique SA;Bruxelles;56115,15
Budget 2026;2026-05;Cloud;Coûts;Coûts d'hébergement;Norvia Belgique SA;Flandre;42175,05
Budget 2026;2026-05;Cloud;Coûts;Coûts d'hébergement;Norvia Belgique SA;Wallonie;29241,63
Budget 2026;2026-05;Cloud;Coûts;Coûts d'hébergement;Norvia France SAS;Hauts-de-France;33396
Budget 2026;2026-05;Cloud;Coûts;Coûts d'hébergement;Norvia France SAS;Île-de-France;58027,10
Budget 2026;2026-05;Cloud;Coûts;Support N2;Norvia Belgique SA;Bruxelles;15983,75
Budget 2026;2026-05;Cloud;Coûts;Support N2;Norvia Belgique SA;Flandre;13108,77
Budget 2026;2026-05;Cloud;Coûts;Support N2;Norvia Belgique SA;Wallonie;10014,42
Budget 2026;2026-05;Cloud;Coûts;Support N2;Norvia France SAS;Hauts-de-France;9207,57
Budget 2026;2026-05;Cloud;Coûts;Support N2;Norvia France SAS;Île-de-France;18723,93
Budget 2026;2026-05;SN/Legacy;Revenus;Maintenance grands comptes;Norvia Belgique SA;Bruxelles;22466,96
Budget 2026;2026-05;SN/Legacy;Revenus;Maintenance grands comptes;Norvia Belgique SA;Flandre;17886,77
Budget 2026;2026-05;SN/Legacy;Revenus;Maintenance grands comptes;Norvia Belgique SA;Wallonie;12274,84
Budget 2026;2026-05;SN/Legacy;Revenus;Maintenance grands comptes;Norvia France SAS;Hauts-de-France;11405,65
Budget 2026;2026-05;SN/Legacy;Revenus;Maintenance grands comptes;Norvia France SAS;Île-de-France;26230,36
Budget 2026;2026-05;SN/Legacy;Revenus;Maintenance PME;Norvia Belgique SA;Bruxelles;47136,55
Budget 2026;2026-05;SN/Legacy;Revenus;Maintenance PME;Norvia Belgique SA;Flandre;40318,19
Budget 2026;2026-05;SN/Legacy;Revenus;Maintenance PME;Norvia Belgique SA;Wallonie;27011,71
Budget 2026;2026-05;SN/Legacy;Revenus;Maintenance PME;Norvia France SAS;Hauts-de-France;28167,35
Budget 2026;2026-05;SN/Legacy;Revenus;Maintenance PME;Norvia France SAS;Île-de-France;57453,37
Budget 2026;2026-05;SN/Legacy;Revenus;Évolutions;Norvia Belgique SA;Bruxelles;25384,14
Budget 2026;2026-05;SN/Legacy;Revenus;Évolutions;Norvia Belgique SA;Flandre;20100,53
Budget 2026;2026-05;SN/Legacy;Revenus;Évolutions;Norvia Belgique SA;Wallonie;13786,52
Budget 2026;2026-05;SN/Legacy;Revenus;Évolutions;Norvia France SAS;Hauts-de-France;13593,98
Budget 2026;2026-05;SN/Legacy;Revenus;Évolutions;Norvia France SAS;Île-de-France;26906,15
Budget 2026;2026-05;SN/Legacy;Coûts;Équipe maintenance;Norvia Belgique SA;Bruxelles;53337,59
Budget 2026;2026-05;SN/Legacy;Coûts;Équipe maintenance;Norvia Belgique SA;Flandre;49729,12
Budget 2026;2026-05;SN/Legacy;Coûts;Équipe maintenance;Norvia Belgique SA;Wallonie;32208,69
Budget 2026;2026-05;SN/Legacy;Coûts;Équipe maintenance;Norvia France SAS;Hauts-de-France;30693,54
Budget 2026;2026-05;SN/Legacy;Coûts;Équipe maintenance;Norvia France SAS;Île-de-France;65897,66
Budget 2026;2026-05;SN/Legacy;Coûts;Sous-traitance;Norvia Belgique SA;Bruxelles;9766,93
Budget 2026;2026-05;SN/Legacy;Coûts;Sous-traitance;Norvia Belgique SA;Flandre;7862,59
Budget 2026;2026-05;SN/Legacy;Coûts;Sous-traitance;Norvia Belgique SA;Wallonie;5317,93
Budget 2026;2026-05;SN/Legacy;Coûts;Sous-traitance;Norvia France SAS;Hauts-de-France;5705,42
Budget 2026;2026-05;SN/Legacy;Coûts;Sous-traitance;Norvia France SAS;Île-de-France;11559,54
Budget 2026;2026-05;Services;Revenus;Conseil;Norvia Belgique SA;Bruxelles;151249,43
Budget 2026;2026-05;Services;Revenus;Conseil;Norvia Belgique SA;Flandre;131435,50
Budget 2026;2026-05;Services;Revenus;Conseil;Norvia Belgique SA;Wallonie;100127,19
Budget 2026;2026-05;Services;Revenus;Conseil;Norvia France SAS;Hauts-de-France;97226,57
Budget 2026;2026-05;Services;Revenus;Conseil;Norvia France SAS;Île-de-France;175694,30
Budget 2026;2026-05;Services;Revenus;Intégration;Norvia Belgique SA;Bruxelles;109591,61
Budget 2026;2026-05;Services;Revenus;Intégration;Norvia Belgique SA;Flandre;99630,93
Budget 2026;2026-05;Services;Revenus;Intégration;Norvia Belgique SA;Wallonie;64028,85
Budget 2026;2026-05;Services;Revenus;Intégration;Norvia France SAS;Hauts-de-France;64084,88
Budget 2026;2026-05;Services;Revenus;Intégration;Norvia France SAS;Île-de-France;132492,73
Budget 2026;2026-05;Services;Coûts;Consultants;Norvia Belgique SA;Bruxelles;168525,57
Budget 2026;2026-05;Services;Coûts;Consultants;Norvia Belgique SA;Flandre;130104,76
Budget 2026;2026-05;Services;Coûts;Consultants;Norvia Belgique SA;Wallonie;97404,04
Budget 2026;2026-05;Services;Coûts;Consultants;Norvia France SAS;Hauts-de-France;104471,96
Budget 2026;2026-05;Services;Coûts;Consultants;Norvia France SAS;Île-de-France;183648,20
Budget 2026;2026-05;Services;Coûts;Sous-traitance services;Norvia Belgique SA;Bruxelles;33294,36
Budget 2026;2026-05;Services;Coûts;Sous-traitance services;Norvia Belgique SA;Flandre;27971,46
Budget 2026;2026-05;Services;Coûts;Sous-traitance services;Norvia Belgique SA;Wallonie;18934,20
Budget 2026;2026-05;Services;Coûts;Sous-traitance services;Norvia France SAS;Hauts-de-France;17161,35
Budget 2026;2026-05;Services;Coûts;Sous-traitance services;Norvia France SAS;Île-de-France;39633,41
Budget 2026;2026-05;Licences;Revenus;Licences perpétuelles;Norvia Belgique SA;Bruxelles;40341,31
Budget 2026;2026-05;Licences;Revenus;Licences perpétuelles;Norvia Belgique SA;Flandre;34569,46
Budget 2026;2026-05;Licences;Revenus;Licences perpétuelles;Norvia Belgique SA;Wallonie;22379,16
Budget 2026;2026-05;Licences;Revenus;Licences perpétuelles;Norvia France SAS;Hauts-de-France;24830,94
Budget 2026;2026-05;Licences;Revenus;Licences perpétuelles;Norvia France SAS;Île-de-France;49726,14
Budget 2026;2026-05;Licences;Revenus;Renouvellements;Norvia Belgique SA;Bruxelles;72326,75
Budget 2026;2026-05;Licences;Revenus;Renouvellements;Norvia Belgique SA;Flandre;61309,61
Budget 2026;2026-05;Licences;Revenus;Renouvellements;Norvia Belgique SA;Wallonie;41887,02
Budget 2026;2026-05;Licences;Revenus;Renouvellements;Norvia France SAS;Hauts-de-France;42084,95
Budget 2026;2026-05;Licences;Revenus;Renouvellements;Norvia France SAS;Île-de-France;89796,55
Budget 2026;2026-05;Licences;Coûts;Redevances éditeurs;Norvia Belgique SA;Bruxelles;30236,35
Budget 2026;2026-05;Licences;Coûts;Redevances éditeurs;Norvia Belgique SA;Flandre;25531,03
Budget 2026;2026-05;Licences;Coûts;Redevances éditeurs;Norvia Belgique SA;Wallonie;15669,36
Budget 2026;2026-05;Licences;Coûts;Redevances éditeurs;Norvia France SAS;Hauts-de-France;17169,12
Budget 2026;2026-05;Licences;Coûts;Redevances éditeurs;Norvia France SAS;Île-de-France;32036,93
Budget 2026;2026-05;Formation;Revenus;Sessions inter;Norvia Belgique SA;Bruxelles;34651,39
Budget 2026;2026-05;Formation;Revenus;Sessions inter;Norvia Belgique SA;Flandre;29039,42
Budget 2026;2026-05;Formation;Revenus;Sessions inter;Norvia Belgique SA;Wallonie;21108,58
Budget 2026;2026-05;Formation;Revenus;Sessions inter;Norvia France SAS;Hauts-de-France;21281,21
Budget 2026;2026-05;Formation;Revenus;Sessions inter;Norvia France SAS;Île-de-France;39365,52
Budget 2026;2026-05;Formation;Revenus;Sessions intra;Norvia Belgique SA;Bruxelles;25948,91
Budget 2026;2026-05;Formation;Revenus;Sessions intra;Norvia Belgique SA;Flandre;22661,47
Budget 2026;2026-05;Formation;Revenus;Sessions intra;Norvia Belgique SA;Wallonie;14642,38
Budget 2026;2026-05;Formation;Revenus;Sessions intra;Norvia France SAS;Hauts-de-France;16093,81
Budget 2026;2026-05;Formation;Revenus;Sessions intra;Norvia France SAS;Île-de-France;30468,62
Budget 2026;2026-05;Formation;Coûts;Formateurs;Norvia Belgique SA;Bruxelles;34435,25
Budget 2026;2026-05;Formation;Coûts;Formateurs;Norvia Belgique SA;Flandre;31498,99
Budget 2026;2026-05;Formation;Coûts;Formateurs;Norvia Belgique SA;Wallonie;20114,98
Budget 2026;2026-05;Formation;Coûts;Formateurs;Norvia France SAS;Hauts-de-France;20941,66
Budget 2026;2026-05;Formation;Coûts;Formateurs;Norvia France SAS;Île-de-France;39715,42
Budget 2026;2026-05;Formation;Coûts;Salles et logistique;Norvia Belgique SA;Bruxelles;13654,68
Budget 2026;2026-05;Formation;Coûts;Salles et logistique;Norvia Belgique SA;Flandre;11093,05
Budget 2026;2026-05;Formation;Coûts;Salles et logistique;Norvia Belgique SA;Wallonie;7410,09
Budget 2026;2026-05;Formation;Coûts;Salles et logistique;Norvia France SAS;Hauts-de-France;7203,83
Budget 2026;2026-05;Formation;Coûts;Salles et logistique;Norvia France SAS;Île-de-France;15689,56
Budget 2026;2026-06;Cloud;Revenus;Abonnements SaaS;Norvia Belgique SA;Bruxelles;131016,72
Budget 2026;2026-06;Cloud;Revenus;Abonnements SaaS;Norvia Belgique SA;Flandre;107585,97
Budget 2026;2026-06;Cloud;Revenus;Abonnements SaaS;Norvia Belgique SA;Wallonie;76345,81
Budget 2026;2026-06;Cloud;Revenus;Abonnements SaaS;Norvia France SAS;Hauts-de-France;73925,07
Budget 2026;2026-06;Cloud;Revenus;Abonnements SaaS;Norvia France SAS;Île-de-France;163448,90
Budget 2026;2026-06;Cloud;Revenus;Mise en service;Norvia Belgique SA;Bruxelles;35568,95
Budget 2026;2026-06;Cloud;Revenus;Mise en service;Norvia Belgique SA;Flandre;30983,20
Budget 2026;2026-06;Cloud;Revenus;Mise en service;Norvia Belgique SA;Wallonie;23397,32
Budget 2026;2026-06;Cloud;Revenus;Mise en service;Norvia France SAS;Hauts-de-France;21195,59
Budget 2026;2026-06;Cloud;Revenus;Mise en service;Norvia France SAS;Île-de-France;41138,52
Budget 2026;2026-06;Cloud;Revenus;Hébergement managé;Norvia Belgique SA;Bruxelles;27251,94
Budget 2026;2026-06;Cloud;Revenus;Hébergement managé;Norvia Belgique SA;Flandre;21902,70
Budget 2026;2026-06;Cloud;Revenus;Hébergement managé;Norvia Belgique SA;Wallonie;15321,05
Budget 2026;2026-06;Cloud;Revenus;Hébergement managé;Norvia France SAS;Hauts-de-France;16634,37
Budget 2026;2026-06;Cloud;Revenus;Hébergement managé;Norvia France SAS;Île-de-France;32886,83
Budget 2026;2026-06;Cloud;Coûts;Coûts d'hébergement;Norvia Belgique SA;Bruxelles;49652,71
Budget 2026;2026-06;Cloud;Coûts;Coûts d'hébergement;Norvia Belgique SA;Flandre;47526,06
Budget 2026;2026-06;Cloud;Coûts;Coûts d'hébergement;Norvia Belgique SA;Wallonie;29563,38
Budget 2026;2026-06;Cloud;Coûts;Coûts d'hébergement;Norvia France SAS;Hauts-de-France;32768,53
Budget 2026;2026-06;Cloud;Coûts;Coûts d'hébergement;Norvia France SAS;Île-de-France;64402,57
Budget 2026;2026-06;Cloud;Coûts;Support N2;Norvia Belgique SA;Bruxelles;16652,07
Budget 2026;2026-06;Cloud;Coûts;Support N2;Norvia Belgique SA;Flandre;13138,53
Budget 2026;2026-06;Cloud;Coûts;Support N2;Norvia Belgique SA;Wallonie;10070,59
Budget 2026;2026-06;Cloud;Coûts;Support N2;Norvia France SAS;Hauts-de-France;9393,50
Budget 2026;2026-06;Cloud;Coûts;Support N2;Norvia France SAS;Île-de-France;19340,40
Budget 2026;2026-06;SN/Legacy;Revenus;Maintenance grands comptes;Norvia Belgique SA;Bruxelles;22872,03
Budget 2026;2026-06;SN/Legacy;Revenus;Maintenance grands comptes;Norvia Belgique SA;Flandre;18269,50
Budget 2026;2026-06;SN/Legacy;Revenus;Maintenance grands comptes;Norvia Belgique SA;Wallonie;12141,50
Budget 2026;2026-06;SN/Legacy;Revenus;Maintenance grands comptes;Norvia France SAS;Hauts-de-France;12666,84
Budget 2026;2026-06;SN/Legacy;Revenus;Maintenance grands comptes;Norvia France SAS;Île-de-France;24441,93
Budget 2026;2026-06;SN/Legacy;Revenus;Maintenance PME;Norvia Belgique SA;Bruxelles;50183,47
Budget 2026;2026-06;SN/Legacy;Revenus;Maintenance PME;Norvia Belgique SA;Flandre;38337,97
Budget 2026;2026-06;SN/Legacy;Revenus;Maintenance PME;Norvia Belgique SA;Wallonie;29999,09
Budget 2026;2026-06;SN/Legacy;Revenus;Maintenance PME;Norvia France SAS;Hauts-de-France;27583,47
Budget 2026;2026-06;SN/Legacy;Revenus;Maintenance PME;Norvia France SAS;Île-de-France;53432,78
Budget 2026;2026-06;SN/Legacy;Revenus;Évolutions;Norvia Belgique SA;Bruxelles;24516,75
Budget 2026;2026-06;SN/Legacy;Revenus;Évolutions;Norvia Belgique SA;Flandre;20172,67
Budget 2026;2026-06;SN/Legacy;Revenus;Évolutions;Norvia Belgique SA;Wallonie;13116,66
Budget 2026;2026-06;SN/Legacy;Revenus;Évolutions;Norvia France SAS;Hauts-de-France;14452,69
Budget 2026;2026-06;SN/Legacy;Revenus;Évolutions;Norvia France SAS;Île-de-France;27893,97
Budget 2026;2026-06;SN/Legacy;Coûts;Équipe maintenance;Norvia Belgique SA;Bruxelles;59602,54
Budget 2026;2026-06;SN/Legacy;Coûts;Équipe maintenance;Norvia Belgique SA;Flandre;46440,25
Budget 2026;2026-06;SN/Legacy;Coûts;Équipe maintenance;Norvia Belgique SA;Wallonie;33880,85
Budget 2026;2026-06;SN/Legacy;Coûts;Équipe maintenance;Norvia France SAS;Hauts-de-France;31841,84
Budget 2026;2026-06;SN/Legacy;Coûts;Équipe maintenance;Norvia France SAS;Île-de-France;62742,01
Budget 2026;2026-06;SN/Legacy;Coûts;Sous-traitance;Norvia Belgique SA;Bruxelles;10430,30
Budget 2026;2026-06;SN/Legacy;Coûts;Sous-traitance;Norvia Belgique SA;Flandre;8053,57
Budget 2026;2026-06;SN/Legacy;Coûts;Sous-traitance;Norvia Belgique SA;Wallonie;5243,18
Budget 2026;2026-06;SN/Legacy;Coûts;Sous-traitance;Norvia France SAS;Hauts-de-France;5680,14
Budget 2026;2026-06;SN/Legacy;Coûts;Sous-traitance;Norvia France SAS;Île-de-France;10628,10
Budget 2026;2026-06;Services;Revenus;Conseil;Norvia Belgique SA;Bruxelles;159157,80
Budget 2026;2026-06;Services;Revenus;Conseil;Norvia Belgique SA;Flandre;123336,49
Budget 2026;2026-06;Services;Revenus;Conseil;Norvia Belgique SA;Wallonie;101054,97
Budget 2026;2026-06;Services;Revenus;Conseil;Norvia France SAS;Hauts-de-France;99490
Budget 2026;2026-06;Services;Revenus;Conseil;Norvia France SAS;Île-de-France;193168,67
Budget 2026;2026-06;Services;Revenus;Intégration;Norvia Belgique SA;Bruxelles;115147,93
Budget 2026;2026-06;Services;Revenus;Intégration;Norvia Belgique SA;Flandre;100121,08
Budget 2026;2026-06;Services;Revenus;Intégration;Norvia Belgique SA;Wallonie;64961,57
Budget 2026;2026-06;Services;Revenus;Intégration;Norvia France SAS;Hauts-de-France;67067,06
Budget 2026;2026-06;Services;Revenus;Intégration;Norvia France SAS;Île-de-France;138087,37
Budget 2026;2026-06;Services;Coûts;Consultants;Norvia Belgique SA;Bruxelles;163857,58
Budget 2026;2026-06;Services;Coûts;Consultants;Norvia Belgique SA;Flandre;148732,15
Budget 2026;2026-06;Services;Coûts;Consultants;Norvia Belgique SA;Wallonie;97601,36
Budget 2026;2026-06;Services;Coûts;Consultants;Norvia France SAS;Hauts-de-France;101323,62
Budget 2026;2026-06;Services;Coûts;Consultants;Norvia France SAS;Île-de-France;202101,04
Budget 2026;2026-06;Services;Coûts;Sous-traitance services;Norvia Belgique SA;Bruxelles;33887,93
Budget 2026;2026-06;Services;Coûts;Sous-traitance services;Norvia Belgique SA;Flandre;27736,25
Budget 2026;2026-06;Services;Coûts;Sous-traitance services;Norvia Belgique SA;Wallonie;20697,06
Budget 2026;2026-06;Services;Coûts;Sous-traitance services;Norvia France SAS;Hauts-de-France;21662,91
Budget 2026;2026-06;Services;Coûts;Sous-traitance services;Norvia France SAS;Île-de-France;40505,15
Budget 2026;2026-06;Licences;Revenus;Licences perpétuelles;Norvia Belgique SA;Bruxelles;50836,96
Budget 2026;2026-06;Licences;Revenus;Licences perpétuelles;Norvia Belgique SA;Flandre;40442,76
Budget 2026;2026-06;Licences;Revenus;Licences perpétuelles;Norvia Belgique SA;Wallonie;29111,27
Budget 2026;2026-06;Licences;Revenus;Licences perpétuelles;Norvia France SAS;Hauts-de-France;26956,70
Budget 2026;2026-06;Licences;Revenus;Licences perpétuelles;Norvia France SAS;Île-de-France;53331,92
Budget 2026;2026-06;Licences;Revenus;Renouvellements;Norvia Belgique SA;Bruxelles;85055,73
Budget 2026;2026-06;Licences;Revenus;Renouvellements;Norvia Belgique SA;Flandre;76032,92
Budget 2026;2026-06;Licences;Revenus;Renouvellements;Norvia Belgique SA;Wallonie;46894,12
Budget 2026;2026-06;Licences;Revenus;Renouvellements;Norvia France SAS;Hauts-de-France;50641,52
Budget 2026;2026-06;Licences;Revenus;Renouvellements;Norvia France SAS;Île-de-France;99551,03
Budget 2026;2026-06;Licences;Coûts;Redevances éditeurs;Norvia Belgique SA;Bruxelles;34341,17
Budget 2026;2026-06;Licences;Coûts;Redevances éditeurs;Norvia Belgique SA;Flandre;28699,43
Budget 2026;2026-06;Licences;Coûts;Redevances éditeurs;Norvia Belgique SA;Wallonie;20918,29
Budget 2026;2026-06;Licences;Coûts;Redevances éditeurs;Norvia France SAS;Hauts-de-France;19574,64
Budget 2026;2026-06;Licences;Coûts;Redevances éditeurs;Norvia France SAS;Île-de-France;37902,97
Budget 2026;2026-06;Formation;Revenus;Sessions inter;Norvia Belgique SA;Bruxelles;33585,43
Budget 2026;2026-06;Formation;Revenus;Sessions inter;Norvia Belgique SA;Flandre;30108
Budget 2026;2026-06;Formation;Revenus;Sessions inter;Norvia Belgique SA;Wallonie;21271,98
Budget 2026;2026-06;Formation;Revenus;Sessions inter;Norvia France SAS;Hauts-de-France;19821,97
Budget 2026;2026-06;Formation;Revenus;Sessions inter;Norvia France SAS;Île-de-France;42446,97
Budget 2026;2026-06;Formation;Revenus;Sessions intra;Norvia Belgique SA;Bruxelles;26738,69
Budget 2026;2026-06;Formation;Revenus;Sessions intra;Norvia Belgique SA;Flandre;23333,99
Budget 2026;2026-06;Formation;Revenus;Sessions intra;Norvia Belgique SA;Wallonie;15259,80
Budget 2026;2026-06;Formation;Revenus;Sessions intra;Norvia France SAS;Hauts-de-France;14343,11
Budget 2026;2026-06;Formation;Revenus;Sessions intra;Norvia France SAS;Île-de-France;28934,06
Budget 2026;2026-06;Formation;Coûts;Formateurs;Norvia Belgique SA;Bruxelles;36804,41
Budget 2026;2026-06;Formation;Coûts;Formateurs;Norvia Belgique SA;Flandre;31325,79
Budget 2026;2026-06;Formation;Coûts;Formateurs;Norvia Belgique SA;Wallonie;19048,90
Budget 2026;2026-06;Formation;Coûts;Formateurs;Norvia France SAS;Hauts-de-France;21245,41
Budget 2026;2026-06;Formation;Coûts;Formateurs;Norvia France SAS;Île-de-France;38058,98
Budget 2026;2026-06;Formation;Coûts;Salles et logistique;Norvia Belgique SA;Bruxelles;12721,24
Budget 2026;2026-06;Formation;Coûts;Salles et logistique;Norvia Belgique SA;Flandre;10994,56
Budget 2026;2026-06;Formation;Coûts;Salles et logistique;Norvia Belgique SA;Wallonie;7564,33
Budget 2026;2026-06;Formation;Coûts;Salles et logistique;Norvia France SAS;Hauts-de-France;8022,60
Budget 2026;2026-06;Formation;Coûts;Salles et logistique;Norvia France SAS;Île-de-France;15752,16
Budget 2026;2026-07;Cloud;Revenus;Abonnements SaaS;Norvia Belgique SA;Bruxelles;161862,04
Budget 2026;2026-07;Cloud;Revenus;Abonnements SaaS;Norvia Belgique SA;Flandre;121768,48
Budget 2026;2026-07;Cloud;Revenus;Abonnements SaaS;Norvia Belgique SA;Wallonie;90970,20
Budget 2026;2026-07;Cloud;Revenus;Abonnements SaaS;Norvia France SAS;Hauts-de-France;92863,50
Budget 2026;2026-07;Cloud;Revenus;Abonnements SaaS;Norvia France SAS;Île-de-France;191354,09
Budget 2026;2026-07;Cloud;Revenus;Mise en service;Norvia Belgique SA;Bruxelles;42296,46
Budget 2026;2026-07;Cloud;Revenus;Mise en service;Norvia Belgique SA;Flandre;32099,66
Budget 2026;2026-07;Cloud;Revenus;Mise en service;Norvia Belgique SA;Wallonie;23930,27
Budget 2026;2026-07;Cloud;Revenus;Mise en service;Norvia France SAS;Hauts-de-France;25903,38
Budget 2026;2026-07;Cloud;Revenus;Mise en service;Norvia France SAS;Île-de-France;49479,90
Budget 2026;2026-07;Cloud;Revenus;Hébergement managé;Norvia Belgique SA;Bruxelles;31607,70
Budget 2026;2026-07;Cloud;Revenus;Hébergement managé;Norvia Belgique SA;Flandre;26306,09
Budget 2026;2026-07;Cloud;Revenus;Hébergement managé;Norvia Belgique SA;Wallonie;17637,61
Budget 2026;2026-07;Cloud;Revenus;Hébergement managé;Norvia France SAS;Hauts-de-France;16508,89
Budget 2026;2026-07;Cloud;Revenus;Hébergement managé;Norvia France SAS;Île-de-France;35742,43
Budget 2026;2026-07;Cloud;Coûts;Coûts d'hébergement;Norvia Belgique SA;Bruxelles;63227,27
Budget 2026;2026-07;Cloud;Coûts;Coûts d'hébergement;Norvia Belgique SA;Flandre;48664,99
Budget 2026;2026-07;Cloud;Coûts;Coûts d'hébergement;Norvia Belgique SA;Wallonie;38142,77
Budget 2026;2026-07;Cloud;Coûts;Coûts d'hébergement;Norvia France SAS;Hauts-de-France;38145,02
Budget 2026;2026-07;Cloud;Coûts;Coûts d'hébergement;Norvia France SAS;Île-de-France;66137,70
Budget 2026;2026-07;Cloud;Coûts;Support N2;Norvia Belgique SA;Bruxelles;18513,75
Budget 2026;2026-07;Cloud;Coûts;Support N2;Norvia Belgique SA;Flandre;14036,51
Budget 2026;2026-07;Cloud;Coûts;Support N2;Norvia Belgique SA;Wallonie;10029,67
Budget 2026;2026-07;Cloud;Coûts;Support N2;Norvia France SAS;Hauts-de-France;10152,95
Budget 2026;2026-07;Cloud;Coûts;Support N2;Norvia France SAS;Île-de-France;20450,96
Budget 2026;2026-07;SN/Legacy;Revenus;Maintenance grands comptes;Norvia Belgique SA;Bruxelles;23637,60
Budget 2026;2026-07;SN/Legacy;Revenus;Maintenance grands comptes;Norvia Belgique SA;Flandre;17089,92
Budget 2026;2026-07;SN/Legacy;Revenus;Maintenance grands comptes;Norvia Belgique SA;Wallonie;12576,18
Budget 2026;2026-07;SN/Legacy;Revenus;Maintenance grands comptes;Norvia France SAS;Hauts-de-France;12855,14
Budget 2026;2026-07;SN/Legacy;Revenus;Maintenance grands comptes;Norvia France SAS;Île-de-France;24989,79
Budget 2026;2026-07;SN/Legacy;Revenus;Maintenance PME;Norvia Belgique SA;Bruxelles;46534,68
Budget 2026;2026-07;SN/Legacy;Revenus;Maintenance PME;Norvia Belgique SA;Flandre;40362,65
Budget 2026;2026-07;SN/Legacy;Revenus;Maintenance PME;Norvia Belgique SA;Wallonie;26783,25
Budget 2026;2026-07;SN/Legacy;Revenus;Maintenance PME;Norvia France SAS;Hauts-de-France;28467,73
Budget 2026;2026-07;SN/Legacy;Revenus;Maintenance PME;Norvia France SAS;Île-de-France;57325,59
Budget 2026;2026-07;SN/Legacy;Revenus;Évolutions;Norvia Belgique SA;Bruxelles;24151
Budget 2026;2026-07;SN/Legacy;Revenus;Évolutions;Norvia Belgique SA;Flandre;19264,61
Budget 2026;2026-07;SN/Legacy;Revenus;Évolutions;Norvia Belgique SA;Wallonie;13961,34
Budget 2026;2026-07;SN/Legacy;Revenus;Évolutions;Norvia France SAS;Hauts-de-France;15369,71
Budget 2026;2026-07;SN/Legacy;Revenus;Évolutions;Norvia France SAS;Île-de-France;27511,09
Budget 2026;2026-07;SN/Legacy;Coûts;Équipe maintenance;Norvia Belgique SA;Bruxelles;54660,78
Budget 2026;2026-07;SN/Legacy;Coûts;Équipe maintenance;Norvia Belgique SA;Flandre;48819,84
Budget 2026;2026-07;SN/Legacy;Coûts;Équipe maintenance;Norvia Belgique SA;Wallonie;30539,63
Budget 2026;2026-07;SN/Legacy;Coûts;Équipe maintenance;Norvia France SAS;Hauts-de-France;33074,13
Budget 2026;2026-07;SN/Legacy;Coûts;Équipe maintenance;Norvia France SAS;Île-de-France;66185,64
Budget 2026;2026-07;SN/Legacy;Coûts;Sous-traitance;Norvia Belgique SA;Bruxelles;9743,51
Budget 2026;2026-07;SN/Legacy;Coûts;Sous-traitance;Norvia Belgique SA;Flandre;8224,38
Budget 2026;2026-07;SN/Legacy;Coûts;Sous-traitance;Norvia Belgique SA;Wallonie;5659,94
Budget 2026;2026-07;SN/Legacy;Coûts;Sous-traitance;Norvia France SAS;Hauts-de-France;5146,19
Budget 2026;2026-07;SN/Legacy;Coûts;Sous-traitance;Norvia France SAS;Île-de-France;11046,88
Budget 2026;2026-07;Services;Revenus;Conseil;Norvia Belgique SA;Bruxelles;125421,33
Budget 2026;2026-07;Services;Revenus;Conseil;Norvia Belgique SA;Flandre;103637,90
Budget 2026;2026-07;Services;Revenus;Conseil;Norvia Belgique SA;Wallonie;78876,19
Budget 2026;2026-07;Services;Revenus;Conseil;Norvia France SAS;Hauts-de-France;77391,80
Budget 2026;2026-07;Services;Revenus;Conseil;Norvia France SAS;Île-de-France;151299,33
Budget 2026;2026-07;Services;Revenus;Intégration;Norvia Belgique SA;Bruxelles;87330,81
Budget 2026;2026-07;Services;Revenus;Intégration;Norvia Belgique SA;Flandre;78318,48
Budget 2026;2026-07;Services;Revenus;Intégration;Norvia Belgique SA;Wallonie;56045,26
Budget 2026;2026-07;Services;Revenus;Intégration;Norvia France SAS;Hauts-de-France;54037,35
Budget 2026;2026-07;Services;Revenus;Intégration;Norvia France SAS;Île-de-France;111694,67
Budget 2026;2026-07;Services;Coûts;Consultants;Norvia Belgique SA;Bruxelles;140636,57
Budget 2026;2026-07;Services;Coûts;Consultants;Norvia Belgique SA;Flandre;124830,47
Budget 2026;2026-07;Services;Coûts;Consultants;Norvia Belgique SA;Wallonie;77088,49
Budget 2026;2026-07;Services;Coûts;Consultants;Norvia France SAS;Hauts-de-France;76239,97
Budget 2026;2026-07;Services;Coûts;Consultants;Norvia France SAS;Île-de-France;150966,48
Budget 2026;2026-07;Services;Coûts;Sous-traitance services;Norvia Belgique SA;Bruxelles;25932,74
Budget 2026;2026-07;Services;Coûts;Sous-traitance services;Norvia Belgique SA;Flandre;21431,56
Budget 2026;2026-07;Services;Coûts;Sous-traitance services;Norvia Belgique SA;Wallonie;15986,74
Budget 2026;2026-07;Services;Coûts;Sous-traitance services;Norvia France SAS;Hauts-de-France;16779,13
Budget 2026;2026-07;Services;Coûts;Sous-traitance services;Norvia France SAS;Île-de-France;33232,83
Budget 2026;2026-07;Licences;Revenus;Licences perpétuelles;Norvia Belgique SA;Bruxelles;42778,80
Budget 2026;2026-07;Licences;Revenus;Licences perpétuelles;Norvia Belgique SA;Flandre;31202,02
Budget 2026;2026-07;Licences;Revenus;Licences perpétuelles;Norvia Belgique SA;Wallonie;22480,95
Budget 2026;2026-07;Licences;Revenus;Licences perpétuelles;Norvia France SAS;Hauts-de-France;21894,65
Budget 2026;2026-07;Licences;Revenus;Licences perpétuelles;Norvia France SAS;Île-de-France;44970,24
Budget 2026;2026-07;Licences;Revenus;Renouvellements;Norvia Belgique SA;Bruxelles;70548,85
Budget 2026;2026-07;Licences;Revenus;Renouvellements;Norvia Belgique SA;Flandre;58987,24
Budget 2026;2026-07;Licences;Revenus;Renouvellements;Norvia Belgique SA;Wallonie;40426,97
Budget 2026;2026-07;Licences;Revenus;Renouvellements;Norvia France SAS;Hauts-de-France;38895,01
Budget 2026;2026-07;Licences;Revenus;Renouvellements;Norvia France SAS;Île-de-France;80532,56
Budget 2026;2026-07;Licences;Coûts;Redevances éditeurs;Norvia Belgique SA;Bruxelles;26189,03
Budget 2026;2026-07;Licences;Coûts;Redevances éditeurs;Norvia Belgique SA;Flandre;23643,12
Budget 2026;2026-07;Licences;Coûts;Redevances éditeurs;Norvia Belgique SA;Wallonie;16451,99
Budget 2026;2026-07;Licences;Coûts;Redevances éditeurs;Norvia France SAS;Hauts-de-France;16165,31
Budget 2026;2026-07;Licences;Coûts;Redevances éditeurs;Norvia France SAS;Île-de-France;30566,02
Budget 2026;2026-07;Formation;Revenus;Sessions inter;Norvia Belgique SA;Bruxelles;19394,89
Budget 2026;2026-07;Formation;Revenus;Sessions inter;Norvia Belgique SA;Flandre;16809,60
Budget 2026;2026-07;Formation;Revenus;Sessions inter;Norvia Belgique SA;Wallonie;10101,99
Budget 2026;2026-07;Formation;Revenus;Sessions inter;Norvia France SAS;Hauts-de-France;11570,17
Budget 2026;2026-07;Formation;Revenus;Sessions inter;Norvia France SAS;Île-de-France;22739,37
Budget 2026;2026-07;Formation;Revenus;Sessions intra;Norvia Belgique SA;Bruxelles;14357,85
Budget 2026;2026-07;Formation;Revenus;Sessions intra;Norvia Belgique SA;Flandre;12795,61
Budget 2026;2026-07;Formation;Revenus;Sessions intra;Norvia Belgique SA;Wallonie;8361,54
Budget 2026;2026-07;Formation;Revenus;Sessions intra;Norvia France SAS;Hauts-de-France;8528,53
Budget 2026;2026-07;Formation;Revenus;Sessions intra;Norvia France SAS;Île-de-France;15794,46
Budget 2026;2026-07;Formation;Coûts;Formateurs;Norvia Belgique SA;Bruxelles;20551,22
Budget 2026;2026-07;Formation;Coûts;Formateurs;Norvia Belgique SA;Flandre;15494,48
Budget 2026;2026-07;Formation;Coûts;Formateurs;Norvia Belgique SA;Wallonie;10675,03
Budget 2026;2026-07;Formation;Coûts;Formateurs;Norvia France SAS;Hauts-de-France;10901,26
Budget 2026;2026-07;Formation;Coûts;Formateurs;Norvia France SAS;Île-de-France;22767,99
Budget 2026;2026-07;Formation;Coûts;Salles et logistique;Norvia Belgique SA;Bruxelles;7389,91
Budget 2026;2026-07;Formation;Coûts;Salles et logistique;Norvia Belgique SA;Flandre;5943,20
Budget 2026;2026-07;Formation;Coûts;Salles et logistique;Norvia Belgique SA;Wallonie;4384,03
Budget 2026;2026-07;Formation;Coûts;Salles et logistique;Norvia France SAS;Hauts-de-France;4280,31
Budget 2026;2026-07;Formation;Coûts;Salles et logistique;Norvia France SAS;Île-de-France;8236,29
Budget 2026;2026-08;Cloud;Revenus;Abonnements SaaS;Norvia Belgique SA;Bruxelles;163349,65
Budget 2026;2026-08;Cloud;Revenus;Abonnements SaaS;Norvia Belgique SA;Flandre;134211,78
Budget 2026;2026-08;Cloud;Revenus;Abonnements SaaS;Norvia Belgique SA;Wallonie;95472,83
Budget 2026;2026-08;Cloud;Revenus;Abonnements SaaS;Norvia France SAS;Hauts-de-France;96016,69
Budget 2026;2026-08;Cloud;Revenus;Abonnements SaaS;Norvia France SAS;Île-de-France;192494,10
Budget 2026;2026-08;Cloud;Revenus;Mise en service;Norvia Belgique SA;Bruxelles;41304,46
Budget 2026;2026-08;Cloud;Revenus;Mise en service;Norvia Belgique SA;Flandre;33862,26
Budget 2026;2026-08;Cloud;Revenus;Mise en service;Norvia Belgique SA;Wallonie;25578,71
Budget 2026;2026-08;Cloud;Revenus;Mise en service;Norvia France SAS;Hauts-de-France;25910,70
Budget 2026;2026-08;Cloud;Revenus;Mise en service;Norvia France SAS;Île-de-France;51249,12
Budget 2026;2026-08;Cloud;Revenus;Hébergement managé;Norvia Belgique SA;Bruxelles;33020,33
Budget 2026;2026-08;Cloud;Revenus;Hébergement managé;Norvia Belgique SA;Flandre;26422,63
Budget 2026;2026-08;Cloud;Revenus;Hébergement managé;Norvia Belgique SA;Wallonie;17923,22
Budget 2026;2026-08;Cloud;Revenus;Hébergement managé;Norvia France SAS;Hauts-de-France;17652,79
Budget 2026;2026-08;Cloud;Revenus;Hébergement managé;Norvia France SAS;Île-de-France;37192,31
Budget 2026;2026-08;Cloud;Coûts;Coûts d'hébergement;Norvia Belgique SA;Bruxelles;63146,97
Budget 2026;2026-08;Cloud;Coûts;Coûts d'hébergement;Norvia Belgique SA;Flandre;50438,64
Budget 2026;2026-08;Cloud;Coûts;Coûts d'hébergement;Norvia Belgique SA;Wallonie;35598,37
Budget 2026;2026-08;Cloud;Coûts;Coûts d'hébergement;Norvia France SAS;Hauts-de-France;35906,55
Budget 2026;2026-08;Cloud;Coûts;Coûts d'hébergement;Norvia France SAS;Île-de-France;73708,67
Budget 2026;2026-08;Cloud;Coûts;Support N2;Norvia Belgique SA;Bruxelles;17756,24
Budget 2026;2026-08;Cloud;Coûts;Support N2;Norvia Belgique SA;Flandre;15172,42
Budget 2026;2026-08;Cloud;Coûts;Support N2;Norvia Belgique SA;Wallonie;10494,19
Budget 2026;2026-08;Cloud;Coûts;Support N2;Norvia France SAS;Hauts-de-France;10160,70
Budget 2026;2026-08;Cloud;Coûts;Support N2;Norvia France SAS;Île-de-France;21304,13
Budget 2026;2026-08;SN/Legacy;Revenus;Maintenance grands comptes;Norvia Belgique SA;Bruxelles;21439,02
Budget 2026;2026-08;SN/Legacy;Revenus;Maintenance grands comptes;Norvia Belgique SA;Flandre;16492,05
Budget 2026;2026-08;SN/Legacy;Revenus;Maintenance grands comptes;Norvia Belgique SA;Wallonie;12280,53
Budget 2026;2026-08;SN/Legacy;Revenus;Maintenance grands comptes;Norvia France SAS;Hauts-de-France;12952,31
Budget 2026;2026-08;SN/Legacy;Revenus;Maintenance grands comptes;Norvia France SAS;Île-de-France;26164,74
Budget 2026;2026-08;SN/Legacy;Revenus;Maintenance PME;Norvia Belgique SA;Bruxelles;47771,02
Budget 2026;2026-08;SN/Legacy;Revenus;Maintenance PME;Norvia Belgique SA;Flandre;36491,40
Budget 2026;2026-08;SN/Legacy;Revenus;Maintenance PME;Norvia Belgique SA;Wallonie;28217,90
Budget 2026;2026-08;SN/Legacy;Revenus;Maintenance PME;Norvia France SAS;Hauts-de-France;29031,46
Budget 2026;2026-08;SN/Legacy;Revenus;Maintenance PME;Norvia France SAS;Île-de-France;58605,57
Budget 2026;2026-08;SN/Legacy;Revenus;Évolutions;Norvia Belgique SA;Bruxelles;24074,39
Budget 2026;2026-08;SN/Legacy;Revenus;Évolutions;Norvia Belgique SA;Flandre;19282,72
Budget 2026;2026-08;SN/Legacy;Revenus;Évolutions;Norvia Belgique SA;Wallonie;13398,85
Budget 2026;2026-08;SN/Legacy;Revenus;Évolutions;Norvia France SAS;Hauts-de-France;14383,25
Budget 2026;2026-08;SN/Legacy;Revenus;Évolutions;Norvia France SAS;Île-de-France;28607,21
Budget 2026;2026-08;SN/Legacy;Coûts;Équipe maintenance;Norvia Belgique SA;Bruxelles;57735,88
Budget 2026;2026-08;SN/Legacy;Coûts;Équipe maintenance;Norvia Belgique SA;Flandre;49454,56
Budget 2026;2026-08;SN/Legacy;Coûts;Équipe maintenance;Norvia Belgique SA;Wallonie;32271,54
Budget 2026;2026-08;SN/Legacy;Coûts;Équipe maintenance;Norvia France SAS;Hauts-de-France;30959,56
Budget 2026;2026-08;SN/Legacy;Coûts;Équipe maintenance;Norvia France SAS;Île-de-France;63077,50
Budget 2026;2026-08;SN/Legacy;Coûts;Sous-traitance;Norvia Belgique SA;Bruxelles;9264,98
Budget 2026;2026-08;SN/Legacy;Coûts;Sous-traitance;Norvia Belgique SA;Flandre;7637,63
Budget 2026;2026-08;SN/Legacy;Coûts;Sous-traitance;Norvia Belgique SA;Wallonie;6054,49
Budget 2026;2026-08;SN/Legacy;Coûts;Sous-traitance;Norvia France SAS;Hauts-de-France;5917,81
Budget 2026;2026-08;SN/Legacy;Coûts;Sous-traitance;Norvia France SAS;Île-de-France;11379,55
Budget 2026;2026-08;Services;Revenus;Conseil;Norvia Belgique SA;Bruxelles;86668,93
Budget 2026;2026-08;Services;Revenus;Conseil;Norvia Belgique SA;Flandre;63591,64
Budget 2026;2026-08;Services;Revenus;Conseil;Norvia Belgique SA;Wallonie;45296,50
Budget 2026;2026-08;Services;Revenus;Conseil;Norvia France SAS;Hauts-de-France;49599,80
Budget 2026;2026-08;Services;Revenus;Conseil;Norvia France SAS;Île-de-France;100666,76
Budget 2026;2026-08;Services;Revenus;Intégration;Norvia Belgique SA;Bruxelles;61653,30
Budget 2026;2026-08;Services;Revenus;Intégration;Norvia Belgique SA;Flandre;46683,04
Budget 2026;2026-08;Services;Revenus;Intégration;Norvia Belgique SA;Wallonie;33454,38
Budget 2026;2026-08;Services;Revenus;Intégration;Norvia France SAS;Hauts-de-France;33800,23
Budget 2026;2026-08;Services;Revenus;Intégration;Norvia France SAS;Île-de-France;73149,90
Budget 2026;2026-08;Services;Coûts;Consultants;Norvia Belgique SA;Bruxelles;85278,63
Budget 2026;2026-08;Services;Coûts;Consultants;Norvia Belgique SA;Flandre;75029,86
Budget 2026;2026-08;Services;Coûts;Consultants;Norvia Belgique SA;Wallonie;49890,90
Budget 2026;2026-08;Services;Coûts;Consultants;Norvia France SAS;Hauts-de-France;51361,40
Budget 2026;2026-08;Services;Coûts;Consultants;Norvia France SAS;Île-de-France;98674,74
Budget 2026;2026-08;Services;Coûts;Sous-traitance services;Norvia Belgique SA;Bruxelles;16009,81
Budget 2026;2026-08;Services;Coûts;Sous-traitance services;Norvia Belgique SA;Flandre;13744,25
Budget 2026;2026-08;Services;Coûts;Sous-traitance services;Norvia Belgique SA;Wallonie;10734,43
Budget 2026;2026-08;Services;Coûts;Sous-traitance services;Norvia France SAS;Hauts-de-France;10183,39
Budget 2026;2026-08;Services;Coûts;Sous-traitance services;Norvia France SAS;Île-de-France;21876,79
Budget 2026;2026-08;Licences;Revenus;Licences perpétuelles;Norvia Belgique SA;Bruxelles;32006,41
Budget 2026;2026-08;Licences;Revenus;Licences perpétuelles;Norvia Belgique SA;Flandre;26048,08
Budget 2026;2026-08;Licences;Revenus;Licences perpétuelles;Norvia Belgique SA;Wallonie;18739,14
Budget 2026;2026-08;Licences;Revenus;Licences perpétuelles;Norvia France SAS;Hauts-de-France;19639,31
Budget 2026;2026-08;Licences;Revenus;Licences perpétuelles;Norvia France SAS;Île-de-France;35941,35
Budget 2026;2026-08;Licences;Revenus;Renouvellements;Norvia Belgique SA;Bruxelles;53005,95
Budget 2026;2026-08;Licences;Revenus;Renouvellements;Norvia Belgique SA;Flandre;46311,99
Budget 2026;2026-08;Licences;Revenus;Renouvellements;Norvia Belgique SA;Wallonie;35288,69
Budget 2026;2026-08;Licences;Revenus;Renouvellements;Norvia France SAS;Hauts-de-France;36210,20
Budget 2026;2026-08;Licences;Revenus;Renouvellements;Norvia France SAS;Île-de-France;65664,48
Budget 2026;2026-08;Licences;Coûts;Redevances éditeurs;Norvia Belgique SA;Bruxelles;23618,46
Budget 2026;2026-08;Licences;Coûts;Redevances éditeurs;Norvia Belgique SA;Flandre;17787,85
Budget 2026;2026-08;Licences;Coûts;Redevances éditeurs;Norvia Belgique SA;Wallonie;13264,57
Budget 2026;2026-08;Licences;Coûts;Redevances éditeurs;Norvia France SAS;Hauts-de-France;13919,28
Budget 2026;2026-08;Licences;Coûts;Redevances éditeurs;Norvia France SAS;Île-de-France;24668,68
Budget 2026;2026-08;Formation;Revenus;Sessions inter;Norvia Belgique SA;Bruxelles;6910,24
Budget 2026;2026-08;Formation;Revenus;Sessions inter;Norvia Belgique SA;Flandre;5018,94
Budget 2026;2026-08;Formation;Revenus;Sessions inter;Norvia Belgique SA;Wallonie;3973,64
Budget 2026;2026-08;Formation;Revenus;Sessions inter;Norvia France SAS;Hauts-de-France;3387,70
Budget 2026;2026-08;Formation;Revenus;Sessions inter;Norvia France SAS;Île-de-France;7247,15
Budget 2026;2026-08;Formation;Revenus;Sessions intra;Norvia Belgique SA;Bruxelles;4848,39
Budget 2026;2026-08;Formation;Revenus;Sessions intra;Norvia Belgique SA;Flandre;4251,13
Budget 2026;2026-08;Formation;Revenus;Sessions intra;Norvia Belgique SA;Wallonie;2814,41
Budget 2026;2026-08;Formation;Revenus;Sessions intra;Norvia France SAS;Hauts-de-France;2814,46
Budget 2026;2026-08;Formation;Revenus;Sessions intra;Norvia France SAS;Île-de-France;5574,93
Budget 2026;2026-08;Formation;Coûts;Formateurs;Norvia Belgique SA;Bruxelles;6781,20
Budget 2026;2026-08;Formation;Coûts;Formateurs;Norvia Belgique SA;Flandre;5314,29
Budget 2026;2026-08;Formation;Coûts;Formateurs;Norvia Belgique SA;Wallonie;3659,40
Budget 2026;2026-08;Formation;Coûts;Formateurs;Norvia France SAS;Hauts-de-France;3652,58
Budget 2026;2026-08;Formation;Coûts;Formateurs;Norvia France SAS;Île-de-France;7136,57
Budget 2026;2026-08;Formation;Coûts;Salles et logistique;Norvia Belgique SA;Bruxelles;2307,69
Budget 2026;2026-08;Formation;Coûts;Salles et logistique;Norvia Belgique SA;Flandre;2014,96
Budget 2026;2026-08;Formation;Coûts;Salles et logistique;Norvia Belgique SA;Wallonie;1353,36
Budget 2026;2026-08;Formation;Coûts;Salles et logistique;Norvia France SAS;Hauts-de-France;1320,73
Budget 2026;2026-08;Formation;Coûts;Salles et logistique;Norvia France SAS;Île-de-France;2961,25
Budget 2026;2026-09;Cloud;Revenus;Abonnements SaaS;Norvia Belgique SA;Bruxelles;182382,88
Budget 2026;2026-09;Cloud;Revenus;Abonnements SaaS;Norvia Belgique SA;Flandre;142498,76
Budget 2026;2026-09;Cloud;Revenus;Abonnements SaaS;Norvia Belgique SA;Wallonie;93368,68
Budget 2026;2026-09;Cloud;Revenus;Abonnements SaaS;Norvia France SAS;Hauts-de-France;93689,84
Budget 2026;2026-09;Cloud;Revenus;Abonnements SaaS;Norvia France SAS;Île-de-France;193189,17
Budget 2026;2026-09;Cloud;Revenus;Mise en service;Norvia Belgique SA;Bruxelles;45045,37
Budget 2026;2026-09;Cloud;Revenus;Mise en service;Norvia Belgique SA;Flandre;38467,72
Budget 2026;2026-09;Cloud;Revenus;Mise en service;Norvia Belgique SA;Wallonie;24700,99
Budget 2026;2026-09;Cloud;Revenus;Mise en service;Norvia France SAS;Hauts-de-France;24621,58
Budget 2026;2026-09;Cloud;Revenus;Mise en service;Norvia France SAS;Île-de-France;50988,09
Budget 2026;2026-09;Cloud;Revenus;Hébergement managé;Norvia Belgique SA;Bruxelles;32293,57
Budget 2026;2026-09;Cloud;Revenus;Hébergement managé;Norvia Belgique SA;Flandre;28067,06
Budget 2026;2026-09;Cloud;Revenus;Hébergement managé;Norvia Belgique SA;Wallonie;19543,42
Budget 2026;2026-09;Cloud;Revenus;Hébergement managé;Norvia France SAS;Hauts-de-France;18841,94
Budget 2026;2026-09;Cloud;Revenus;Hébergement managé;Norvia France SAS;Île-de-France;37241,53
Budget 2026;2026-09;Cloud;Coûts;Coûts d'hébergement;Norvia Belgique SA;Bruxelles;61383,57
Budget 2026;2026-09;Cloud;Coûts;Coûts d'hébergement;Norvia Belgique SA;Flandre;49921,27
Budget 2026;2026-09;Cloud;Coûts;Coûts d'hébergement;Norvia Belgique SA;Wallonie;38020,91
Budget 2026;2026-09;Cloud;Coûts;Coûts d'hébergement;Norvia France SAS;Hauts-de-France;38196,90
Budget 2026;2026-09;Cloud;Coûts;Coûts d'hébergement;Norvia France SAS;Île-de-France;75038,82
Budget 2026;2026-09;Cloud;Coûts;Support N2;Norvia Belgique SA;Bruxelles;18590,03
Budget 2026;2026-09;Cloud;Coûts;Support N2;Norvia Belgique SA;Flandre;14816,17
Budget 2026;2026-09;Cloud;Coûts;Support N2;Norvia Belgique SA;Wallonie;11304,03
Budget 2026;2026-09;Cloud;Coûts;Support N2;Norvia France SAS;Hauts-de-France;10684,52
Budget 2026;2026-09;Cloud;Coûts;Support N2;Norvia France SAS;Île-de-France;19872,19
Budget 2026;2026-09;SN/Legacy;Revenus;Maintenance grands comptes;Norvia Belgique SA;Bruxelles;22751,19
Budget 2026;2026-09;SN/Legacy;Revenus;Maintenance grands comptes;Norvia Belgique SA;Flandre;17830,80
Budget 2026;2026-09;SN/Legacy;Revenus;Maintenance grands comptes;Norvia Belgique SA;Wallonie;11982,83
Budget 2026;2026-09;SN/Legacy;Revenus;Maintenance grands comptes;Norvia France SAS;Hauts-de-France;12279,21
Budget 2026;2026-09;SN/Legacy;Revenus;Maintenance grands comptes;Norvia France SAS;Île-de-France;24658,45
Budget 2026;2026-09;SN/Legacy;Revenus;Maintenance PME;Norvia Belgique SA;Bruxelles;45019,80
Budget 2026;2026-09;SN/Legacy;Revenus;Maintenance PME;Norvia Belgique SA;Flandre;43093,26
Budget 2026;2026-09;SN/Legacy;Revenus;Maintenance PME;Norvia Belgique SA;Wallonie;27263,72
Budget 2026;2026-09;SN/Legacy;Revenus;Maintenance PME;Norvia France SAS;Hauts-de-France;28452,71
Budget 2026;2026-09;SN/Legacy;Revenus;Maintenance PME;Norvia France SAS;Île-de-France;57250,13
Budget 2026;2026-09;SN/Legacy;Revenus;Évolutions;Norvia Belgique SA;Bruxelles;22816,45
Budget 2026;2026-09;SN/Legacy;Revenus;Évolutions;Norvia Belgique SA;Flandre;20782,31
Budget 2026;2026-09;SN/Legacy;Revenus;Évolutions;Norvia Belgique SA;Wallonie;14451,70
Budget 2026;2026-09;SN/Legacy;Revenus;Évolutions;Norvia France SAS;Hauts-de-France;13362,92
Budget 2026;2026-09;SN/Legacy;Revenus;Évolutions;Norvia France SAS;Île-de-France;27441,15
Budget 2026;2026-09;SN/Legacy;Coûts;Équipe maintenance;Norvia Belgique SA;Bruxelles;53855,91
Budget 2026;2026-09;SN/Legacy;Coûts;Équipe maintenance;Norvia Belgique SA;Flandre;45576,10
Budget 2026;2026-09;SN/Legacy;Coûts;Équipe maintenance;Norvia Belgique SA;Wallonie;32220,03
Budget 2026;2026-09;SN/Legacy;Coûts;Équipe maintenance;Norvia France SAS;Hauts-de-France;31151,07
Budget 2026;2026-09;SN/Legacy;Coûts;Équipe maintenance;Norvia France SAS;Île-de-France;67723,96
Budget 2026;2026-09;SN/Legacy;Coûts;Sous-traitance;Norvia Belgique SA;Bruxelles;9616,63
Budget 2026;2026-09;SN/Legacy;Coûts;Sous-traitance;Norvia Belgique SA;Flandre;7887,93
Budget 2026;2026-09;SN/Legacy;Coûts;Sous-traitance;Norvia Belgique SA;Wallonie;5376,02
Budget 2026;2026-09;SN/Legacy;Coûts;Sous-traitance;Norvia France SAS;Hauts-de-France;5489,68
Budget 2026;2026-09;SN/Legacy;Coûts;Sous-traitance;Norvia France SAS;Île-de-France;11489,90
Budget 2026;2026-09;Services;Revenus;Conseil;Norvia Belgique SA;Bruxelles;162534,87
Budget 2026;2026-09;Services;Revenus;Conseil;Norvia Belgique SA;Flandre;127846,08
Budget 2026;2026-09;Services;Revenus;Conseil;Norvia Belgique SA;Wallonie;102254,15
Budget 2026;2026-09;Services;Revenus;Conseil;Norvia France SAS;Hauts-de-France;92587,95
Budget 2026;2026-09;Services;Revenus;Conseil;Norvia France SAS;Île-de-France;196292,40
Budget 2026;2026-09;Services;Revenus;Intégration;Norvia Belgique SA;Bruxelles;122258,86
Budget 2026;2026-09;Services;Revenus;Intégration;Norvia Belgique SA;Flandre;88903,10
Budget 2026;2026-09;Services;Revenus;Intégration;Norvia Belgique SA;Wallonie;71592,23
Budget 2026;2026-09;Services;Revenus;Intégration;Norvia France SAS;Hauts-de-France;72266,31
Budget 2026;2026-09;Services;Revenus;Intégration;Norvia France SAS;Île-de-France;133729,54
Budget 2026;2026-09;Services;Coûts;Consultants;Norvia Belgique SA;Bruxelles;161492,52
Budget 2026;2026-09;Services;Coûts;Consultants;Norvia Belgique SA;Flandre;149426,62
Budget 2026;2026-09;Services;Coûts;Consultants;Norvia Belgique SA;Wallonie;100663,06
Budget 2026;2026-09;Services;Coûts;Consultants;Norvia France SAS;Hauts-de-France;104855,38
Budget 2026;2026-09;Services;Coûts;Consultants;Norvia France SAS;Île-de-France;198642,24
Budget 2026;2026-09;Services;Coûts;Sous-traitance services;Norvia Belgique SA;Bruxelles;34148,69
Budget 2026;2026-09;Services;Coûts;Sous-traitance services;Norvia Belgique SA;Flandre;26850,72
Budget 2026;2026-09;Services;Coûts;Sous-traitance services;Norvia Belgique SA;Wallonie;20757,52
Budget 2026;2026-09;Services;Coûts;Sous-traitance services;Norvia France SAS;Hauts-de-France;20992,41
Budget 2026;2026-09;Services;Coûts;Sous-traitance services;Norvia France SAS;Île-de-France;41938,10
Budget 2026;2026-09;Licences;Revenus;Licences perpétuelles;Norvia Belgique SA;Bruxelles;49736,03
Budget 2026;2026-09;Licences;Revenus;Licences perpétuelles;Norvia Belgique SA;Flandre;36272,17
Budget 2026;2026-09;Licences;Revenus;Licences perpétuelles;Norvia Belgique SA;Wallonie;27985,08
Budget 2026;2026-09;Licences;Revenus;Licences perpétuelles;Norvia France SAS;Hauts-de-France;26198,21
Budget 2026;2026-09;Licences;Revenus;Licences perpétuelles;Norvia France SAS;Île-de-France;53398,80
Budget 2026;2026-09;Licences;Revenus;Renouvellements;Norvia Belgique SA;Bruxelles;82629,72
Budget 2026;2026-09;Licences;Revenus;Renouvellements;Norvia Belgique SA;Flandre;70724,22
Budget 2026;2026-09;Licences;Revenus;Renouvellements;Norvia Belgique SA;Wallonie;45042,79
Budget 2026;2026-09;Licences;Revenus;Renouvellements;Norvia France SAS;Hauts-de-France;46376,09
Budget 2026;2026-09;Licences;Revenus;Renouvellements;Norvia France SAS;Île-de-France;98693,32
Budget 2026;2026-09;Licences;Coûts;Redevances éditeurs;Norvia Belgique SA;Bruxelles;31621,52
Budget 2026;2026-09;Licences;Coûts;Redevances éditeurs;Norvia Belgique SA;Flandre;26021,11
Budget 2026;2026-09;Licences;Coûts;Redevances éditeurs;Norvia Belgique SA;Wallonie;19742,43
Budget 2026;2026-09;Licences;Coûts;Redevances éditeurs;Norvia France SAS;Hauts-de-France;18418,76
Budget 2026;2026-09;Licences;Coûts;Redevances éditeurs;Norvia France SAS;Île-de-France;37304,56
Budget 2026;2026-09;Formation;Revenus;Sessions inter;Norvia Belgique SA;Bruxelles;36498,22
Budget 2026;2026-09;Formation;Revenus;Sessions inter;Norvia Belgique SA;Flandre;29478,89
Budget 2026;2026-09;Formation;Revenus;Sessions inter;Norvia Belgique SA;Wallonie;19093,16
Budget 2026;2026-09;Formation;Revenus;Sessions inter;Norvia France SAS;Hauts-de-France;19040,46
Budget 2026;2026-09;Formation;Revenus;Sessions inter;Norvia France SAS;Île-de-France;41471,94
Budget 2026;2026-09;Formation;Revenus;Sessions intra;Norvia Belgique SA;Bruxelles;26879,31
Budget 2026;2026-09;Formation;Revenus;Sessions intra;Norvia Belgique SA;Flandre;23223,20
Budget 2026;2026-09;Formation;Revenus;Sessions intra;Norvia Belgique SA;Wallonie;14187,80
Budget 2026;2026-09;Formation;Revenus;Sessions intra;Norvia France SAS;Hauts-de-France;15765,13
Budget 2026;2026-09;Formation;Revenus;Sessions intra;Norvia France SAS;Île-de-France;31383,27
Budget 2026;2026-09;Formation;Coûts;Formateurs;Norvia Belgique SA;Bruxelles;34128,61
Budget 2026;2026-09;Formation;Coûts;Formateurs;Norvia Belgique SA;Flandre;28056,45
Budget 2026;2026-09;Formation;Coûts;Formateurs;Norvia Belgique SA;Wallonie;20216,81
Budget 2026;2026-09;Formation;Coûts;Formateurs;Norvia France SAS;Hauts-de-France;19615,61
Budget 2026;2026-09;Formation;Coûts;Formateurs;Norvia France SAS;Île-de-France;43715,31
Budget 2026;2026-09;Formation;Coûts;Salles et logistique;Norvia Belgique SA;Bruxelles;13193,21
Budget 2026;2026-09;Formation;Coûts;Salles et logistique;Norvia Belgique SA;Flandre;10555,98
Budget 2026;2026-09;Formation;Coûts;Salles et logistique;Norvia Belgique SA;Wallonie;7584,82
Budget 2026;2026-09;Formation;Coûts;Salles et logistique;Norvia France SAS;Hauts-de-France;7288,09
Budget 2026;2026-09;Formation;Coûts;Salles et logistique;Norvia France SAS;Île-de-France;16138,44
Budget 2026;2026-10;Cloud;Revenus;Abonnements SaaS;Norvia Belgique SA;Bruxelles;161819,17
Budget 2026;2026-10;Cloud;Revenus;Abonnements SaaS;Norvia Belgique SA;Flandre;136834,35
Budget 2026;2026-10;Cloud;Revenus;Abonnements SaaS;Norvia Belgique SA;Wallonie;104005,22
Budget 2026;2026-10;Cloud;Revenus;Abonnements SaaS;Norvia France SAS;Hauts-de-France;96689,36
Budget 2026;2026-10;Cloud;Revenus;Abonnements SaaS;Norvia France SAS;Île-de-France;211108,31
Budget 2026;2026-10;Cloud;Revenus;Mise en service;Norvia Belgique SA;Bruxelles;41582,16
Budget 2026;2026-10;Cloud;Revenus;Mise en service;Norvia Belgique SA;Flandre;35776,07
Budget 2026;2026-10;Cloud;Revenus;Mise en service;Norvia Belgique SA;Wallonie;27235,11
Budget 2026;2026-10;Cloud;Revenus;Mise en service;Norvia France SAS;Hauts-de-France;26327,08
Budget 2026;2026-10;Cloud;Revenus;Mise en service;Norvia France SAS;Île-de-France;56670,83
Budget 2026;2026-10;Cloud;Revenus;Hébergement managé;Norvia Belgique SA;Bruxelles;34974,74
Budget 2026;2026-10;Cloud;Revenus;Hébergement managé;Norvia Belgique SA;Flandre;28341,24
Budget 2026;2026-10;Cloud;Revenus;Hébergement managé;Norvia Belgique SA;Wallonie;19975,68
Budget 2026;2026-10;Cloud;Revenus;Hébergement managé;Norvia France SAS;Hauts-de-France;18149,06
Budget 2026;2026-10;Cloud;Revenus;Hébergement managé;Norvia France SAS;Île-de-France;35947,13
Budget 2026;2026-10;Cloud;Coûts;Coûts d'hébergement;Norvia Belgique SA;Bruxelles;64993,72
Budget 2026;2026-10;Cloud;Coûts;Coûts d'hébergement;Norvia Belgique SA;Flandre;53309,21
Budget 2026;2026-10;Cloud;Coûts;Coûts d'hébergement;Norvia Belgique SA;Wallonie;38560,69
Budget 2026;2026-10;Cloud;Coûts;Coûts d'hébergement;Norvia France SAS;Hauts-de-France;36862,59
Budget 2026;2026-10;Cloud;Coûts;Coûts d'hébergement;Norvia France SAS;Île-de-France;76863,98
Budget 2026;2026-10;Cloud;Coûts;Support N2;Norvia Belgique SA;Bruxelles;20132,35
Budget 2026;2026-10;Cloud;Coûts;Support N2;Norvia Belgique SA;Flandre;15715,62
Budget 2026;2026-10;Cloud;Coûts;Support N2;Norvia Belgique SA;Wallonie;10584,94
Budget 2026;2026-10;Cloud;Coûts;Support N2;Norvia France SAS;Hauts-de-France;10734,12
Budget 2026;2026-10;Cloud;Coûts;Support N2;Norvia France SAS;Île-de-France;20651,17
Budget 2026;2026-10;SN/Legacy;Revenus;Maintenance grands comptes;Norvia Belgique SA;Bruxelles;20756,36
Budget 2026;2026-10;SN/Legacy;Revenus;Maintenance grands comptes;Norvia Belgique SA;Flandre;19204,48
Budget 2026;2026-10;SN/Legacy;Revenus;Maintenance grands comptes;Norvia Belgique SA;Wallonie;11928,38
Budget 2026;2026-10;SN/Legacy;Revenus;Maintenance grands comptes;Norvia France SAS;Hauts-de-France;13593,41
Budget 2026;2026-10;SN/Legacy;Revenus;Maintenance grands comptes;Norvia France SAS;Île-de-France;24580,15
Budget 2026;2026-10;SN/Legacy;Revenus;Maintenance PME;Norvia Belgique SA;Bruxelles;45022,26
Budget 2026;2026-10;SN/Legacy;Revenus;Maintenance PME;Norvia Belgique SA;Flandre;41054,93
Budget 2026;2026-10;SN/Legacy;Revenus;Maintenance PME;Norvia Belgique SA;Wallonie;26965,08
Budget 2026;2026-10;SN/Legacy;Revenus;Maintenance PME;Norvia France SAS;Hauts-de-France;28411,05
Budget 2026;2026-10;SN/Legacy;Revenus;Maintenance PME;Norvia France SAS;Île-de-France;57785,01
Budget 2026;2026-10;SN/Legacy;Revenus;Évolutions;Norvia Belgique SA;Bruxelles;24200,27
Budget 2026;2026-10;SN/Legacy;Revenus;Évolutions;Norvia Belgique SA;Flandre;19276,14
Budget 2026;2026-10;SN/Legacy;Revenus;Évolutions;Norvia Belgique SA;Wallonie;14941,27
Budget 2026;2026-10;SN/Legacy;Revenus;Évolutions;Norvia France SAS;Hauts-de-France;14389,79
Budget 2026;2026-10;SN/Legacy;Revenus;Évolutions;Norvia France SAS;Île-de-France;27479,43
Budget 2026;2026-10;SN/Legacy;Coûts;Équipe maintenance;Norvia Belgique SA;Bruxelles;57023,39
Budget 2026;2026-10;SN/Legacy;Coûts;Équipe maintenance;Norvia Belgique SA;Flandre;41618,13
Budget 2026;2026-10;SN/Legacy;Coûts;Équipe maintenance;Norvia Belgique SA;Wallonie;33751,32
Budget 2026;2026-10;SN/Legacy;Coûts;Équipe maintenance;Norvia France SAS;Hauts-de-France;33326,27
Budget 2026;2026-10;SN/Legacy;Coûts;Équipe maintenance;Norvia France SAS;Île-de-France;68110,73
Budget 2026;2026-10;SN/Legacy;Coûts;Sous-traitance;Norvia Belgique SA;Bruxelles;9919,35
Budget 2026;2026-10;SN/Legacy;Coûts;Sous-traitance;Norvia Belgique SA;Flandre;8079,15
Budget 2026;2026-10;SN/Legacy;Coûts;Sous-traitance;Norvia Belgique SA;Wallonie;5476,48
Budget 2026;2026-10;SN/Legacy;Coûts;Sous-traitance;Norvia France SAS;Hauts-de-France;5064,67
Budget 2026;2026-10;SN/Legacy;Coûts;Sous-traitance;Norvia France SAS;Île-de-France;11382,99
Budget 2026;2026-10;Services;Revenus;Conseil;Norvia Belgique SA;Bruxelles;164842,47
Budget 2026;2026-10;Services;Revenus;Conseil;Norvia Belgique SA;Flandre;136824,07
Budget 2026;2026-10;Services;Revenus;Conseil;Norvia Belgique SA;Wallonie;95169,70
Budget 2026;2026-10;Services;Revenus;Conseil;Norvia France SAS;Hauts-de-France;95495,30
Budget 2026;2026-10;Services;Revenus;Conseil;Norvia France SAS;Île-de-France;192106,17
Budget 2026;2026-10;Services;Revenus;Intégration;Norvia Belgique SA;Bruxelles;116475,97
Budget 2026;2026-10;Services;Revenus;Intégration;Norvia Belgique SA;Flandre;92978,04
Budget 2026;2026-10;Services;Revenus;Intégration;Norvia Belgique SA;Wallonie;69395,94
Budget 2026;2026-10;Services;Revenus;Intégration;Norvia France SAS;Hauts-de-France;70926,38
Budget 2026;2026-10;Services;Revenus;Intégration;Norvia France SAS;Île-de-France;143327,86
Budget 2026;2026-10;Services;Coûts;Consultants;Norvia Belgique SA;Bruxelles;180884,73
Budget 2026;2026-10;Services;Coûts;Consultants;Norvia Belgique SA;Flandre;152931,51
Budget 2026;2026-10;Services;Coûts;Consultants;Norvia Belgique SA;Wallonie;94312,76
Budget 2026;2026-10;Services;Coûts;Consultants;Norvia France SAS;Hauts-de-France;103929,86
Budget 2026;2026-10;Services;Coûts;Consultants;Norvia France SAS;Île-de-France;193101,80
Budget 2026;2026-10;Services;Coûts;Sous-traitance services;Norvia Belgique SA;Bruxelles;34274,14
Budget 2026;2026-10;Services;Coûts;Sous-traitance services;Norvia Belgique SA;Flandre;28276,95
Budget 2026;2026-10;Services;Coûts;Sous-traitance services;Norvia Belgique SA;Wallonie;22076,02
Budget 2026;2026-10;Services;Coûts;Sous-traitance services;Norvia France SAS;Hauts-de-France;19426,03
Budget 2026;2026-10;Services;Coûts;Sous-traitance services;Norvia France SAS;Île-de-France;42058,50
Budget 2026;2026-10;Licences;Revenus;Licences perpétuelles;Norvia Belgique SA;Bruxelles;42604,81
Budget 2026;2026-10;Licences;Revenus;Licences perpétuelles;Norvia Belgique SA;Flandre;39303,19
Budget 2026;2026-10;Licences;Revenus;Licences perpétuelles;Norvia Belgique SA;Wallonie;27038,83
Budget 2026;2026-10;Licences;Revenus;Licences perpétuelles;Norvia France SAS;Hauts-de-France;23829,94
Budget 2026;2026-10;Licences;Revenus;Licences perpétuelles;Norvia France SAS;Île-de-France;49733,97
Budget 2026;2026-10;Licences;Revenus;Renouvellements;Norvia Belgique SA;Bruxelles;77130,07
Budget 2026;2026-10;Licences;Revenus;Renouvellements;Norvia Belgique SA;Flandre;63757,95
Budget 2026;2026-10;Licences;Revenus;Renouvellements;Norvia Belgique SA;Wallonie;43390,18
Budget 2026;2026-10;Licences;Revenus;Renouvellements;Norvia France SAS;Hauts-de-France;47715,41
Budget 2026;2026-10;Licences;Revenus;Renouvellements;Norvia France SAS;Île-de-France;91735,07
Budget 2026;2026-10;Licences;Coûts;Redevances éditeurs;Norvia Belgique SA;Bruxelles;31189,28
Budget 2026;2026-10;Licences;Coûts;Redevances éditeurs;Norvia Belgique SA;Flandre;24640,83
Budget 2026;2026-10;Licences;Coûts;Redevances éditeurs;Norvia Belgique SA;Wallonie;15924,96
Budget 2026;2026-10;Licences;Coûts;Redevances éditeurs;Norvia France SAS;Hauts-de-France;18378,13
Budget 2026;2026-10;Licences;Coûts;Redevances éditeurs;Norvia France SAS;Île-de-France;37815,02
Budget 2026;2026-10;Formation;Revenus;Sessions inter;Norvia Belgique SA;Bruxelles;37352,12
Budget 2026;2026-10;Formation;Revenus;Sessions inter;Norvia Belgique SA;Flandre;33804,49
Budget 2026;2026-10;Formation;Revenus;Sessions inter;Norvia Belgique SA;Wallonie;24218,05
Budget 2026;2026-10;Formation;Revenus;Sessions inter;Norvia France SAS;Hauts-de-France;23264,30
Budget 2026;2026-10;Formation;Revenus;Sessions inter;Norvia France SAS;Île-de-France;47881,30
Budget 2026;2026-10;Formation;Revenus;Sessions intra;Norvia Belgique SA;Bruxelles;32217,83
Budget 2026;2026-10;Formation;Revenus;Sessions intra;Norvia Belgique SA;Flandre;24522,49
Budget 2026;2026-10;Formation;Revenus;Sessions intra;Norvia Belgique SA;Wallonie;17775,22
Budget 2026;2026-10;Formation;Revenus;Sessions intra;Norvia France SAS;Hauts-de-France;16358,26
Budget 2026;2026-10;Formation;Revenus;Sessions intra;Norvia France SAS;Île-de-France;34616,43
Budget 2026;2026-10;Formation;Coûts;Formateurs;Norvia Belgique SA;Bruxelles;41988,73
Budget 2026;2026-10;Formation;Coûts;Formateurs;Norvia Belgique SA;Flandre;33819,33
Budget 2026;2026-10;Formation;Coûts;Formateurs;Norvia Belgique SA;Wallonie;22078,58
Budget 2026;2026-10;Formation;Coûts;Formateurs;Norvia France SAS;Hauts-de-France;25267,01
Budget 2026;2026-10;Formation;Coûts;Formateurs;Norvia France SAS;Île-de-France;44696,58
Budget 2026;2026-10;Formation;Coûts;Salles et logistique;Norvia Belgique SA;Bruxelles;14791,32
Budget 2026;2026-10;Formation;Coûts;Salles et logistique;Norvia Belgique SA;Flandre;12991,25
Budget 2026;2026-10;Formation;Coûts;Salles et logistique;Norvia Belgique SA;Wallonie;8498,85
Budget 2026;2026-10;Formation;Coûts;Salles et logistique;Norvia France SAS;Hauts-de-France;9426,73
Budget 2026;2026-10;Formation;Coûts;Salles et logistique;Norvia France SAS;Île-de-France;16517,85
Budget 2026;2026-11;Cloud;Revenus;Abonnements SaaS;Norvia Belgique SA;Bruxelles;185534,12
Budget 2026;2026-11;Cloud;Revenus;Abonnements SaaS;Norvia Belgique SA;Flandre;136070,90
Budget 2026;2026-11;Cloud;Revenus;Abonnements SaaS;Norvia Belgique SA;Wallonie;101753,05
Budget 2026;2026-11;Cloud;Revenus;Abonnements SaaS;Norvia France SAS;Hauts-de-France;107917,31
Budget 2026;2026-11;Cloud;Revenus;Abonnements SaaS;Norvia France SAS;Île-de-France;197814,14
Budget 2026;2026-11;Cloud;Revenus;Mise en service;Norvia Belgique SA;Bruxelles;42303,99
Budget 2026;2026-11;Cloud;Revenus;Mise en service;Norvia Belgique SA;Flandre;41114,26
Budget 2026;2026-11;Cloud;Revenus;Mise en service;Norvia Belgique SA;Wallonie;26163,05
Budget 2026;2026-11;Cloud;Revenus;Mise en service;Norvia France SAS;Hauts-de-France;27786,08
Budget 2026;2026-11;Cloud;Revenus;Mise en service;Norvia France SAS;Île-de-France;54491,99
Budget 2026;2026-11;Cloud;Revenus;Hébergement managé;Norvia Belgique SA;Bruxelles;33553,08
Budget 2026;2026-11;Cloud;Revenus;Hébergement managé;Norvia Belgique SA;Flandre;27995,40
Budget 2026;2026-11;Cloud;Revenus;Hébergement managé;Norvia Belgique SA;Wallonie;22036,52
Budget 2026;2026-11;Cloud;Revenus;Hébergement managé;Norvia France SAS;Hauts-de-France;18582,34
Budget 2026;2026-11;Cloud;Revenus;Hébergement managé;Norvia France SAS;Île-de-France;39191,08
Budget 2026;2026-11;Cloud;Coûts;Coûts d'hébergement;Norvia Belgique SA;Bruxelles;64735,84
Budget 2026;2026-11;Cloud;Coûts;Coûts d'hébergement;Norvia Belgique SA;Flandre;50937,63
Budget 2026;2026-11;Cloud;Coûts;Coûts d'hébergement;Norvia Belgique SA;Wallonie;40457,60
Budget 2026;2026-11;Cloud;Coûts;Coûts d'hébergement;Norvia France SAS;Hauts-de-France;39451,87
Budget 2026;2026-11;Cloud;Coûts;Coûts d'hébergement;Norvia France SAS;Île-de-France;80841,49
Budget 2026;2026-11;Cloud;Coûts;Support N2;Norvia Belgique SA;Bruxelles;18518,48
Budget 2026;2026-11;Cloud;Coûts;Support N2;Norvia Belgique SA;Flandre;15407,70
Budget 2026;2026-11;Cloud;Coûts;Support N2;Norvia Belgique SA;Wallonie;11821,51
Budget 2026;2026-11;Cloud;Coûts;Support N2;Norvia France SAS;Hauts-de-France;10605,18
Budget 2026;2026-11;Cloud;Coûts;Support N2;Norvia France SAS;Île-de-France;22464,32
Budget 2026;2026-11;SN/Legacy;Revenus;Maintenance grands comptes;Norvia Belgique SA;Bruxelles;20527,05
Budget 2026;2026-11;SN/Legacy;Revenus;Maintenance grands comptes;Norvia Belgique SA;Flandre;17993,54
Budget 2026;2026-11;SN/Legacy;Revenus;Maintenance grands comptes;Norvia Belgique SA;Wallonie;11954
Budget 2026;2026-11;SN/Legacy;Revenus;Maintenance grands comptes;Norvia France SAS;Hauts-de-France;13733,81
Budget 2026;2026-11;SN/Legacy;Revenus;Maintenance grands comptes;Norvia France SAS;Île-de-France;26185,77
Budget 2026;2026-11;SN/Legacy;Revenus;Maintenance PME;Norvia Belgique SA;Bruxelles;50051,37
Budget 2026;2026-11;SN/Legacy;Revenus;Maintenance PME;Norvia Belgique SA;Flandre;36976,02
Budget 2026;2026-11;SN/Legacy;Revenus;Maintenance PME;Norvia Belgique SA;Wallonie;29365,92
Budget 2026;2026-11;SN/Legacy;Revenus;Maintenance PME;Norvia France SAS;Hauts-de-France;27346,15
Budget 2026;2026-11;SN/Legacy;Revenus;Maintenance PME;Norvia France SAS;Île-de-France;55832,88
Budget 2026;2026-11;SN/Legacy;Revenus;Évolutions;Norvia Belgique SA;Bruxelles;24912,21
Budget 2026;2026-11;SN/Legacy;Revenus;Évolutions;Norvia Belgique SA;Flandre;18561,30
Budget 2026;2026-11;SN/Legacy;Revenus;Évolutions;Norvia Belgique SA;Wallonie;14314,54
Budget 2026;2026-11;SN/Legacy;Revenus;Évolutions;Norvia France SAS;Hauts-de-France;14023,46
Budget 2026;2026-11;SN/Legacy;Revenus;Évolutions;Norvia France SAS;Île-de-France;27914,86
Budget 2026;2026-11;SN/Legacy;Coûts;Équipe maintenance;Norvia Belgique SA;Bruxelles;54267,19
Budget 2026;2026-11;SN/Legacy;Coûts;Équipe maintenance;Norvia Belgique SA;Flandre;47866,13
Budget 2026;2026-11;SN/Legacy;Coûts;Équipe maintenance;Norvia Belgique SA;Wallonie;34815,35
Budget 2026;2026-11;SN/Legacy;Coûts;Équipe maintenance;Norvia France SAS;Hauts-de-France;33977,17
Budget 2026;2026-11;SN/Legacy;Coûts;Équipe maintenance;Norvia France SAS;Île-de-France;60782,44
Budget 2026;2026-11;SN/Legacy;Coûts;Sous-traitance;Norvia Belgique SA;Bruxelles;9220,16
Budget 2026;2026-11;SN/Legacy;Coûts;Sous-traitance;Norvia Belgique SA;Flandre;8645,49
Budget 2026;2026-11;SN/Legacy;Coûts;Sous-traitance;Norvia Belgique SA;Wallonie;5806,07
Budget 2026;2026-11;SN/Legacy;Coûts;Sous-traitance;Norvia France SAS;Hauts-de-France;5809,22
Budget 2026;2026-11;SN/Legacy;Coûts;Sous-traitance;Norvia France SAS;Île-de-France;10644,17
Budget 2026;2026-11;Services;Revenus;Conseil;Norvia Belgique SA;Bruxelles;161581,65
Budget 2026;2026-11;Services;Revenus;Conseil;Norvia Belgique SA;Flandre;136432,02
Budget 2026;2026-11;Services;Revenus;Conseil;Norvia Belgique SA;Wallonie;97324,59
Budget 2026;2026-11;Services;Revenus;Conseil;Norvia France SAS;Hauts-de-France;91931,89
Budget 2026;2026-11;Services;Revenus;Conseil;Norvia France SAS;Île-de-France;177875,84
Budget 2026;2026-11;Services;Revenus;Intégration;Norvia Belgique SA;Bruxelles;121624,39
Budget 2026;2026-11;Services;Revenus;Intégration;Norvia Belgique SA;Flandre;90467,93
Budget 2026;2026-11;Services;Revenus;Intégration;Norvia Belgique SA;Wallonie;69006,12
Budget 2026;2026-11;Services;Revenus;Intégration;Norvia France SAS;Hauts-de-France;69893,48
Budget 2026;2026-11;Services;Revenus;Intégration;Norvia France SAS;Île-de-France;127945,71
Budget 2026;2026-11;Services;Coûts;Consultants;Norvia Belgique SA;Bruxelles;170061,11
Budget 2026;2026-11;Services;Coûts;Consultants;Norvia Belgique SA;Flandre;142948,75
Budget 2026;2026-11;Services;Coûts;Consultants;Norvia Belgique SA;Wallonie;94667,85
Budget 2026;2026-11;Services;Coûts;Consultants;Norvia France SAS;Hauts-de-France;89563,89
Budget 2026;2026-11;Services;Coûts;Consultants;Norvia France SAS;Île-de-France;203200,24
Budget 2026;2026-11;Services;Coûts;Sous-traitance services;Norvia Belgique SA;Bruxelles;34408,79
Budget 2026;2026-11;Services;Coûts;Sous-traitance services;Norvia Belgique SA;Flandre;28827,51
Budget 2026;2026-11;Services;Coûts;Sous-traitance services;Norvia Belgique SA;Wallonie;19198,25
Budget 2026;2026-11;Services;Coûts;Sous-traitance services;Norvia France SAS;Hauts-de-France;19854,98
Budget 2026;2026-11;Services;Coûts;Sous-traitance services;Norvia France SAS;Île-de-France;38657,39
Budget 2026;2026-11;Licences;Revenus;Licences perpétuelles;Norvia Belgique SA;Bruxelles;49604,98
Budget 2026;2026-11;Licences;Revenus;Licences perpétuelles;Norvia Belgique SA;Flandre;43718,69
Budget 2026;2026-11;Licences;Revenus;Licences perpétuelles;Norvia Belgique SA;Wallonie;26918,82
Budget 2026;2026-11;Licences;Revenus;Licences perpétuelles;Norvia France SAS;Hauts-de-France;30841,64
Budget 2026;2026-11;Licences;Revenus;Licences perpétuelles;Norvia France SAS;Île-de-France;59530,13
Budget 2026;2026-11;Licences;Revenus;Renouvellements;Norvia Belgique SA;Bruxelles;86831,20
Budget 2026;2026-11;Licences;Revenus;Renouvellements;Norvia Belgique SA;Flandre;78986,67
Budget 2026;2026-11;Licences;Revenus;Renouvellements;Norvia Belgique SA;Wallonie;52921,08
Budget 2026;2026-11;Licences;Revenus;Renouvellements;Norvia France SAS;Hauts-de-France;53683,65
Budget 2026;2026-11;Licences;Revenus;Renouvellements;Norvia France SAS;Île-de-France;103162,26
Budget 2026;2026-11;Licences;Coûts;Redevances éditeurs;Norvia Belgique SA;Bruxelles;35856,66
Budget 2026;2026-11;Licences;Coûts;Redevances éditeurs;Norvia Belgique SA;Flandre;28244,26
Budget 2026;2026-11;Licences;Coûts;Redevances éditeurs;Norvia Belgique SA;Wallonie;20796,72
Budget 2026;2026-11;Licences;Coûts;Redevances éditeurs;Norvia France SAS;Hauts-de-France;21266,86
Budget 2026;2026-11;Licences;Coûts;Redevances éditeurs;Norvia France SAS;Île-de-France;39282,99
Budget 2026;2026-11;Formation;Revenus;Sessions inter;Norvia Belgique SA;Bruxelles;40437,68
Budget 2026;2026-11;Formation;Revenus;Sessions inter;Norvia Belgique SA;Flandre;33247,12
Budget 2026;2026-11;Formation;Revenus;Sessions inter;Norvia Belgique SA;Wallonie;21345,35
Budget 2026;2026-11;Formation;Revenus;Sessions inter;Norvia France SAS;Hauts-de-France;22510,29
Budget 2026;2026-11;Formation;Revenus;Sessions inter;Norvia France SAS;Île-de-France;44248,91
Budget 2026;2026-11;Formation;Revenus;Sessions intra;Norvia Belgique SA;Bruxelles;26742,51
Budget 2026;2026-11;Formation;Revenus;Sessions intra;Norvia Belgique SA;Flandre;25428,06
Budget 2026;2026-11;Formation;Revenus;Sessions intra;Norvia Belgique SA;Wallonie;17671,08
Budget 2026;2026-11;Formation;Revenus;Sessions intra;Norvia France SAS;Hauts-de-France;15343,65
Budget 2026;2026-11;Formation;Revenus;Sessions intra;Norvia France SAS;Île-de-France;33724,38
Budget 2026;2026-11;Formation;Coûts;Formateurs;Norvia Belgique SA;Bruxelles;38229,81
Budget 2026;2026-11;Formation;Coûts;Formateurs;Norvia Belgique SA;Flandre;32122,71
Budget 2026;2026-11;Formation;Coûts;Formateurs;Norvia Belgique SA;Wallonie;21709,02
Budget 2026;2026-11;Formation;Coûts;Formateurs;Norvia France SAS;Hauts-de-France;23551,89
Budget 2026;2026-11;Formation;Coûts;Formateurs;Norvia France SAS;Île-de-France;46114,20
Budget 2026;2026-11;Formation;Coûts;Salles et logistique;Norvia Belgique SA;Bruxelles;14111,71
Budget 2026;2026-11;Formation;Coûts;Salles et logistique;Norvia Belgique SA;Flandre;11904,70
Budget 2026;2026-11;Formation;Coûts;Salles et logistique;Norvia Belgique SA;Wallonie;7901,62
Budget 2026;2026-11;Formation;Coûts;Salles et logistique;Norvia France SAS;Hauts-de-France;8381,89
Budget 2026;2026-11;Formation;Coûts;Salles et logistique;Norvia France SAS;Île-de-France;17397,23
Budget 2026;2026-12;Cloud;Revenus;Abonnements SaaS;Norvia Belgique SA;Bruxelles;184830,86
Budget 2026;2026-12;Cloud;Revenus;Abonnements SaaS;Norvia Belgique SA;Flandre;148270,75
Budget 2026;2026-12;Cloud;Revenus;Abonnements SaaS;Norvia Belgique SA;Wallonie;110488,51
Budget 2026;2026-12;Cloud;Revenus;Abonnements SaaS;Norvia France SAS;Hauts-de-France;104716,19
Budget 2026;2026-12;Cloud;Revenus;Abonnements SaaS;Norvia France SAS;Île-de-France;200638,90
Budget 2026;2026-12;Cloud;Revenus;Mise en service;Norvia Belgique SA;Bruxelles;44236,93
Budget 2026;2026-12;Cloud;Revenus;Mise en service;Norvia Belgique SA;Flandre;39508,76
Budget 2026;2026-12;Cloud;Revenus;Mise en service;Norvia Belgique SA;Wallonie;27464,42
Budget 2026;2026-12;Cloud;Revenus;Mise en service;Norvia France SAS;Hauts-de-France;26948,56
Budget 2026;2026-12;Cloud;Revenus;Mise en service;Norvia France SAS;Île-de-France;56011,39
Budget 2026;2026-12;Cloud;Revenus;Hébergement managé;Norvia Belgique SA;Bruxelles;36889,87
Budget 2026;2026-12;Cloud;Revenus;Hébergement managé;Norvia Belgique SA;Flandre;27414,78
Budget 2026;2026-12;Cloud;Revenus;Hébergement managé;Norvia Belgique SA;Wallonie;20900,25
Budget 2026;2026-12;Cloud;Revenus;Hébergement managé;Norvia France SAS;Hauts-de-France;20623,34
Budget 2026;2026-12;Cloud;Revenus;Hébergement managé;Norvia France SAS;Île-de-France;39232,23
Budget 2026;2026-12;Cloud;Coûts;Coûts d'hébergement;Norvia Belgique SA;Bruxelles;66339,72
Budget 2026;2026-12;Cloud;Coûts;Coûts d'hébergement;Norvia Belgique SA;Flandre;59131,71
Budget 2026;2026-12;Cloud;Coûts;Coûts d'hébergement;Norvia Belgique SA;Wallonie;40295,17
Budget 2026;2026-12;Cloud;Coûts;Coûts d'hébergement;Norvia France SAS;Hauts-de-France;40363,23
Budget 2026;2026-12;Cloud;Coûts;Coûts d'hébergement;Norvia France SAS;Île-de-France;75247,40
Budget 2026;2026-12;Cloud;Coûts;Support N2;Norvia Belgique SA;Bruxelles;18559,34
Budget 2026;2026-12;Cloud;Coûts;Support N2;Norvia Belgique SA;Flandre;15605,53
Budget 2026;2026-12;Cloud;Coûts;Support N2;Norvia Belgique SA;Wallonie;11865,89
Budget 2026;2026-12;Cloud;Coûts;Support N2;Norvia France SAS;Hauts-de-France;11881,49
Budget 2026;2026-12;Cloud;Coûts;Support N2;Norvia France SAS;Île-de-France;21812,94
Budget 2026;2026-12;SN/Legacy;Revenus;Maintenance grands comptes;Norvia Belgique SA;Bruxelles;21409,19
Budget 2026;2026-12;SN/Legacy;Revenus;Maintenance grands comptes;Norvia Belgique SA;Flandre;17147,04
Budget 2026;2026-12;SN/Legacy;Revenus;Maintenance grands comptes;Norvia Belgique SA;Wallonie;11812,98
Budget 2026;2026-12;SN/Legacy;Revenus;Maintenance grands comptes;Norvia France SAS;Hauts-de-France;12612,10
Budget 2026;2026-12;SN/Legacy;Revenus;Maintenance grands comptes;Norvia France SAS;Île-de-France;26027,58
Budget 2026;2026-12;SN/Legacy;Revenus;Maintenance PME;Norvia Belgique SA;Bruxelles;50481,84
Budget 2026;2026-12;SN/Legacy;Revenus;Maintenance PME;Norvia Belgique SA;Flandre;40781,60
Budget 2026;2026-12;SN/Legacy;Revenus;Maintenance PME;Norvia Belgique SA;Wallonie;28063,09
Budget 2026;2026-12;SN/Legacy;Revenus;Maintenance PME;Norvia France SAS;Hauts-de-France;28237,81
Budget 2026;2026-12;SN/Legacy;Revenus;Maintenance PME;Norvia France SAS;Île-de-France;51861,56
Budget 2026;2026-12;SN/Legacy;Revenus;Évolutions;Norvia Belgique SA;Bruxelles;24548,17
Budget 2026;2026-12;SN/Legacy;Revenus;Évolutions;Norvia Belgique SA;Flandre;19668,22
Budget 2026;2026-12;SN/Legacy;Revenus;Évolutions;Norvia Belgique SA;Wallonie;12938,54
Budget 2026;2026-12;SN/Legacy;Revenus;Évolutions;Norvia France SAS;Hauts-de-France;14219,86
Budget 2026;2026-12;SN/Legacy;Revenus;Évolutions;Norvia France SAS;Île-de-France;28520,83
Budget 2026;2026-12;SN/Legacy;Coûts;Équipe maintenance;Norvia Belgique SA;Bruxelles;54378,26
Budget 2026;2026-12;SN/Legacy;Coûts;Équipe maintenance;Norvia Belgique SA;Flandre;49071,18
Budget 2026;2026-12;SN/Legacy;Coûts;Équipe maintenance;Norvia Belgique SA;Wallonie;31742,26
Budget 2026;2026-12;SN/Legacy;Coûts;Équipe maintenance;Norvia France SAS;Hauts-de-France;33567,07
Budget 2026;2026-12;SN/Legacy;Coûts;Équipe maintenance;Norvia France SAS;Île-de-France;64468,80
Budget 2026;2026-12;SN/Legacy;Coûts;Sous-traitance;Norvia Belgique SA;Bruxelles;9798,47
Budget 2026;2026-12;SN/Legacy;Coûts;Sous-traitance;Norvia Belgique SA;Flandre;7944,12
Budget 2026;2026-12;SN/Legacy;Coûts;Sous-traitance;Norvia Belgique SA;Wallonie;5407,02
Budget 2026;2026-12;SN/Legacy;Coûts;Sous-traitance;Norvia France SAS;Hauts-de-France;5589,55
Budget 2026;2026-12;SN/Legacy;Coûts;Sous-traitance;Norvia France SAS;Île-de-France;11281,57
Budget 2026;2026-12;Services;Revenus;Conseil;Norvia Belgique SA;Bruxelles;147733,77
Budget 2026;2026-12;Services;Revenus;Conseil;Norvia Belgique SA;Flandre;121286,71
Budget 2026;2026-12;Services;Revenus;Conseil;Norvia Belgique SA;Wallonie;88003,60
Budget 2026;2026-12;Services;Revenus;Conseil;Norvia France SAS;Hauts-de-France;88506,37
Budget 2026;2026-12;Services;Revenus;Conseil;Norvia France SAS;Île-de-France;176854,06
Budget 2026;2026-12;Services;Revenus;Intégration;Norvia Belgique SA;Bruxelles;105030,76
Budget 2026;2026-12;Services;Revenus;Intégration;Norvia Belgique SA;Flandre;87983,92
Budget 2026;2026-12;Services;Revenus;Intégration;Norvia Belgique SA;Wallonie;68040
Budget 2026;2026-12;Services;Revenus;Intégration;Norvia France SAS;Hauts-de-France;61854,41
Budget 2026;2026-12;Services;Revenus;Intégration;Norvia France SAS;Île-de-France;130765,22
Budget 2026;2026-12;Services;Coûts;Consultants;Norvia Belgique SA;Bruxelles;169881,28
Budget 2026;2026-12;Services;Coûts;Consultants;Norvia Belgique SA;Flandre;134639,91
Budget 2026;2026-12;Services;Coûts;Consultants;Norvia Belgique SA;Wallonie;87421,59
Budget 2026;2026-12;Services;Coûts;Consultants;Norvia France SAS;Hauts-de-France;85720,78
Budget 2026;2026-12;Services;Coûts;Consultants;Norvia France SAS;Île-de-France;171775,71
Budget 2026;2026-12;Services;Coûts;Sous-traitance services;Norvia Belgique SA;Bruxelles;33594,11
Budget 2026;2026-12;Services;Coûts;Sous-traitance services;Norvia Belgique SA;Flandre;27469
Budget 2026;2026-12;Services;Coûts;Sous-traitance services;Norvia Belgique SA;Wallonie;18342,89
Budget 2026;2026-12;Services;Coûts;Sous-traitance services;Norvia France SAS;Hauts-de-France;19774,44
Budget 2026;2026-12;Services;Coûts;Sous-traitance services;Norvia France SAS;Île-de-France;35495,17
Budget 2026;2026-12;Licences;Revenus;Licences perpétuelles;Norvia Belgique SA;Bruxelles;82524,06
Budget 2026;2026-12;Licences;Revenus;Licences perpétuelles;Norvia Belgique SA;Flandre;67816,81
Budget 2026;2026-12;Licences;Revenus;Licences perpétuelles;Norvia Belgique SA;Wallonie;46225,53
Budget 2026;2026-12;Licences;Revenus;Licences perpétuelles;Norvia France SAS;Hauts-de-France;45020,69
Budget 2026;2026-12;Licences;Revenus;Licences perpétuelles;Norvia France SAS;Île-de-France;103908,11
Budget 2026;2026-12;Licences;Revenus;Renouvellements;Norvia Belgique SA;Bruxelles;147643,94
Budget 2026;2026-12;Licences;Revenus;Renouvellements;Norvia Belgique SA;Flandre;122195,28
Budget 2026;2026-12;Licences;Revenus;Renouvellements;Norvia Belgique SA;Wallonie;79471,45
Budget 2026;2026-12;Licences;Revenus;Renouvellements;Norvia France SAS;Hauts-de-France;85400,47
Budget 2026;2026-12;Licences;Revenus;Renouvellements;Norvia France SAS;Île-de-France;181403,76
Budget 2026;2026-12;Licences;Coûts;Redevances éditeurs;Norvia Belgique SA;Bruxelles;56507,60
Budget 2026;2026-12;Licences;Coûts;Redevances éditeurs;Norvia Belgique SA;Flandre;45363,96
Budget 2026;2026-12;Licences;Coûts;Redevances éditeurs;Norvia Belgique SA;Wallonie;36118,63
Budget 2026;2026-12;Licences;Coûts;Redevances éditeurs;Norvia France SAS;Hauts-de-France;31950,02
Budget 2026;2026-12;Licences;Coûts;Redevances éditeurs;Norvia France SAS;Île-de-France;68795,24
Budget 2026;2026-12;Formation;Revenus;Sessions inter;Norvia Belgique SA;Bruxelles;35852,32
Budget 2026;2026-12;Formation;Revenus;Sessions inter;Norvia Belgique SA;Flandre;29819,56
Budget 2026;2026-12;Formation;Revenus;Sessions inter;Norvia Belgique SA;Wallonie;18237,82
Budget 2026;2026-12;Formation;Revenus;Sessions inter;Norvia France SAS;Hauts-de-France;19747,85
Budget 2026;2026-12;Formation;Revenus;Sessions inter;Norvia France SAS;Île-de-France;42439,54
Budget 2026;2026-12;Formation;Revenus;Sessions intra;Norvia Belgique SA;Bruxelles;27295,22
Budget 2026;2026-12;Formation;Revenus;Sessions intra;Norvia Belgique SA;Flandre;22251,84
Budget 2026;2026-12;Formation;Revenus;Sessions intra;Norvia Belgique SA;Wallonie;15010,45
Budget 2026;2026-12;Formation;Revenus;Sessions intra;Norvia France SAS;Hauts-de-France;15014,20
Budget 2026;2026-12;Formation;Revenus;Sessions intra;Norvia France SAS;Île-de-France;30271,35
Budget 2026;2026-12;Formation;Coûts;Formateurs;Norvia Belgique SA;Bruxelles;35592,02
Budget 2026;2026-12;Formation;Coûts;Formateurs;Norvia Belgique SA;Flandre;29945,06
Budget 2026;2026-12;Formation;Coûts;Formateurs;Norvia Belgique SA;Wallonie;18772,54
Budget 2026;2026-12;Formation;Coûts;Formateurs;Norvia France SAS;Hauts-de-France;19046,88
Budget 2026;2026-12;Formation;Coûts;Formateurs;Norvia France SAS;Île-de-France;43218,38
Budget 2026;2026-12;Formation;Coûts;Salles et logistique;Norvia Belgique SA;Bruxelles;12591,45
Budget 2026;2026-12;Formation;Coûts;Salles et logistique;Norvia Belgique SA;Flandre;11072,73
Budget 2026;2026-12;Formation;Coûts;Salles et logistique;Norvia Belgique SA;Wallonie;7774,36
Budget 2026;2026-12;Formation;Coûts;Salles et logistique;Norvia France SAS;Hauts-de-France;7816,94
Budget 2026;2026-12;Formation;Coûts;Salles et logistique;Norvia France SAS;Île-de-France;16290,53
