id_opportunite;date_creation;mois;trimestre;region;pays;commercial;client;secteur;etape;montant_eur;probabilite_pct;montant_pondere_eur;date_cloture_prevue
OPP-25-00001;2025-01-02;2025-01;T1 2025;Île-de-France;France;Mathieu G.;Défense Data;Services;Gagné;21040;100;21040;2025-02-21
OPP-25-00002;2025-01-02;2025-01;T1 2025;Wallonie;Belgique;Olivier F.;Hainaut Logistique;Logistique;Perdu;11640;0;0;2025-04-29
OPP-25-00003;2025-01-03;2025-01;T1 2025;Bruxelles;Belgique;Karim B.;Logis Ixelles;Construction;Perdu;8770;0;0;2025-05-09
OPP-25-00004;2025-01-03;2025-01;T1 2025;Wallonie;Belgique;Nadia B.;Intercommunale Meuse-Ourthe;Secteur public;Perdu;18350;0;0;2025-03-07
OPP-25-00005;2025-01-06;2025-01;T1 2025;Wallonie;Belgique;Julie M.;Groupe Famenne;Distribution;Perdu;31860;0;0;2025-03-02
OPP-25-00006;2025-01-07;2025-01;T1 2025;Île-de-France;France;Claire P.;Île Logistique;Logistique;Perdu;21610;0;0;2025-04-11
OPP-25-00007;2025-01-07;2025-01;T1 2025;Île-de-France;France;Laura S.;Hexagone Énergie;Énergie;Perdu;12270;0;0;2025-05-18
OPP-25-00008;2025-01-07;2025-01;T1 2025;Île-de-France;France;Yanis A.;Île Logistique;Logistique;Gagné;12450;100;12450;2025-03-13
OPP-25-00009;2025-01-08;2025-01;T1 2025;Hauts-de-France;France;Inès K.;Filature de Roubaix-Est;Industrie;Perdu;8600;0;0;2025-03-19
OPP-25-00010;2025-01-08;2025-01;T1 2025;Wallonie;Belgique;Julie M.;Clinique Mosane;Santé;Perdu;25150;0;0;2025-04-19
OPP-25-00011;2025-01-08;2025-01;T1 2025;Flandre;Belgique;Sarah W.;Vlasbloem Retail;Distribution;Perdu;8810;0;0;2025-05-25
OPP-25-00012;2025-01-09;2025-01;T1 2025;Hauts-de-France;France;Camille D.;Métropole Services;Services;Perdu;8500;0;0;2025-03-17
OPP-25-00013;2025-01-09;2025-01;T1 2025;Bruxelles;Belgique;Karim B.;Pharma Josaphat;Santé;Perdu;18370;0;0;2025-05-27
OPP-25-00014;2025-01-09;2025-01;T1 2025;Île-de-France;France;Laura S.;Marne Construction;Construction;Perdu;12100;0;0;2025-05-01
OPP-25-00015;2025-01-09;2025-01;T1 2025;Île-de-France;France;Yanis A.;Galeries Haussmann-Est;Distribution;Perdu;28470;0;0;2025-02-12
OPP-25-00016;2025-01-10;2025-01;T1 2025;Wallonie;Belgique;Antoine R.;Intercommunale Meuse-Ourthe;Secteur public;Perdu;5250;0;0;2025-05-10
OPP-25-00017;2025-01-10;2025-01;T1 2025;Wallonie;Belgique;Julie M.;Carrières du Condroz;Construction;Perdu;15910;0;0;2025-03-02
OPP-25-00018;2025-01-10;2025-01;T1 2025;Île-de-France;France;Mathieu G.;Marne Construction;Construction;Gagné;12600;100;12600;2025-02-27
OPP-25-00019;2025-01-10;2025-01;T1 2025;Wallonie;Belgique;Nadia B.;Verreries du Borinage;Industrie;Gagné;9990;100;9990;2025-05-02
OPP-25-00020;2025-01-10;2025-01;T1 2025;Hauts-de-France;France;Thomas L.;Métropole Services;Services;Perdu;8920;0;0;2025-03-02
OPP-25-00021;2025-01-13;2025-01;T1 2025;Île-de-France;France;Laura S.;Clinique Montsouris-Sud;Santé;Perdu;5000;0;0;2025-05-27
OPP-25-00022;2025-01-13;2025-01;T1 2025;Flandre;Belgique;Sarah W.;Noordzee Visserij;Agroalimentaire;Gagné;11780;100;11780;2025-04-14
OPP-25-00023;2025-01-13;2025-01;T1 2025;Bruxelles;Belgique;Sophie L.;Distrimarolles;Distribution;Perdu;16300;0;0;2025-04-10
OPP-25-00024;2025-01-14;2025-01;T1 2025;Bruxelles;Belgique;Élise V.;Clinique des Étangs;Santé;Perdu;17170;0;0;2025-03-06
OPP-25-00025;2025-01-14;2025-01;T1 2025;Wallonie;Belgique;Julie M.;Ardenne Bois;Industrie;Gagné;9950;100;9950;2025-04-27
OPP-25-00026;2025-01-14;2025-01;T1 2025;Bruxelles;Belgique;Karim B.;Fondation Horta;Secteur public;Gagné;19630;100;19630;2025-05-28
OPP-25-00027;2025-01-14;2025-01;T1 2025;Wallonie;Belgique;Olivier F.;Métallurgie Val-Saint-Lambert;Industrie;Perdu;11830;0;0;2025-04-05
OPP-25-00028;2025-01-15;2025-01;T1 2025;Île-de-France;France;Mathieu G.;Paris Saclay Labs;Santé;Perdu;5650;0;0;2025-05-14
OPP-25-00029;2025-01-15;2025-01;T1 2025;Wallonie;Belgique;Nadia B.;Ardenne Bois;Industrie;Gagné;10800;100;10800;2025-03-31
OPP-25-00030;2025-01-15;2025-01;T1 2025;Flandre;Belgique;Sarah W.;Vlasbloem Retail;Distribution;Perdu;24160;0;0;2025-04-01
OPP-25-00031;2025-01-16;2025-01;T1 2025;Bruxelles;Belgique;Élise V.;Distrimarolles;Distribution;Gagné;6040;100;6040;2025-04-26
OPP-25-00032;2025-01-16;2025-01;T1 2025;Wallonie;Belgique;Julie M.;Laiterie des Fagnes;Agroalimentaire;Perdu;22860;0;0;2025-03-17
OPP-25-00033;2025-01-16;2025-01;T1 2025;Flandre;Belgique;Pieter V.;Westhoek Metaal;Industrie;Proposition;30650;50;15325;2026-11-07
OPP-25-00034;2025-01-16;2025-01;T1 2025;Bruxelles;Belgique;Sophie L.;Hôtel Mont-des-Arts;Hôtellerie;Perdu;7720;0;0;2025-03-05
OPP-25-00035;2025-01-17;2025-01;T1 2025;Bruxelles;Belgique;Élise V.;Banque Sablon;Services financiers;Perdu;8190;0;0;2025-06-08
OPP-25-00036;2025-01-17;2025-01;T1 2025;Hauts-de-France;France;Inès K.;Sucrerie de la Somme;Agroalimentaire;Gagné;18590;100;18590;2025-03-17
OPP-25-00037;2025-01-17;2025-01;T1 2025;Hauts-de-France;France;Inès K.;Clinique du Beffroi;Santé;Gagné;9200;100;9200;2025-04-30
OPP-25-00038;2025-01-17;2025-01;T1 2025;Wallonie;Belgique;Julie M.;Hainaut Logistique;Logistique;Perdu;16180;0;0;2025-05-16
OPP-25-00039;2025-01-20;2025-01;T1 2025;Hauts-de-France;France;Camille D.;Filature de Roubaix-Est;Industrie;Perdu;12690;0;0;2025-05-23
OPP-25-00040;2025-01-20;2025-01;T1 2025;Wallonie;Belgique;Nadia B.;Ardenne Bois;Industrie;Perdu;11220;0;0;2025-04-26
OPP-25-00041;2025-01-20;2025-01;T1 2025;Flandre;Belgique;Pieter V.;Mercator Zorg;Santé;Proposition;9420;50;4710;2026-12-21
OPP-25-00042;2025-01-20;2025-01;T1 2025;Bruxelles;Belgique;Sophie L.;Fondation Horta;Secteur public;Perdu;17950;0;0;2025-02-21
OPP-25-00043;2025-01-20;2025-01;T1 2025;Bruxelles;Belgique;Sophie L.;Novacité;Services;Perdu;6730;0;0;2025-03-22
OPP-25-00044;2025-01-21;2025-01;T1 2025;Île-de-France;France;Laura S.;Seine Finance;Services financiers;Perdu;17580;0;0;2025-04-21
OPP-25-00045;2025-01-21;2025-01;T1 2025;Wallonie;Belgique;Olivier F.;Fonderies de Sambre;Industrie;Perdu;11220;0;0;2025-05-13
OPP-25-00046;2025-01-21;2025-01;T1 2025;Flandre;Belgique;Pieter V.;Haven Coatings;Industrie;Perdu;17140;0;0;2025-05-30
OPP-25-00047;2025-01-22;2025-01;T1 2025;Wallonie;Belgique;Antoine R.;Hainaut Logistique;Logistique;Perdu;34280;0;0;2025-05-18
OPP-25-00048;2025-01-22;2025-01;T1 2025;Wallonie;Belgique;Antoine R.;Clinique Mosane;Santé;Perdu;8250;0;0;2025-03-03
OPP-25-00049;2025-01-22;2025-01;T1 2025;Hauts-de-France;France;Camille D.;Verlinghem Énergie;Énergie;Perdu;13040;0;0;2025-05-11
OPP-25-00050;2025-01-22;2025-01;T1 2025;Île-de-France;France;Claire P.;Hexagone Énergie;Énergie;Perdu;24750;0;0;2025-05-28
OPP-25-00051;2025-01-22;2025-01;T1 2025;Île-de-France;France;Claire P.;Paris Saclay Labs;Santé;Perdu;5930;0;0;2025-02-22
OPP-25-00052;2025-01-22;2025-01;T1 2025;Flandre;Belgique;Jens M.;Westhoek Metaal;Industrie;Gagné;13520;100;13520;2025-03-31
OPP-25-00053;2025-01-22;2025-01;T1 2025;Flandre;Belgique;Lotte D.;Brouwerij Scheldekant;Agroalimentaire;Perdu;13240;0;0;2025-04-05
OPP-25-00054;2025-01-22;2025-01;T1 2025;Bruxelles;Belgique;Sophie L.;Novacité;Services;Gagné;19030;100;19030;2025-03-26
OPP-25-00055;2025-01-23;2025-01;T1 2025;Flandre;Belgique;Lotte D.;Mercator Zorg;Santé;Perdu;13960;0;0;2025-06-01
OPP-25-00056;2025-01-24;2025-01;T1 2025;Île-de-France;France;Claire P.;Défense Data;Services;Gagné;10840;100;10840;2025-06-10
OPP-25-00057;2025-01-24;2025-01;T1 2025;Flandre;Belgique;Jens M.;Stad Mechelen-Oost;Secteur public;Gagné;13640;100;13640;2025-05-24
OPP-25-00058;2025-01-24;2025-01;T1 2025;Wallonie;Belgique;Julie M.;Carrières du Condroz;Construction;Perdu;28520;0;0;2025-03-12
OPP-25-00059;2025-01-27;2025-01;T1 2025;Hauts-de-France;France;Camille D.;Métropole Services;Services;Gagné;13930;100;13930;2025-05-01
OPP-25-00060;2025-01-27;2025-01;T1 2025;Flandre;Belgique;Jens M.;Delta Logistiek;Logistique;Gagné;5000;100;5000;2025-04-28
OPP-25-00061;2025-01-27;2025-01;T1 2025;Flandre;Belgique;Jens M.;Vlasbloem Retail;Distribution;Gagné;21800;100;21800;2025-06-04
OPP-25-00062;2025-01-27;2025-01;T1 2025;Flandre;Belgique;Lotte D.;Delta Logistiek;Logistique;Perdu;17620;0;0;2025-05-18
OPP-25-00063;2025-01-27;2025-01;T1 2025;Flandre;Belgique;Lotte D.;Polder Energie;Énergie;Perdu;16510;0;0;2025-03-06
OPP-25-00064;2025-01-27;2025-01;T1 2025;Île-de-France;France;Mathieu G.;Île Logistique;Logistique;Gagné;6360;100;6360;2025-03-24
OPP-25-00065;2025-01-27;2025-01;T1 2025;Wallonie;Belgique;Olivier F.;Groupe Famenne;Distribution;Perdu;6740;0;0;2025-03-31
OPP-25-00066;2025-01-28;2025-01;T1 2025;Wallonie;Belgique;Julie M.;Verreries du Borinage;Industrie;Gagné;29520;100;29520;2025-05-27
OPP-25-00067;2025-01-28;2025-01;T1 2025;Bruxelles;Belgique;Karim B.;Distrimarolles;Distribution;Gagné;11000;100;11000;2025-06-12
OPP-25-00068;2025-01-28;2025-01;T1 2025;Flandre;Belgique;Pieter V.;Stad Mechelen-Oost;Secteur public;Perdu;5750;0;0;2025-03-09
OPP-25-00069;2025-01-28;2025-01;T1 2025;Hauts-de-France;France;Thomas L.;Agrinord Picardie;Agroalimentaire;Perdu;15880;0;0;2025-03-15
OPP-25-00070;2025-01-30;2025-01;T1 2025;Wallonie;Belgique;Antoine R.;Groupe Famenne;Distribution;Perdu;9950;0;0;2025-05-09
OPP-25-00071;2025-01-30;2025-01;T1 2025;Wallonie;Belgique;Julie M.;Laiterie des Fagnes;Agroalimentaire;Perdu;34470;0;0;2025-02-26
OPP-25-00072;2025-01-30;2025-01;T1 2025;Île-de-France;France;Mathieu G.;Versailles Patrimoine;Secteur public;Gagné;25190;100;25190;2025-06-04
OPP-25-00073;2025-01-30;2025-01;T1 2025;Hauts-de-France;France;Thomas L.;Aciéries de l'Escaut;Industrie;Perdu;17450;0;0;2025-02-26
OPP-25-00074;2025-01-30;2025-01;T1 2025;Île-de-France;France;Yanis A.;Versailles Patrimoine;Secteur public;Gagné;9410;100;9410;2025-05-27
OPP-25-00075;2025-01-31;2025-01;T1 2025;Bruxelles;Belgique;Élise V.;Énergie Senne;Énergie;Gagné;15820;100;15820;2025-04-16
OPP-25-00076;2025-01-31;2025-01;T1 2025;Wallonie;Belgique;Julie M.;Verreries du Borinage;Industrie;Gagné;41070;100;41070;2025-05-24
OPP-25-00077;2025-01-31;2025-01;T1 2025;Île-de-France;France;Yanis A.;Versailles Patrimoine;Secteur public;Perdu;6160;0;0;2025-03-24
OPP-25-00078;2025-02-03;2025-02;T1 2025;Hauts-de-France;France;Camille D.;Distri Flandres;Distribution;Perdu;16630;0;0;2025-03-10
OPP-25-00079;2025-02-03;2025-02;T1 2025;Bruxelles;Belgique;Élise V.;Novacité;Services;Perdu;5000;0;0;2025-05-02
OPP-25-00080;2025-02-03;2025-02;T1 2025;Wallonie;Belgique;Julie M.;Hainaut Logistique;Logistique;Gagné;10040;100;10040;2025-04-03
OPP-25-00081;2025-02-03;2025-02;T1 2025;Wallonie;Belgique;Julie M.;Fonderies de Sambre;Industrie;Gagné;30380;100;30380;2025-04-18
OPP-25-00082;2025-02-03;2025-02;T1 2025;Flandre;Belgique;Lotte D.;Vlasbloem Retail;Distribution;Perdu;10900;0;0;2025-03-02
OPP-25-00083;2025-02-03;2025-02;T1 2025;Île-de-France;France;Mathieu G.;Assurances Quai Branly;Services financiers;Perdu;5000;0;0;2025-05-16
OPP-25-00084;2025-02-04;2025-02;T1 2025;Wallonie;Belgique;Antoine R.;Ardenne Bois;Industrie;Perdu;11570;0;0;2025-03-10
OPP-25-00085;2025-02-04;2025-02;T1 2025;Hauts-de-France;France;Camille D.;Distri Flandres;Distribution;Perdu;7100;0;0;2025-03-19
OPP-25-00086;2025-02-04;2025-02;T1 2025;Hauts-de-France;France;Inès K.;Verlinghem Énergie;Énergie;Gagné;23930;100;23930;2025-05-31
OPP-25-00087;2025-02-04;2025-02;T1 2025;Flandre;Belgique;Jens M.;Polder Energie;Énergie;Perdu;9350;0;0;2025-04-17
OPP-25-00088;2025-02-04;2025-02;T1 2025;Bruxelles;Belgique;Karim B.;Clinique des Étangs;Santé;Perdu;31300;0;0;2025-04-01
OPP-25-00089;2025-02-04;2025-02;T1 2025;Wallonie;Belgique;Olivier F.;Hainaut Logistique;Logistique;Perdu;20880;0;0;2025-04-20
OPP-25-00090;2025-02-04;2025-02;T1 2025;Flandre;Belgique;Pieter V.;Westhoek Metaal;Industrie;Gagné;15570;100;15570;2025-04-08
OPP-25-00091;2025-02-04;2025-02;T1 2025;Flandre;Belgique;Sarah W.;Mercator Zorg;Santé;Proposition;21500;50;10750;2026-11-27
OPP-25-00092;2025-02-04;2025-02;T1 2025;Île-de-France;France;Yanis A.;Seine Finance;Services financiers;Perdu;30260;0;0;2025-04-27
OPP-25-00093;2025-02-05;2025-02;T1 2025;Wallonie;Belgique;Julie M.;Namur Énergies;Énergie;Proposition;52230;50;26115;2026-12-08
OPP-25-00094;2025-02-05;2025-02;T1 2025;Flandre;Belgique;Lotte D.;Delta Logistiek;Logistique;Gagné;16310;100;16310;2025-04-28
OPP-25-00095;2025-02-06;2025-02;T1 2025;Wallonie;Belgique;Antoine R.;Métallurgie Val-Saint-Lambert;Industrie;Perdu;6490;0;0;2025-06-06
OPP-25-00096;2025-02-06;2025-02;T1 2025;Bruxelles;Belgique;Élise V.;Fondation Horta;Secteur public;Perdu;11630;0;0;2025-04-13
OPP-25-00097;2025-02-06;2025-02;T1 2025;Wallonie;Belgique;Julie M.;Intercommunale Meuse-Ourthe;Secteur public;Perdu;21770;0;0;2025-03-27
OPP-25-00098;2025-02-06;2025-02;T1 2025;Bruxelles;Belgique;Karim B.;Transports Cantersteen;Logistique;Négociation;15910;75;11932,50;2026-10-18
OPP-25-00099;2025-02-06;2025-02;T1 2025;Wallonie;Belgique;Nadia B.;Fonderies de Sambre;Industrie;Perdu;10870;0;0;2025-05-23
OPP-25-00100;2025-02-06;2025-02;T1 2025;Hauts-de-France;France;Thomas L.;Aciéries de l'Escaut;Industrie;Perdu;5320;0;0;2025-05-18
OPP-25-00101;2025-02-07;2025-02;T1 2025;Hauts-de-France;France;Camille D.;Ville de Lens-Nord;Secteur public;Perdu;9110;0;0;2025-04-21
OPP-25-00102;2025-02-07;2025-02;T1 2025;Hauts-de-France;France;Inès K.;Métropole Services;Services;Gagné;5330;100;5330;2025-04-30
OPP-25-00103;2025-02-07;2025-02;T1 2025;Flandre;Belgique;Jens M.;Delta Logistiek;Logistique;Perdu;31720;0;0;2025-06-17
OPP-25-00104;2025-02-07;2025-02;T1 2025;Île-de-France;France;Laura S.;Seine Finance;Services financiers;Perdu;5820;0;0;2025-04-26
OPP-25-00105;2025-02-07;2025-02;T1 2025;Île-de-France;France;Laura S.;Bercy Conseil;Services;Perdu;34290;0;0;2025-06-03
OPP-25-00106;2025-02-07;2025-02;T1 2025;Île-de-France;France;Mathieu G.;Défense Data;Services;Perdu;17380;0;0;2025-03-17
OPP-25-00107;2025-02-07;2025-02;T1 2025;Flandre;Belgique;Sarah W.;Westhoek Metaal;Industrie;Perdu;11700;0;0;2025-06-25
OPP-25-00108;2025-02-07;2025-02;T1 2025;Bruxelles;Belgique;Sophie L.;Hôtel Mont-des-Arts;Hôtellerie;Perdu;13590;0;0;2025-04-05
OPP-25-00109;2025-02-10;2025-02;T1 2025;Wallonie;Belgique;Antoine R.;Ardenne Bois;Industrie;Perdu;7580;0;0;2025-03-20
OPP-25-00110;2025-02-10;2025-02;T1 2025;Île-de-France;France;Claire P.;Université Lutèce;Éducation;Gagné;8900;100;8900;2025-05-17
OPP-25-00111;2025-02-11;2025-02;T1 2025;Flandre;Belgique;Jens M.;Zennevallei Data;Services;Gagné;15500;100;15500;2025-06-17
OPP-25-00112;2025-02-11;2025-02;T1 2025;Bruxelles;Belgique;Karim B.;Fondation Horta;Secteur public;Gagné;9340;100;9340;2025-05-21
OPP-25-00113;2025-02-11;2025-02;T1 2025;Flandre;Belgique;Pieter V.;Noordzee Visserij;Agroalimentaire;Perdu;19070;0;0;2025-03-22
OPP-25-00114;2025-02-11;2025-02;T1 2025;Bruxelles;Belgique;Sophie L.;Énergie Senne;Énergie;Perdu;43130;0;0;2025-05-24
OPP-25-00115;2025-02-12;2025-02;T1 2025;Wallonie;Belgique;Julie M.;Namur Énergies;Énergie;Gagné;35000;100;35000;2025-03-11
OPP-25-00116;2025-02-12;2025-02;T1 2025;Wallonie;Belgique;Julie M.;Hainaut Logistique;Logistique;Perdu;49980;0;0;2025-03-23
OPP-25-00117;2025-02-13;2025-02;T1 2025;Hauts-de-France;France;Inès K.;Filature de Roubaix-Est;Industrie;Perdu;9710;0;0;2025-03-24
OPP-25-00118;2025-02-14;2025-02;T1 2025;Wallonie;Belgique;Antoine R.;Coopérative Hesbaye;Agroalimentaire;Perdu;9150;0;0;2025-03-15
OPP-25-00119;2025-02-14;2025-02;T1 2025;Bruxelles;Belgique;Élise V.;Hôtel Mont-des-Arts;Hôtellerie;Perdu;29940;0;0;2025-04-17
OPP-25-00120;2025-02-14;2025-02;T1 2025;Flandre;Belgique;Lotte D.;Delta Logistiek;Logistique;Perdu;15160;0;0;2025-05-17
OPP-25-00121;2025-02-14;2025-02;T1 2025;Flandre;Belgique;Pieter V.;Stad Mechelen-Oost;Secteur public;Négociation;12520;75;9390;2026-11-19
OPP-25-00122;2025-02-17;2025-02;T1 2025;Île-de-France;France;Claire P.;Paris Saclay Labs;Santé;Perdu;24940;0;0;2025-05-13
OPP-25-00123;2025-02-17;2025-02;T1 2025;Hauts-de-France;France;Thomas L.;Distri Flandres;Distribution;Négociation;32940;75;24705;2026-11-24
OPP-25-00124;2025-02-18;2025-02;T1 2025;Île-de-France;France;Laura S.;Marne Construction;Construction;Gagné;5000;100;5000;2025-05-26
OPP-25-00125;2025-02-18;2025-02;T1 2025;Flandre;Belgique;Sarah W.;Mercator Zorg;Santé;Perdu;7250;0;0;2025-03-19
OPP-25-00126;2025-02-18;2025-02;T1 2025;Flandre;Belgique;Sarah W.;Noordzee Visserij;Agroalimentaire;Perdu;9250;0;0;2025-05-24
OPP-25-00127;2025-02-18;2025-02;T1 2025;Hauts-de-France;France;Thomas L.;Distri Flandres;Distribution;Perdu;5400;0;0;2025-04-11
OPP-25-00128;2025-02-18;2025-02;T1 2025;Île-de-France;France;Yanis A.;Galeries Haussmann-Est;Distribution;Gagné;12870;100;12870;2025-05-19
OPP-25-00129;2025-02-19;2025-02;T1 2025;Île-de-France;France;Claire P.;Versailles Patrimoine;Secteur public;Gagné;20960;100;20960;2025-03-18
OPP-25-00130;2025-02-19;2025-02;T1 2025;Île-de-France;France;Mathieu G.;Clinique Montsouris-Sud;Santé;Perdu;27200;0;0;2025-06-21
OPP-25-00131;2025-02-19;2025-02;T1 2025;Wallonie;Belgique;Nadia B.;Verreries du Borinage;Industrie;Perdu;10980;0;0;2025-04-21
OPP-25-00132;2025-02-19;2025-02;T1 2025;Wallonie;Belgique;Olivier F.;Ardenne Bois;Industrie;Négociation;9700;75;7275;2026-10-18
OPP-25-00133;2025-02-20;2025-02;T1 2025;Bruxelles;Belgique;Élise V.;Pharma Josaphat;Santé;Perdu;7910;0;0;2025-04-04
OPP-25-00134;2025-02-20;2025-02;T1 2025;Hauts-de-France;France;Inès K.;Filature de Roubaix-Est;Industrie;Négociation;5000;75;3750;2026-12-05
OPP-25-00135;2025-02-21;2025-02;T1 2025;Île-de-France;France;Claire P.;Hexagone Énergie;Énergie;Gagné;10900;100;10900;2025-04-26
OPP-25-00136;2025-02-21;2025-02;T1 2025;Wallonie;Belgique;Julie M.;Métallurgie Val-Saint-Lambert;Industrie;Perdu;33070;0;0;2025-06-09
OPP-25-00137;2025-02-21;2025-02;T1 2025;Flandre;Belgique;Lotte D.;Noordzee Visserij;Agroalimentaire;Gagné;13680;100;13680;2025-06-05
OPP-25-00138;2025-02-21;2025-02;T1 2025;Île-de-France;France;Mathieu G.;Assurances Quai Branly;Services financiers;Perdu;26710;0;0;2025-03-29
OPP-25-00139;2025-02-21;2025-02;T1 2025;Wallonie;Belgique;Nadia B.;Fonderies de Sambre;Industrie;Perdu;19590;0;0;2025-04-04
OPP-25-00140;2025-02-21;2025-02;T1 2025;Bruxelles;Belgique;Sophie L.;Transports Cantersteen;Logistique;Perdu;5000;0;0;2025-06-02
OPP-25-00141;2025-02-24;2025-02;T1 2025;Wallonie;Belgique;Antoine R.;Métallurgie Val-Saint-Lambert;Industrie;Perdu;31010;0;0;2025-05-05
OPP-25-00142;2025-02-24;2025-02;T1 2025;Île-de-France;France;Claire P.;Assurances Quai Branly;Services financiers;Gagné;7830;100;7830;2025-05-20
OPP-25-00143;2025-02-24;2025-02;T1 2025;Flandre;Belgique;Pieter V.;Delta Logistiek;Logistique;Gagné;26900;100;26900;2025-06-08
OPP-25-00144;2025-02-25;2025-02;T1 2025;Flandre;Belgique;Jens M.;Mercator Zorg;Santé;Gagné;5000;100;5000;2025-04-22
OPP-25-00145;2025-02-25;2025-02;T1 2025;Bruxelles;Belgique;Sophie L.;Clinique des Étangs;Santé;Perdu;5000;0;0;2025-06-04
OPP-25-00146;2025-02-25;2025-02;T1 2025;Bruxelles;Belgique;Sophie L.;Clinique des Étangs;Santé;Proposition;13330;50;6665;2026-11-13
OPP-25-00147;2025-02-26;2025-02;T1 2025;Bruxelles;Belgique;Karim B.;Fondation Horta;Secteur public;Gagné;9380;100;9380;2025-03-29
OPP-25-00148;2025-02-26;2025-02;T1 2025;Île-de-France;France;Yanis A.;Clinique Montsouris-Sud;Santé;Perdu;11960;0;0;2025-06-27
OPP-25-00149;2025-02-27;2025-02;T1 2025;Hauts-de-France;France;Camille D.;Verlinghem Énergie;Énergie;Perdu;20500;0;0;2025-04-11
OPP-25-00150;2025-02-27;2025-02;T1 2025;Wallonie;Belgique;Julie M.;Namur Énergies;Énergie;Gagné;36060;100;36060;2025-05-09
OPP-25-00151;2025-02-27;2025-02;T1 2025;Wallonie;Belgique;Julie M.;Ardenne Bois;Industrie;Perdu;14840;0;0;2025-05-04
OPP-25-00152;2025-02-27;2025-02;T1 2025;Flandre;Belgique;Lotte D.;Mercator Zorg;Santé;Gagné;9040;100;9040;2025-07-03
OPP-25-00153;2025-02-27;2025-02;T1 2025;Wallonie;Belgique;Olivier F.;Métallurgie Val-Saint-Lambert;Industrie;Perdu;8070;0;0;2025-07-15
OPP-25-00154;2025-02-27;2025-02;T1 2025;Île-de-France;France;Yanis A.;Paris Saclay Labs;Santé;Perdu;5000;0;0;2025-04-08
OPP-25-00155;2025-02-28;2025-02;T1 2025;Île-de-France;France;Laura S.;Clinique Montsouris-Sud;Santé;Gagné;10050;100;10050;2025-04-12
OPP-25-00156;2025-02-28;2025-02;T1 2025;Île-de-France;France;Mathieu G.;Seine Finance;Services financiers;Gagné;7820;100;7820;2025-07-01
OPP-25-00157;2025-02-28;2025-02;T1 2025;Wallonie;Belgique;Nadia B.;Hainaut Logistique;Logistique;Gagné;14080;100;14080;2025-06-13
OPP-25-00158;2025-02-28;2025-02;T1 2025;Wallonie;Belgique;Olivier F.;Intercommunale Meuse-Ourthe;Secteur public;Perdu;10070;0;0;2025-05-15
OPP-25-00159;2025-02-28;2025-02;T1 2025;Hauts-de-France;France;Thomas L.;Ville de Lens-Nord;Secteur public;Gagné;5000;100;5000;2025-06-18
OPP-25-00160;2025-03-03;2025-03;T1 2025;Wallonie;Belgique;Julie M.;Hainaut Logistique;Logistique;Gagné;16090;100;16090;2025-04-05
OPP-25-00161;2025-03-04;2025-03;T1 2025;Île-de-France;France;Laura S.;Galeries Haussmann-Est;Distribution;Perdu;9170;0;0;2025-04-12
OPP-25-00162;2025-03-04;2025-03;T1 2025;Flandre;Belgique;Lotte D.;Polder Energie;Énergie;Perdu;10520;0;0;2025-05-10
OPP-25-00163;2025-03-04;2025-03;T1 2025;Île-de-France;France;Mathieu G.;Galeries Haussmann-Est;Distribution;Perdu;14240;0;0;2025-06-05
OPP-25-00164;2025-03-04;2025-03;T1 2025;Île-de-France;France;Yanis A.;Clinique Montsouris-Sud;Santé;Perdu;8740;0;0;2025-05-22
OPP-25-00165;2025-03-05;2025-03;T1 2025;Wallonie;Belgique;Antoine R.;Coopérative Hesbaye;Agroalimentaire;Gagné;18850;100;18850;2025-06-13
OPP-25-00166;2025-03-05;2025-03;T1 2025;Wallonie;Belgique;Julie M.;Clinique Mosane;Santé;Perdu;25880;0;0;2025-05-01
OPP-25-00167;2025-03-05;2025-03;T1 2025;Bruxelles;Belgique;Sophie L.;Logis Ixelles;Construction;Perdu;20040;0;0;2025-04-23
OPP-25-00168;2025-03-06;2025-03;T1 2025;Hauts-de-France;France;Inès K.;Filature de Roubaix-Est;Industrie;Perdu;19350;0;0;2025-06-01
OPP-25-00169;2025-03-06;2025-03;T1 2025;Flandre;Belgique;Jens M.;Leie Textiel;Industrie;Perdu;10350;0;0;2025-05-26
OPP-25-00170;2025-03-06;2025-03;T1 2025;Flandre;Belgique;Lotte D.;Mercator Zorg;Santé;Gagné;12490;100;12490;2025-04-02
OPP-25-00171;2025-03-06;2025-03;T1 2025;Île-de-France;France;Mathieu G.;Galeries Haussmann-Est;Distribution;Perdu;5740;0;0;2025-06-17
OPP-25-00172;2025-03-06;2025-03;T1 2025;Flandre;Belgique;Pieter V.;Delta Logistiek;Logistique;Perdu;34390;0;0;2025-05-20
OPP-25-00173;2025-03-06;2025-03;T1 2025;Bruxelles;Belgique;Sophie L.;Novacité;Services;Gagné;13340;100;13340;2025-04-10
OPP-25-00174;2025-03-06;2025-03;T1 2025;Bruxelles;Belgique;Sophie L.;Banque Sablon;Services financiers;Perdu;9880;0;0;2025-04-27
OPP-25-00175;2025-03-06;2025-03;T1 2025;Île-de-France;France;Yanis A.;Galeries Haussmann-Est;Distribution;Gagné;23770;100;23770;2025-05-26
OPP-25-00176;2025-03-07;2025-03;T1 2025;Wallonie;Belgique;Julie M.;Hainaut Logistique;Logistique;Gagné;43190;100;43190;2025-06-23
OPP-25-00177;2025-03-07;2025-03;T1 2025;Bruxelles;Belgique;Karim B.;Banque Sablon;Services financiers;Perdu;19250;0;0;2025-07-20
OPP-25-00178;2025-03-10;2025-03;T1 2025;Wallonie;Belgique;Antoine R.;Intercommunale Meuse-Ourthe;Secteur public;Perdu;7470;0;0;2025-06-06
OPP-25-00179;2025-03-10;2025-03;T1 2025;Île-de-France;France;Claire P.;Clinique Montsouris-Sud;Santé;Gagné;14470;100;14470;2025-05-10
OPP-25-00180;2025-03-10;2025-03;T1 2025;Bruxelles;Belgique;Élise V.;Fondation Horta;Secteur public;Perdu;9460;0;0;2025-05-17
OPP-25-00181;2025-03-10;2025-03;T1 2025;Flandre;Belgique;Jens M.;Haven Coatings;Industrie;Gagné;25230;100;25230;2025-07-10
OPP-25-00182;2025-03-10;2025-03;T1 2025;Flandre;Belgique;Lotte D.;Brouwerij Scheldekant;Agroalimentaire;Perdu;20630;0;0;2025-04-20
OPP-25-00183;2025-03-11;2025-03;T1 2025;Hauts-de-France;France;Camille D.;Distri Flandres;Distribution;Gagné;23770;100;23770;2025-05-26
OPP-25-00184;2025-03-11;2025-03;T1 2025;Île-de-France;France;Claire P.;Marne Construction;Construction;Gagné;27420;100;27420;2025-05-19
OPP-25-00185;2025-03-11;2025-03;T1 2025;Flandre;Belgique;Pieter V.;Polder Energie;Énergie;Gagné;5000;100;5000;2025-04-09
OPP-25-00186;2025-03-11;2025-03;T1 2025;Île-de-France;France;Yanis A.;Versailles Patrimoine;Secteur public;Gagné;12720;100;12720;2025-04-28
OPP-25-00187;2025-03-12;2025-03;T1 2025;Wallonie;Belgique;Antoine R.;Carrières du Condroz;Construction;Proposition;21360;50;10680;2026-10-15
OPP-25-00188;2025-03-12;2025-03;T1 2025;Wallonie;Belgique;Antoine R.;Namur Énergies;Énergie;Perdu;19370;0;0;2025-06-27
OPP-25-00189;2025-03-12;2025-03;T1 2025;Wallonie;Belgique;Julie M.;Métallurgie Val-Saint-Lambert;Industrie;Proposition;25420;50;12710;2026-11-05
OPP-25-00190;2025-03-12;2025-03;T1 2025;Île-de-France;France;Mathieu G.;Hexagone Énergie;Énergie;Perdu;35220;0;0;2025-04-24
OPP-25-00191;2025-03-12;2025-03;T1 2025;Wallonie;Belgique;Nadia B.;Namur Énergies;Énergie;Gagné;9430;100;9430;2025-07-25
OPP-25-00192;2025-03-13;2025-03;T1 2025;Hauts-de-France;France;Inès K.;Filature de Roubaix-Est;Industrie;Perdu;5000;0;0;2025-08-02
OPP-25-00193;2025-03-13;2025-03;T1 2025;Île-de-France;France;Laura S.;Bercy Conseil;Services;Gagné;10790;100;10790;2025-04-27
OPP-25-00194;2025-03-13;2025-03;T1 2025;Île-de-France;France;Laura S.;Versailles Patrimoine;Secteur public;Gagné;14060;100;14060;2025-07-06
OPP-25-00195;2025-03-13;2025-03;T1 2025;Wallonie;Belgique;Nadia B.;Hainaut Logistique;Logistique;Gagné;19000;100;19000;2025-07-01
OPP-25-00196;2025-03-13;2025-03;T1 2025;Flandre;Belgique;Sarah W.;Kempen Bouw;Construction;Gagné;9520;100;9520;2025-06-25
OPP-25-00197;2025-03-14;2025-03;T1 2025;Hauts-de-France;France;Camille D.;Ville de Lens-Nord;Secteur public;Gagné;10150;100;10150;2025-05-14
OPP-25-00198;2025-03-14;2025-03;T1 2025;Bruxelles;Belgique;Élise V.;Pharma Josaphat;Santé;Perdu;9360;0;0;2025-05-17
OPP-25-00199;2025-03-14;2025-03;T1 2025;Wallonie;Belgique;Julie M.;Hainaut Logistique;Logistique;Perdu;30630;0;0;2025-05-07
OPP-25-00200;2025-03-14;2025-03;T1 2025;Bruxelles;Belgique;Karim B.;Logis Ixelles;Construction;Perdu;5680;0;0;2025-07-31
OPP-25-00201;2025-03-14;2025-03;T1 2025;Wallonie;Belgique;Nadia B.;Intercommunale Meuse-Ourthe;Secteur public;Perdu;5000;0;0;2025-07-19
OPP-25-00202;2025-03-14;2025-03;T1 2025;Wallonie;Belgique;Olivier F.;Namur Énergies;Énergie;Perdu;18490;0;0;2025-06-09
OPP-25-00203;2025-03-17;2025-03;T1 2025;Hauts-de-France;France;Camille D.;Logistique Opale;Logistique;Perdu;5000;0;0;2025-08-05
OPP-25-00204;2025-03-17;2025-03;T1 2025;Île-de-France;France;Claire P.;Université Lutèce;Éducation;Gagné;17240;100;17240;2025-07-16
OPP-25-00205;2025-03-17;2025-03;T1 2025;Wallonie;Belgique;Julie M.;Coopérative Hesbaye;Agroalimentaire;Gagné;10450;100;10450;2025-07-19
OPP-25-00206;2025-03-17;2025-03;T1 2025;Bruxelles;Belgique;Karim B.;Énergie Senne;Énergie;Perdu;16850;0;0;2025-07-27
OPP-25-00207;2025-03-17;2025-03;T1 2025;Île-de-France;France;Yanis A.;Bercy Conseil;Services;Perdu;21870;0;0;2025-07-08
OPP-25-00208;2025-03-18;2025-03;T1 2025;Hauts-de-France;France;Camille D.;Verlinghem Énergie;Énergie;Perdu;14910;0;0;2025-07-31
OPP-25-00209;2025-03-18;2025-03;T1 2025;Flandre;Belgique;Jens M.;Stad Mechelen-Oost;Secteur public;Perdu;7350;0;0;2025-06-11
OPP-25-00210;2025-03-18;2025-03;T1 2025;Wallonie;Belgique;Julie M.;Namur Énergies;Énergie;Négociation;11890;75;8917,50;2026-11-17
OPP-25-00211;2025-03-18;2025-03;T1 2025;Wallonie;Belgique;Julie M.;Ardenne Bois;Industrie;Négociation;47030;75;35272,50;2026-10-15
OPP-25-00212;2025-03-18;2025-03;T1 2025;Bruxelles;Belgique;Karim B.;Transports Cantersteen;Logistique;Gagné;12480;100;12480;2025-06-06
OPP-25-00213;2025-03-18;2025-03;T1 2025;Flandre;Belgique;Pieter V.;Haven Coatings;Industrie;Perdu;14000;0;0;2025-06-19
OPP-25-00214;2025-03-19;2025-03;T1 2025;Bruxelles;Belgique;Élise V.;Novacité;Services;Perdu;5000;0;0;2025-05-12
OPP-25-00215;2025-03-19;2025-03;T1 2025;Wallonie;Belgique;Nadia B.;Namur Énergies;Énergie;Gagné;23590;100;23590;2025-08-04
OPP-25-00216;2025-03-19;2025-03;T1 2025;Hauts-de-France;France;Thomas L.;Filature de Roubaix-Est;Industrie;Négociation;20670;75;15502,50;2026-11-03
OPP-25-00217;2025-03-20;2025-03;T1 2025;Flandre;Belgique;Jens M.;Brouwerij Scheldekant;Agroalimentaire;Négociation;5830;75;4372,50;2026-11-09
OPP-25-00218;2025-03-20;2025-03;T1 2025;Wallonie;Belgique;Julie M.;Verreries du Borinage;Industrie;Perdu;19870;0;0;2025-06-16
OPP-25-00219;2025-03-20;2025-03;T1 2025;Île-de-France;France;Mathieu G.;Assurances Quai Branly;Services financiers;Perdu;15460;0;0;2025-04-21
OPP-25-00220;2025-03-20;2025-03;T1 2025;Wallonie;Belgique;Olivier F.;Carrières du Condroz;Construction;Gagné;13500;100;13500;2025-07-18
OPP-25-00221;2025-03-20;2025-03;T1 2025;Wallonie;Belgique;Olivier F.;Groupe Famenne;Distribution;Négociation;17110;75;12832,50;2026-11-12
OPP-25-00222;2025-03-20;2025-03;T1 2025;Flandre;Belgique;Pieter V.;Vlasbloem Retail;Distribution;Perdu;17800;0;0;2025-07-18
OPP-25-00223;2025-03-21;2025-03;T1 2025;Hauts-de-France;France;Camille D.;Ville de Lens-Nord;Secteur public;Perdu;6890;0;0;2025-06-05
OPP-25-00224;2025-03-21;2025-03;T1 2025;Hauts-de-France;France;Inès K.;Métropole Services;Services;Gagné;14680;100;14680;2025-07-25
OPP-25-00225;2025-03-21;2025-03;T1 2025;Wallonie;Belgique;Julie M.;Coopérative Hesbaye;Agroalimentaire;Perdu;38620;0;0;2025-07-17
OPP-25-00226;2025-03-21;2025-03;T1 2025;Île-de-France;France;Laura S.;Hexagone Énergie;Énergie;Perdu;25840;0;0;2025-05-01
OPP-25-00227;2025-03-21;2025-03;T1 2025;Flandre;Belgique;Sarah W.;Haven Coatings;Industrie;Gagné;6560;100;6560;2025-06-26
OPP-25-00228;2025-03-24;2025-03;T1 2025;Île-de-France;France;Claire P.;Clinique Montsouris-Sud;Santé;Gagné;7190;100;7190;2025-06-06
OPP-25-00229;2025-03-24;2025-03;T1 2025;Wallonie;Belgique;Julie M.;Ardenne Bois;Industrie;Proposition;60350;50;30175;2026-11-04
OPP-25-00230;2025-03-24;2025-03;T1 2025;Wallonie;Belgique;Olivier F.;Verreries du Borinage;Industrie;Gagné;5000;100;5000;2025-08-15
OPP-25-00231;2025-03-24;2025-03;T1 2025;Flandre;Belgique;Pieter V.;Zennevallei Data;Services;Gagné;11200;100;11200;2025-05-09
OPP-25-00232;2025-03-25;2025-03;T1 2025;Hauts-de-France;France;Inès K.;Métropole Services;Services;Perdu;6610;0;0;2025-05-31
OPP-25-00233;2025-03-25;2025-03;T1 2025;Flandre;Belgique;Jens M.;Stad Mechelen-Oost;Secteur public;Négociation;14670;75;11002,50;2026-12-22
OPP-25-00234;2025-03-25;2025-03;T1 2025;Flandre;Belgique;Sarah W.;Vlasbloem Retail;Distribution;Gagné;12450;100;12450;2025-06-05
OPP-25-00235;2025-03-25;2025-03;T1 2025;Bruxelles;Belgique;Sophie L.;Atelier Brabo;Services;Gagné;23890;100;23890;2025-05-08
OPP-25-00236;2025-03-26;2025-03;T1 2025;Île-de-France;France;Claire P.;Université Lutèce;Éducation;Perdu;11670;0;0;2025-08-14
OPP-25-00237;2025-03-26;2025-03;T1 2025;Bruxelles;Belgique;Élise V.;Énergie Senne;Énergie;Perdu;30240;0;0;2025-05-02
OPP-25-00238;2025-03-26;2025-03;T1 2025;Bruxelles;Belgique;Élise V.;Logis Ixelles;Construction;Perdu;6610;0;0;2025-06-09
OPP-25-00239;2025-03-26;2025-03;T1 2025;Wallonie;Belgique;Nadia B.;Carrières du Condroz;Construction;Perdu;5180;0;0;2025-07-06
OPP-25-00240;2025-03-27;2025-03;T1 2025;Wallonie;Belgique;Antoine R.;Carrières du Condroz;Construction;Perdu;7390;0;0;2025-06-24
OPP-25-00241;2025-03-27;2025-03;T1 2025;Bruxelles;Belgique;Karim B.;Cogeris;Services;Perdu;16680;0;0;2025-05-15
OPP-25-00242;2025-03-27;2025-03;T1 2025;Île-de-France;France;Mathieu G.;Marne Construction;Construction;Gagné;19150;100;19150;2025-05-08
OPP-25-00243;2025-03-27;2025-03;T1 2025;Bruxelles;Belgique;Sophie L.;Pharma Josaphat;Santé;Perdu;17660;0;0;2025-04-23
OPP-25-00244;2025-03-27;2025-03;T1 2025;Hauts-de-France;France;Thomas L.;Métropole Services;Services;Gagné;9400;100;9400;2025-07-25
OPP-25-00245;2025-03-28;2025-03;T1 2025;Flandre;Belgique;Lotte D.;Kempen Bouw;Construction;Gagné;11970;100;11970;2025-04-28
OPP-25-00246;2025-03-28;2025-03;T1 2025;Hauts-de-France;France;Thomas L.;Logistique Opale;Logistique;Gagné;15630;100;15630;2025-06-21
OPP-25-00247;2025-03-31;2025-03;T1 2025;Flandre;Belgique;Lotte D.;Mercator Zorg;Santé;Perdu;18140;0;0;2025-05-01
OPP-25-00248;2025-03-31;2025-03;T1 2025;Flandre;Belgique;Sarah W.;Brouwerij Scheldekant;Agroalimentaire;Gagné;28000;100;28000;2025-08-16
OPP-25-00249;2025-03-31;2025-03;T1 2025;Hauts-de-France;France;Thomas L.;Sucrerie de la Somme;Agroalimentaire;Perdu;8430;0;0;2025-07-23
OPP-25-00250;2025-04-01;2025-04;T2 2025;Wallonie;Belgique;Antoine R.;Intercommunale Meuse-Ourthe;Secteur public;Perdu;31200;0;0;2025-05-30
OPP-25-00251;2025-04-01;2025-04;T2 2025;Wallonie;Belgique;Antoine R.;Métallurgie Val-Saint-Lambert;Industrie;Gagné;9240;100;9240;2025-07-28
OPP-25-00252;2025-04-01;2025-04;T2 2025;Hauts-de-France;France;Camille D.;Ville de Lens-Nord;Secteur public;Gagné;14780;100;14780;2025-08-10
OPP-25-00253;2025-04-01;2025-04;T2 2025;Île-de-France;France;Claire P.;Versailles Patrimoine;Secteur public;Gagné;11940;100;11940;2025-08-11
OPP-25-00254;2025-04-01;2025-04;T2 2025;Flandre;Belgique;Lotte D.;Brouwerij Scheldekant;Agroalimentaire;Négociation;10560;75;7920;2026-12-16
OPP-25-00255;2025-04-02;2025-04;T2 2025;Hauts-de-France;France;Inès K.;Verlinghem Énergie;Énergie;Gagné;11700;100;11700;2025-05-02
OPP-25-00256;2025-04-03;2025-04;T2 2025;Hauts-de-France;France;Inès K.;Aciéries de l'Escaut;Industrie;Perdu;10070;0;0;2025-05-18
OPP-25-00257;2025-04-03;2025-04;T2 2025;Bruxelles;Belgique;Karim B.;Clinique des Étangs;Santé;Perdu;23970;0;0;2025-06-02
OPP-25-00258;2025-04-03;2025-04;T2 2025;Île-de-France;France;Laura S.;Hexagone Énergie;Énergie;Perdu;9250;0;0;2025-07-01
OPP-25-00259;2025-04-03;2025-04;T2 2025;Île-de-France;France;Mathieu G.;Paris Saclay Labs;Santé;Perdu;7040;0;0;2025-08-15
OPP-25-00260;2025-04-03;2025-04;T2 2025;Flandre;Belgique;Sarah W.;Vlasbloem Retail;Distribution;Gagné;17070;100;17070;2025-06-08
OPP-25-00261;2025-04-03;2025-04;T2 2025;Île-de-France;France;Yanis A.;Galeries Haussmann-Est;Distribution;Perdu;12800;0;0;2025-07-05
OPP-25-00262;2025-04-04;2025-04;T2 2025;Bruxelles;Belgique;Élise V.;Distrimarolles;Distribution;Perdu;29000;0;0;2025-07-31
OPP-25-00263;2025-04-04;2025-04;T2 2025;Wallonie;Belgique;Julie M.;Laiterie des Fagnes;Agroalimentaire;Perdu;38980;0;0;2025-05-11
OPP-25-00264;2025-04-04;2025-04;T2 2025;Wallonie;Belgique;Julie M.;Laiterie des Fagnes;Agroalimentaire;Gagné;30350;100;30350;2025-06-11
OPP-25-00265;2025-04-04;2025-04;T2 2025;Île-de-France;France;Laura S.;Hexagone Énergie;Énergie;Perdu;19230;0;0;2025-05-04
OPP-25-00266;2025-04-07;2025-04;T2 2025;Wallonie;Belgique;Antoine R.;Coopérative Hesbaye;Agroalimentaire;Gagné;11740;100;11740;2025-06-27
OPP-25-00267;2025-04-07;2025-04;T2 2025;Bruxelles;Belgique;Élise V.;Cogeris;Services;Perdu;9860;0;0;2025-07-04
OPP-25-00268;2025-04-07;2025-04;T2 2025;Île-de-France;France;Mathieu G.;Versailles Patrimoine;Secteur public;Gagné;15500;100;15500;2025-07-04
OPP-25-00269;2025-04-08;2025-04;T2 2025;Wallonie;Belgique;Antoine R.;Fonderies de Sambre;Industrie;Perdu;5000;0;0;2025-07-22
OPP-25-00270;2025-04-08;2025-04;T2 2025;Wallonie;Belgique;Julie M.;Intercommunale Meuse-Ourthe;Secteur public;Perdu;56420;0;0;2025-07-20
OPP-25-00271;2025-04-08;2025-04;T2 2025;Wallonie;Belgique;Julie M.;Namur Énergies;Énergie;Gagné;17880;100;17880;2025-07-20
OPP-25-00272;2025-04-08;2025-04;T2 2025;Wallonie;Belgique;Nadia B.;Namur Énergies;Énergie;Gagné;11040;100;11040;2025-07-28
OPP-25-00273;2025-04-08;2025-04;T2 2025;Flandre;Belgique;Sarah W.;Vlasbloem Retail;Distribution;Gagné;6090;100;6090;2025-07-08
OPP-25-00274;2025-04-08;2025-04;T2 2025;Flandre;Belgique;Sarah W.;Noordzee Visserij;Agroalimentaire;Perdu;17480;0;0;2025-08-26
OPP-25-00275;2025-04-09;2025-04;T2 2025;Flandre;Belgique;Jens M.;Leie Textiel;Industrie;Gagné;20200;100;20200;2025-06-19
OPP-25-00276;2025-04-09;2025-04;T2 2025;Wallonie;Belgique;Julie M.;Groupe Famenne;Distribution;Perdu;25070;0;0;2025-06-04
OPP-25-00277;2025-04-09;2025-04;T2 2025;Île-de-France;France;Laura S.;Bercy Conseil;Services;Gagné;11010;100;11010;2025-08-06
OPP-25-00278;2025-04-09;2025-04;T2 2025;Flandre;Belgique;Lotte D.;Polder Energie;Énergie;Perdu;18800;0;0;2025-05-04
OPP-25-00279;2025-04-09;2025-04;T2 2025;Flandre;Belgique;Pieter V.;Vlasbloem Retail;Distribution;Perdu;5000;0;0;2025-08-24
OPP-25-00280;2025-04-09;2025-04;T2 2025;Bruxelles;Belgique;Sophie L.;Novacité;Services;Gagné;20570;100;20570;2025-05-27
OPP-25-00281;2025-04-10;2025-04;T2 2025;Wallonie;Belgique;Nadia B.;Namur Énergies;Énergie;Gagné;6270;100;6270;2025-07-20
OPP-25-00282;2025-04-11;2025-04;T2 2025;Bruxelles;Belgique;Karim B.;Hôtel Mont-des-Arts;Hôtellerie;Gagné;23150;100;23150;2025-07-26
OPP-25-00283;2025-04-11;2025-04;T2 2025;Wallonie;Belgique;Olivier F.;Ardenne Bois;Industrie;Perdu;21290;0;0;2025-06-02
OPP-25-00284;2025-04-14;2025-04;T2 2025;Île-de-France;France;Claire P.;Bercy Conseil;Services;Gagné;8590;100;8590;2025-05-14
OPP-25-00285;2025-04-14;2025-04;T2 2025;Wallonie;Belgique;Julie M.;Coopérative Hesbaye;Agroalimentaire;Gagné;19590;100;19590;2025-06-14
OPP-25-00286;2025-04-14;2025-04;T2 2025;Hauts-de-France;France;Thomas L.;Métropole Services;Services;Perdu;5570;0;0;2025-05-11
OPP-25-00287;2025-04-15;2025-04;T2 2025;Bruxelles;Belgique;Élise V.;Banque Sablon;Services financiers;Gagné;6480;100;6480;2025-06-05
OPP-25-00288;2025-04-15;2025-04;T2 2025;Île-de-France;France;Mathieu G.;Galeries Haussmann-Est;Distribution;Gagné;12390;100;12390;2025-06-18
OPP-25-00289;2025-04-15;2025-04;T2 2025;Wallonie;Belgique;Nadia B.;Namur Énergies;Énergie;Perdu;18450;0;0;2025-08-21
OPP-25-00290;2025-04-15;2025-04;T2 2025;Wallonie;Belgique;Olivier F.;Coopérative Hesbaye;Agroalimentaire;Gagné;5000;100;5000;2025-08-25
OPP-25-00291;2025-04-15;2025-04;T2 2025;Flandre;Belgique;Pieter V.;Vlasbloem Retail;Distribution;Perdu;17420;0;0;2025-07-24
OPP-25-00292;2025-04-15;2025-04;T2 2025;Flandre;Belgique;Sarah W.;Stad Mechelen-Oost;Secteur public;Perdu;11360;0;0;2025-05-27
OPP-25-00293;2025-04-15;2025-04;T2 2025;Bruxelles;Belgique;Sophie L.;Clinique des Étangs;Santé;Gagné;5000;100;5000;2025-08-23
OPP-25-00294;2025-04-16;2025-04;T2 2025;Hauts-de-France;France;Inès K.;Distri Flandres;Distribution;Perdu;8600;0;0;2025-05-17
OPP-25-00295;2025-04-16;2025-04;T2 2025;Wallonie;Belgique;Julie M.;Intercommunale Meuse-Ourthe;Secteur public;Perdu;7830;0;0;2025-06-06
OPP-25-00296;2025-04-16;2025-04;T2 2025;Bruxelles;Belgique;Karim B.;Clinique des Étangs;Santé;Gagné;12600;100;12600;2025-06-14
OPP-25-00297;2025-04-16;2025-04;T2 2025;Flandre;Belgique;Pieter V.;Mercator Zorg;Santé;Perdu;10160;0;0;2025-07-18
OPP-25-00298;2025-04-16;2025-04;T2 2025;Flandre;Belgique;Pieter V.;Kempen Bouw;Construction;Gagné;40660;100;40660;2025-05-17
OPP-25-00299;2025-04-16;2025-04;T2 2025;Bruxelles;Belgique;Sophie L.;Novacité;Services;Perdu;6210;0;0;2025-05-12
OPP-25-00300;2025-04-17;2025-04;T2 2025;Bruxelles;Belgique;Élise V.;Novacité;Services;Gagné;9220;100;9220;2025-08-03
OPP-25-00301;2025-04-17;2025-04;T2 2025;Wallonie;Belgique;Julie M.;Fonderies de Sambre;Industrie;Négociation;35460;75;26595;2026-10-24
OPP-25-00302;2025-04-17;2025-04;T2 2025;Hauts-de-France;France;Thomas L.;Aciéries de l'Escaut;Industrie;Perdu;14530;0;0;2025-05-22
OPP-25-00303;2025-04-18;2025-04;T2 2025;Flandre;Belgique;Jens M.;Haven Coatings;Industrie;Gagné;10310;100;10310;2025-08-16
OPP-25-00304;2025-04-18;2025-04;T2 2025;Wallonie;Belgique;Julie M.;Métallurgie Val-Saint-Lambert;Industrie;Perdu;16810;0;0;2025-08-24
OPP-25-00305;2025-04-18;2025-04;T2 2025;Bruxelles;Belgique;Sophie L.;Banque Sablon;Services financiers;Perdu;47890;0;0;2025-06-10
OPP-25-00306;2025-04-18;2025-04;T2 2025;Île-de-France;France;Yanis A.;Marne Construction;Construction;Perdu;9880;0;0;2025-06-21
OPP-25-00307;2025-04-21;2025-04;T2 2025;Hauts-de-France;France;Camille D.;Filature de Roubaix-Est;Industrie;Perdu;6400;0;0;2025-05-23
OPP-25-00308;2025-04-21;2025-04;T2 2025;Wallonie;Belgique;Nadia B.;Laiterie des Fagnes;Agroalimentaire;Perdu;8040;0;0;2025-09-05
OPP-25-00309;2025-04-21;2025-04;T2 2025;Île-de-France;France;Yanis A.;Assurances Quai Branly;Services financiers;Gagné;15010;100;15010;2025-08-13
OPP-25-00310;2025-04-22;2025-04;T2 2025;Hauts-de-France;France;Camille D.;Verlinghem Énergie;Énergie;Gagné;21510;100;21510;2025-07-03
OPP-25-00311;2025-04-22;2025-04;T2 2025;Wallonie;Belgique;Julie M.;Laiterie des Fagnes;Agroalimentaire;Perdu;25930;0;0;2025-07-28
OPP-25-00312;2025-04-22;2025-04;T2 2025;Wallonie;Belgique;Julie M.;Métallurgie Val-Saint-Lambert;Industrie;Perdu;21110;0;0;2025-05-22
OPP-25-00313;2025-04-22;2025-04;T2 2025;Wallonie;Belgique;Olivier F.;Groupe Famenne;Distribution;Perdu;9930;0;0;2025-06-16
OPP-25-00314;2025-04-22;2025-04;T2 2025;Bruxelles;Belgique;Sophie L.;Distrimarolles;Distribution;Perdu;5130;0;0;2025-09-09
OPP-25-00315;2025-04-23;2025-04;T2 2025;Hauts-de-France;France;Camille D.;Agrinord Picardie;Agroalimentaire;Perdu;10580;0;0;2025-05-29
OPP-25-00316;2025-04-23;2025-04;T2 2025;Flandre;Belgique;Lotte D.;Kempen Bouw;Construction;Gagné;6400;100;6400;2025-07-13
OPP-25-00317;2025-04-23;2025-04;T2 2025;Flandre;Belgique;Lotte D.;Kempen Bouw;Construction;Gagné;22080;100;22080;2025-05-24
OPP-25-00318;2025-04-23;2025-04;T2 2025;Wallonie;Belgique;Olivier F.;Ardenne Bois;Industrie;Perdu;13230;0;0;2025-08-24
OPP-25-00319;2025-04-23;2025-04;T2 2025;Flandre;Belgique;Pieter V.;Brouwerij Scheldekant;Agroalimentaire;Gagné;5910;100;5910;2025-06-11
OPP-25-00320;2025-04-24;2025-04;T2 2025;Île-de-France;France;Claire P.;Paris Saclay Labs;Santé;Proposition;5000;50;2500;2026-12-06
OPP-25-00321;2025-04-24;2025-04;T2 2025;Île-de-France;France;Laura S.;Défense Data;Services;Perdu;18160;0;0;2025-07-03
OPP-25-00322;2025-04-24;2025-04;T2 2025;Île-de-France;France;Mathieu G.;Seine Finance;Services financiers;Perdu;25750;0;0;2025-05-25
OPP-25-00323;2025-04-25;2025-04;T2 2025;Wallonie;Belgique;Antoine R.;Hainaut Logistique;Logistique;Perdu;13220;0;0;2025-07-19
OPP-25-00324;2025-04-25;2025-04;T2 2025;Île-de-France;France;Claire P.;Île Logistique;Logistique;Proposition;48520;50;24260;2026-10-30
OPP-25-00325;2025-04-25;2025-04;T2 2025;Wallonie;Belgique;Nadia B.;Intercommunale Meuse-Ourthe;Secteur public;Gagné;12120;100;12120;2025-09-09
OPP-25-00326;2025-04-25;2025-04;T2 2025;Île-de-France;France;Yanis A.;Clinique Montsouris-Sud;Santé;Perdu;8700;0;0;2025-07-03
OPP-25-00327;2025-04-28;2025-04;T2 2025;Hauts-de-France;France;Inès K.;Aciéries de l'Escaut;Industrie;Perdu;12080;0;0;2025-07-16
OPP-25-00328;2025-04-28;2025-04;T2 2025;Flandre;Belgique;Jens M.;Brouwerij Scheldekant;Agroalimentaire;Perdu;17120;0;0;2025-05-28
OPP-25-00329;2025-04-28;2025-04;T2 2025;Hauts-de-France;France;Thomas L.;Filature de Roubaix-Est;Industrie;Perdu;7870;0;0;2025-06-14
OPP-25-00330;2025-04-28;2025-04;T2 2025;Hauts-de-France;France;Thomas L.;Logistique Opale;Logistique;Gagné;20220;100;20220;2025-09-18
OPP-25-00331;2025-04-28;2025-04;T2 2025;Île-de-France;France;Yanis A.;Seine Finance;Services financiers;Gagné;18300;100;18300;2025-09-15
OPP-25-00332;2025-04-29;2025-04;T2 2025;Flandre;Belgique;Jens M.;Polder Energie;Énergie;Perdu;15790;0;0;2025-05-27
OPP-25-00333;2025-04-29;2025-04;T2 2025;Île-de-France;France;Mathieu G.;Marne Construction;Construction;Gagné;18340;100;18340;2025-08-23
OPP-25-00334;2025-04-29;2025-04;T2 2025;Île-de-France;France;Mathieu G.;Seine Finance;Services financiers;Perdu;5000;0;0;2025-06-08
OPP-25-00335;2025-04-30;2025-04;T2 2025;Bruxelles;Belgique;Karim B.;Atelier Brabo;Services;Gagné;6010;100;6010;2025-08-19
OPP-25-00336;2025-04-30;2025-04;T2 2025;Flandre;Belgique;Lotte D.;Noordzee Visserij;Agroalimentaire;Gagné;9130;100;9130;2025-06-24
OPP-25-00337;2025-05-02;2025-05;T2 2025;Wallonie;Belgique;Antoine R.;Intercommunale Meuse-Ourthe;Secteur public;Perdu;7610;0;0;2025-08-29
OPP-25-00338;2025-05-02;2025-05;T2 2025;Flandre;Belgique;Jens M.;Kempen Bouw;Construction;Gagné;42700;100;42700;2025-08-31
OPP-25-00339;2025-05-02;2025-05;T2 2025;Hauts-de-France;France;Thomas L.;Clinique du Beffroi;Santé;Gagné;16850;100;16850;2025-08-24
OPP-25-00340;2025-05-05;2025-05;T2 2025;Bruxelles;Belgique;Élise V.;Hôtel Mont-des-Arts;Hôtellerie;Perdu;15630;0;0;2025-08-11
OPP-25-00341;2025-05-05;2025-05;T2 2025;Hauts-de-France;France;Inès K.;Ville de Lens-Nord;Secteur public;Négociation;10700;75;8025;2026-11-08
OPP-25-00342;2025-05-05;2025-05;T2 2025;Wallonie;Belgique;Julie M.;Clinique Mosane;Santé;Perdu;14370;0;0;2025-07-27
OPP-25-00343;2025-05-06;2025-05;T2 2025;Flandre;Belgique;Lotte D.;Mercator Zorg;Santé;Gagné;9980;100;9980;2025-08-24
OPP-25-00344;2025-05-06;2025-05;T2 2025;Île-de-France;France;Mathieu G.;Marne Construction;Construction;Perdu;5000;0;0;2025-06-25
OPP-25-00345;2025-05-06;2025-05;T2 2025;Wallonie;Belgique;Nadia B.;Intercommunale Meuse-Ourthe;Secteur public;Perdu;9450;0;0;2025-06-27
OPP-25-00346;2025-05-07;2025-05;T2 2025;Wallonie;Belgique;Julie M.;Namur Énergies;Énergie;Perdu;44230;0;0;2025-09-18
OPP-25-00347;2025-05-07;2025-05;T2 2025;Bruxelles;Belgique;Karim B.;Fondation Horta;Secteur public;Perdu;11990;0;0;2025-07-27
OPP-25-00348;2025-05-07;2025-05;T2 2025;Île-de-France;France;Mathieu G.;Versailles Patrimoine;Secteur public;Gagné;19110;100;19110;2025-07-13
OPP-25-00349;2025-05-08;2025-05;T2 2025;Île-de-France;France;Claire P.;Bercy Conseil;Services;Gagné;19700;100;19700;2025-09-18
OPP-25-00350;2025-05-08;2025-05;T2 2025;Hauts-de-France;France;Inès K.;Aciéries de l'Escaut;Industrie;Gagné;11220;100;11220;2025-07-25
OPP-25-00351;2025-05-08;2025-05;T2 2025;Île-de-France;France;Laura S.;Paris Saclay Labs;Santé;Perdu;16420;0;0;2025-08-29
OPP-25-00352;2025-05-08;2025-05;T2 2025;Bruxelles;Belgique;Sophie L.;Logis Ixelles;Construction;Perdu;9430;0;0;2025-07-15
OPP-25-00353;2025-05-08;2025-05;T2 2025;Île-de-France;France;Yanis A.;Université Lutèce;Éducation;Négociation;16210;75;12157,50;2026-12-18
OPP-25-00354;2025-05-09;2025-05;T2 2025;Île-de-France;France;Claire P.;Versailles Patrimoine;Secteur public;Gagné;9890;100;9890;2025-09-10
OPP-25-00355;2025-05-09;2025-05;T2 2025;Bruxelles;Belgique;Élise V.;Hôtel Mont-des-Arts;Hôtellerie;Gagné;16130;100;16130;2025-09-06
OPP-25-00356;2025-05-09;2025-05;T2 2025;Bruxelles;Belgique;Karim B.;Atelier Brabo;Services;Gagné;27390;100;27390;2025-06-17
OPP-25-00357;2025-05-09;2025-05;T2 2025;Île-de-France;France;Yanis A.;Université Lutèce;Éducation;Perdu;18800;0;0;2025-07-13
OPP-25-00358;2025-05-12;2025-05;T2 2025;Hauts-de-France;France;Camille D.;Clinique du Beffroi;Santé;Perdu;26080;0;0;2025-07-11
OPP-25-00359;2025-05-12;2025-05;T2 2025;Flandre;Belgique;Jens M.;Kempen Bouw;Construction;Perdu;5000;0;0;2025-06-29
OPP-25-00360;2025-05-12;2025-05;T2 2025;Bruxelles;Belgique;Karim B.;Banque Sablon;Services financiers;Perdu;12240;0;0;2025-07-01
OPP-25-00361;2025-05-12;2025-05;T2 2025;Wallonie;Belgique;Nadia B.;Verreries du Borinage;Industrie;Gagné;16790;100;16790;2025-09-01
OPP-25-00362;2025-05-12;2025-05;T2 2025;Flandre;Belgique;Pieter V.;Noordzee Visserij;Agroalimentaire;Gagné;11950;100;11950;2025-08-17
OPP-25-00363;2025-05-12;2025-05;T2 2025;Flandre;Belgique;Pieter V.;Westhoek Metaal;Industrie;Gagné;11550;100;11550;2025-09-11
OPP-25-00364;2025-05-13;2025-05;T2 2025;Bruxelles;Belgique;Élise V.;Novacité;Services;Gagné;13060;100;13060;2025-06-20
OPP-25-00365;2025-05-13;2025-05;T2 2025;Flandre;Belgique;Jens M.;Vlasbloem Retail;Distribution;Gagné;10020;100;10020;2025-09-30
OPP-25-00366;2025-05-13;2025-05;T2 2025;Wallonie;Belgique;Julie M.;Métallurgie Val-Saint-Lambert;Industrie;Négociation;39330;75;29497,50;2026-11-01
OPP-25-00367;2025-05-13;2025-05;T2 2025;Bruxelles;Belgique;Sophie L.;Transports Cantersteen;Logistique;Perdu;5000;0;0;2025-09-28
OPP-25-00368;2025-05-13;2025-05;T2 2025;Hauts-de-France;France;Thomas L.;Métropole Services;Services;Gagné;8260;100;8260;2025-09-25
OPP-25-00369;2025-05-14;2025-05;T2 2025;Hauts-de-France;France;Camille D.;Filature de Roubaix-Est;Industrie;Perdu;9610;0;0;2025-08-16
OPP-25-00370;2025-05-14;2025-05;T2 2025;Bruxelles;Belgique;Élise V.;Énergie Senne;Énergie;Perdu;13500;0;0;2025-07-06
OPP-25-00371;2025-05-14;2025-05;T2 2025;Wallonie;Belgique;Julie M.;Clinique Mosane;Santé;Proposition;19870;50;9935;2026-10-29
OPP-25-00372;2025-05-14;2025-05;T2 2025;Wallonie;Belgique;Julie M.;Clinique Mosane;Santé;Gagné;24080;100;24080;2025-07-19
OPP-25-00373;2025-05-14;2025-05;T2 2025;Île-de-France;France;Mathieu G.;Défense Data;Services;Perdu;8500;0;0;2025-09-18
OPP-25-00374;2025-05-14;2025-05;T2 2025;Wallonie;Belgique;Nadia B.;Clinique Mosane;Santé;Gagné;27290;100;27290;2025-06-12
OPP-25-00375;2025-05-15;2025-05;T2 2025;Bruxelles;Belgique;Karim B.;Énergie Senne;Énergie;Perdu;15740;0;0;2025-07-29
OPP-25-00376;2025-05-15;2025-05;T2 2025;Île-de-France;France;Laura S.;Versailles Patrimoine;Secteur public;Gagné;19940;100;19940;2025-07-31
OPP-25-00377;2025-05-15;2025-05;T2 2025;Flandre;Belgique;Sarah W.;Noordzee Visserij;Agroalimentaire;Perdu;18250;0;0;2025-08-25
OPP-25-00378;2025-05-16;2025-05;T2 2025;Flandre;Belgique;Jens M.;Delta Logistiek;Logistique;Perdu;5000;0;0;2025-09-24
OPP-25-00379;2025-05-16;2025-05;T2 2025;Île-de-France;France;Mathieu G.;Paris Saclay Labs;Santé;Perdu;14950;0;0;2025-08-10
OPP-25-00380;2025-05-16;2025-05;T2 2025;Bruxelles;Belgique;Sophie L.;Banque Sablon;Services financiers;Gagné;41070;100;41070;2025-09-13
OPP-25-00381;2025-05-16;2025-05;T2 2025;Bruxelles;Belgique;Sophie L.;Logis Ixelles;Construction;Proposition;8100;50;4050;2026-12-08
OPP-25-00382;2025-05-16;2025-05;T2 2025;Île-de-France;France;Yanis A.;Galeries Haussmann-Est;Distribution;Perdu;17420;0;0;2025-10-06
OPP-25-00383;2025-05-19;2025-05;T2 2025;Wallonie;Belgique;Antoine R.;Coopérative Hesbaye;Agroalimentaire;Gagné;7820;100;7820;2025-09-02
OPP-25-00384;2025-05-19;2025-05;T2 2025;Île-de-France;France;Claire P.;Versailles Patrimoine;Secteur public;Gagné;6530;100;6530;2025-08-25
OPP-25-00385;2025-05-19;2025-05;T2 2025;Île-de-France;France;Claire P.;Paris Saclay Labs;Santé;Perdu;15800;0;0;2025-08-30
OPP-25-00386;2025-05-19;2025-05;T2 2025;Flandre;Belgique;Sarah W.;Leie Textiel;Industrie;Perdu;12250;0;0;2025-06-21
OPP-25-00387;2025-05-19;2025-05;T2 2025;Bruxelles;Belgique;Sophie L.;Énergie Senne;Énergie;Perdu;17950;0;0;2025-07-31
OPP-25-00388;2025-05-19;2025-05;T2 2025;Hauts-de-France;France;Thomas L.;Aciéries de l'Escaut;Industrie;Gagné;21350;100;21350;2025-10-06
OPP-25-00389;2025-05-20;2025-05;T2 2025;Wallonie;Belgique;Antoine R.;Namur Énergies;Énergie;Perdu;20480;0;0;2025-09-08
OPP-25-00390;2025-05-20;2025-05;T2 2025;Île-de-France;France;Claire P.;Défense Data;Services;Proposition;24900;50;12450;2026-12-13
OPP-25-00391;2025-05-20;2025-05;T2 2025;Wallonie;Belgique;Julie M.;Hainaut Logistique;Logistique;Perdu;7850;0;0;2025-08-15
OPP-25-00392;2025-05-21;2025-05;T2 2025;Hauts-de-France;France;Camille D.;Verlinghem Énergie;Énergie;Perdu;6480;0;0;2025-08-03
OPP-25-00393;2025-05-21;2025-05;T2 2025;Hauts-de-France;France;Inès K.;Logistique Opale;Logistique;Gagné;7300;100;7300;2025-07-08
OPP-25-00394;2025-05-21;2025-05;T2 2025;Wallonie;Belgique;Olivier F.;Fonderies de Sambre;Industrie;Gagné;12460;100;12460;2025-09-21
OPP-25-00395;2025-05-21;2025-05;T2 2025;Wallonie;Belgique;Olivier F.;Clinique Mosane;Santé;Perdu;8960;0;0;2025-10-11
OPP-25-00396;2025-05-22;2025-05;T2 2025;Wallonie;Belgique;Antoine R.;Ardenne Bois;Industrie;Perdu;33770;0;0;2025-07-14
OPP-25-00397;2025-05-22;2025-05;T2 2025;Wallonie;Belgique;Julie M.;Clinique Mosane;Santé;Gagné;24460;100;24460;2025-07-16
OPP-25-00398;2025-05-22;2025-05;T2 2025;Wallonie;Belgique;Julie M.;Groupe Famenne;Distribution;Perdu;49380;0;0;2025-08-28
OPP-25-00399;2025-05-22;2025-05;T2 2025;Wallonie;Belgique;Olivier F.;Namur Énergies;Énergie;Gagné;20110;100;20110;2025-06-23
OPP-25-00400;2025-05-22;2025-05;T2 2025;Flandre;Belgique;Sarah W.;Haven Coatings;Industrie;Perdu;13850;0;0;2025-06-29
OPP-25-00401;2025-05-23;2025-05;T2 2025;Wallonie;Belgique;Julie M.;Verreries du Borinage;Industrie;Perdu;29550;0;0;2025-09-19
OPP-25-00402;2025-05-23;2025-05;T2 2025;Flandre;Belgique;Lotte D.;Vlasbloem Retail;Distribution;Perdu;22990;0;0;2025-08-09
OPP-25-00403;2025-05-23;2025-05;T2 2025;Île-de-France;France;Mathieu G.;Seine Finance;Services financiers;Perdu;12360;0;0;2025-07-17
OPP-25-00404;2025-05-23;2025-05;T2 2025;Flandre;Belgique;Sarah W.;Brouwerij Scheldekant;Agroalimentaire;Perdu;5880;0;0;2025-09-05
OPP-25-00405;2025-05-23;2025-05;T2 2025;Île-de-France;France;Yanis A.;Marne Construction;Construction;Perdu;13760;0;0;2025-08-19
OPP-25-00406;2025-05-26;2025-05;T2 2025;Hauts-de-France;France;Camille D.;Verlinghem Énergie;Énergie;Perdu;8850;0;0;2025-09-03
OPP-25-00407;2025-05-26;2025-05;T2 2025;Île-de-France;France;Laura S.;Galeries Haussmann-Est;Distribution;Perdu;8040;0;0;2025-08-19
OPP-25-00408;2025-05-26;2025-05;T2 2025;Flandre;Belgique;Lotte D.;Vlasbloem Retail;Distribution;Perdu;12570;0;0;2025-06-26
OPP-25-00409;2025-05-26;2025-05;T2 2025;Flandre;Belgique;Lotte D.;Stad Mechelen-Oost;Secteur public;Perdu;8570;0;0;2025-06-22
OPP-25-00410;2025-05-26;2025-05;T2 2025;Flandre;Belgique;Lotte D.;Haven Coatings;Industrie;Perdu;11720;0;0;2025-07-29
OPP-25-00411;2025-05-26;2025-05;T2 2025;Île-de-France;France;Mathieu G.;Université Lutèce;Éducation;Gagné;29070;100;29070;2025-07-23
OPP-25-00412;2025-05-27;2025-05;T2 2025;Wallonie;Belgique;Olivier F.;Fonderies de Sambre;Industrie;Perdu;9870;0;0;2025-09-17
OPP-25-00413;2025-05-27;2025-05;T2 2025;Flandre;Belgique;Pieter V.;Noordzee Visserij;Agroalimentaire;Négociation;15870;75;11902,50;2026-11-22
OPP-25-00414;2025-05-28;2025-05;T2 2025;Hauts-de-France;France;Inès K.;Sucrerie de la Somme;Agroalimentaire;Perdu;13290;0;0;2025-07-23
OPP-25-00415;2025-05-28;2025-05;T2 2025;Wallonie;Belgique;Nadia B.;Ardenne Bois;Industrie;Perdu;5050;0;0;2025-07-10
OPP-25-00416;2025-05-28;2025-05;T2 2025;Flandre;Belgique;Pieter V.;Polder Energie;Énergie;Perdu;20270;0;0;2025-10-10
OPP-25-00417;2025-05-28;2025-05;T2 2025;Hauts-de-France;France;Thomas L.;Verlinghem Énergie;Énergie;Perdu;5750;0;0;2025-10-18
OPP-25-00418;2025-05-29;2025-05;T2 2025;Wallonie;Belgique;Julie M.;Laiterie des Fagnes;Agroalimentaire;Perdu;42360;0;0;2025-07-18
OPP-25-00419;2025-05-29;2025-05;T2 2025;Bruxelles;Belgique;Karim B.;Novacité;Services;Gagné;5000;100;5000;2025-10-06
OPP-25-00420;2025-05-29;2025-05;T2 2025;Île-de-France;France;Laura S.;Marne Construction;Construction;Perdu;8730;0;0;2025-07-20
OPP-25-00421;2025-05-30;2025-05;T2 2025;Hauts-de-France;France;Camille D.;Agrinord Picardie;Agroalimentaire;Gagné;6460;100;6460;2025-07-15
OPP-25-00422;2025-05-30;2025-05;T2 2025;Wallonie;Belgique;Julie M.;Clinique Mosane;Santé;Gagné;27830;100;27830;2025-08-13
OPP-25-00423;2025-05-30;2025-05;T2 2025;Flandre;Belgique;Pieter V.;Westhoek Metaal;Industrie;Perdu;14330;0;0;2025-08-26
OPP-25-00424;2025-06-02;2025-06;T2 2025;Bruxelles;Belgique;Élise V.;Fondation Horta;Secteur public;Perdu;10460;0;0;2025-10-03
OPP-25-00425;2025-06-02;2025-06;T2 2025;Île-de-France;France;Laura S.;Université Lutèce;Éducation;Gagné;23590;100;23590;2025-08-27
OPP-25-00426;2025-06-02;2025-06;T2 2025;Île-de-France;France;Mathieu G.;Galeries Haussmann-Est;Distribution;Perdu;24980;0;0;2025-09-18
OPP-25-00427;2025-06-02;2025-06;T2 2025;Hauts-de-France;France;Thomas L.;Verlinghem Énergie;Énergie;Gagné;13520;100;13520;2025-07-12
OPP-25-00428;2025-06-03;2025-06;T2 2025;Bruxelles;Belgique;Karim B.;Hôtel Mont-des-Arts;Hôtellerie;Perdu;9210;0;0;2025-07-13
OPP-25-00429;2025-06-03;2025-06;T2 2025;Bruxelles;Belgique;Karim B.;Transports Cantersteen;Logistique;Perdu;11810;0;0;2025-10-11
OPP-25-00430;2025-06-03;2025-06;T2 2025;Flandre;Belgique;Lotte D.;Brouwerij Scheldekant;Agroalimentaire;Perdu;7060;0;0;2025-10-21
OPP-25-00431;2025-06-03;2025-06;T2 2025;Wallonie;Belgique;Olivier F.;Ardenne Bois;Industrie;Gagné;10780;100;10780;2025-09-17
OPP-25-00432;2025-06-03;2025-06;T2 2025;Bruxelles;Belgique;Sophie L.;Transports Cantersteen;Logistique;Gagné;9120;100;9120;2025-08-01
OPP-25-00433;2025-06-04;2025-06;T2 2025;Flandre;Belgique;Jens M.;Kempen Bouw;Construction;Perdu;14330;0;0;2025-09-14
OPP-25-00434;2025-06-04;2025-06;T2 2025;Wallonie;Belgique;Julie M.;Intercommunale Meuse-Ourthe;Secteur public;Perdu;38530;0;0;2025-08-11
OPP-25-00435;2025-06-04;2025-06;T2 2025;Flandre;Belgique;Sarah W.;Vlasbloem Retail;Distribution;Perdu;16870;0;0;2025-07-05
OPP-25-00436;2025-06-04;2025-06;T2 2025;Bruxelles;Belgique;Sophie L.;Banque Sablon;Services financiers;Perdu;22130;0;0;2025-08-01
OPP-25-00437;2025-06-05;2025-06;T2 2025;Wallonie;Belgique;Antoine R.;Verreries du Borinage;Industrie;Gagné;7320;100;7320;2025-09-02
OPP-25-00438;2025-06-05;2025-06;T2 2025;Île-de-France;France;Laura S.;Marne Construction;Construction;Perdu;18980;0;0;2025-09-09
OPP-25-00439;2025-06-05;2025-06;T2 2025;Île-de-France;France;Laura S.;Seine Finance;Services financiers;Gagné;5300;100;5300;2025-08-12
OPP-25-00440;2025-06-05;2025-06;T2 2025;Flandre;Belgique;Pieter V.;Kempen Bouw;Construction;Perdu;19630;0;0;2025-08-09
OPP-25-00441;2025-06-05;2025-06;T2 2025;Bruxelles;Belgique;Sophie L.;Novacité;Services;Négociation;32260;75;24195;2026-11-07
OPP-25-00442;2025-06-05;2025-06;T2 2025;Hauts-de-France;France;Thomas L.;Distri Flandres;Distribution;Gagné;8240;100;8240;2025-10-10
OPP-25-00443;2025-06-06;2025-06;T2 2025;Wallonie;Belgique;Julie M.;Verreries du Borinage;Industrie;Gagné;39830;100;39830;2025-07-06
OPP-25-00444;2025-06-06;2025-06;T2 2025;Île-de-France;France;Mathieu G.;Assurances Quai Branly;Services financiers;Perdu;30060;0;0;2025-07-05
OPP-25-00445;2025-06-06;2025-06;T2 2025;Île-de-France;France;Mathieu G.;Île Logistique;Logistique;Gagné;14070;100;14070;2025-10-11
OPP-25-00446;2025-06-06;2025-06;T2 2025;Flandre;Belgique;Pieter V.;Mercator Zorg;Santé;Perdu;7930;0;0;2025-07-06
OPP-25-00447;2025-06-09;2025-06;T2 2025;Wallonie;Belgique;Julie M.;Intercommunale Meuse-Ourthe;Secteur public;Perdu;17480;0;0;2025-10-24
OPP-25-00448;2025-06-09;2025-06;T2 2025;Wallonie;Belgique;Julie M.;Carrières du Condroz;Construction;Perdu;16820;0;0;2025-08-30
OPP-25-00449;2025-06-09;2025-06;T2 2025;Wallonie;Belgique;Nadia B.;Verreries du Borinage;Industrie;Proposition;5070;50;2535;2026-10-21
OPP-25-00450;2025-06-09;2025-06;T2 2025;Île-de-France;France;Yanis A.;Assurances Quai Branly;Services financiers;Perdu;5000;0;0;2025-10-04
OPP-25-00451;2025-06-10;2025-06;T2 2025;Hauts-de-France;France;Camille D.;Verlinghem Énergie;Énergie;Perdu;13130;0;0;2025-09-12
OPP-25-00452;2025-06-10;2025-06;T2 2025;Île-de-France;France;Claire P.;Défense Data;Services;Perdu;30810;0;0;2025-10-22
OPP-25-00453;2025-06-10;2025-06;T2 2025;Île-de-France;France;Claire P.;Paris Saclay Labs;Santé;Gagné;8570;100;8570;2025-10-12
OPP-25-00454;2025-06-10;2025-06;T2 2025;Flandre;Belgique;Jens M.;Delta Logistiek;Logistique;Perdu;19330;0;0;2025-09-12
OPP-25-00455;2025-06-10;2025-06;T2 2025;Flandre;Belgique;Jens M.;Delta Logistiek;Logistique;Perdu;12660;0;0;2025-08-26
OPP-25-00456;2025-06-10;2025-06;T2 2025;Flandre;Belgique;Pieter V.;Stad Mechelen-Oost;Secteur public;Gagné;14250;100;14250;2025-08-27
OPP-25-00457;2025-06-11;2025-06;T2 2025;Wallonie;Belgique;Antoine R.;Ardenne Bois;Industrie;Perdu;5000;0;0;2025-08-25
OPP-25-00458;2025-06-11;2025-06;T2 2025;Wallonie;Belgique;Julie M.;Hainaut Logistique;Logistique;Perdu;11710;0;0;2025-10-08
OPP-25-00459;2025-06-11;2025-06;T2 2025;Wallonie;Belgique;Julie M.;Namur Énergies;Énergie;Gagné;21100;100;21100;2025-08-24
OPP-25-00460;2025-06-11;2025-06;T2 2025;Flandre;Belgique;Lotte D.;Stad Mechelen-Oost;Secteur public;Gagné;16470;100;16470;2025-09-20
OPP-25-00461;2025-06-11;2025-06;T2 2025;Île-de-France;France;Yanis A.;Hexagone Énergie;Énergie;Gagné;10310;100;10310;2025-09-17
OPP-25-00462;2025-06-11;2025-06;T2 2025;Île-de-France;France;Yanis A.;Défense Data;Services;Perdu;6650;0;0;2025-09-01
OPP-25-00463;2025-06-12;2025-06;T2 2025;Flandre;Belgique;Lotte D.;Delta Logistiek;Logistique;Gagné;11460;100;11460;2025-09-02
OPP-25-00464;2025-06-12;2025-06;T2 2025;Île-de-France;France;Mathieu G.;Université Lutèce;Éducation;Perdu;5090;0;0;2025-08-26
OPP-25-00465;2025-06-13;2025-06;T2 2025;Hauts-de-France;France;Inès K.;Métropole Services;Services;Gagné;6420;100;6420;2025-10-22
OPP-25-00466;2025-06-13;2025-06;T2 2025;Wallonie;Belgique;Julie M.;Hainaut Logistique;Logistique;Perdu;76380;0;0;2025-08-26
OPP-25-00467;2025-06-13;2025-06;T2 2025;Flandre;Belgique;Sarah W.;Stad Mechelen-Oost;Secteur public;Gagné;6940;100;6940;2025-07-31
OPP-25-00468;2025-06-16;2025-06;T2 2025;Hauts-de-France;France;Camille D.;Verlinghem Énergie;Énergie;Gagné;23540;100;23540;2025-09-21
OPP-25-00469;2025-06-16;2025-06;T2 2025;Wallonie;Belgique;Nadia B.;Ardenne Bois;Industrie;Gagné;7700;100;7700;2025-07-22
OPP-25-00470;2025-06-16;2025-06;T2 2025;Wallonie;Belgique;Nadia B.;Groupe Famenne;Distribution;Perdu;22360;0;0;2025-10-29
OPP-25-00471;2025-06-17;2025-06;T2 2025;Hauts-de-France;France;Camille D.;Verlinghem Énergie;Énergie;Perdu;9840;0;0;2025-10-20
OPP-25-00472;2025-06-17;2025-06;T2 2025;Bruxelles;Belgique;Élise V.;Énergie Senne;Énergie;Perdu;5000;0;0;2025-08-13
OPP-25-00473;2025-06-17;2025-06;T2 2025;Flandre;Belgique;Lotte D.;Westhoek Metaal;Industrie;Perdu;28120;0;0;2025-08-28
OPP-25-00474;2025-06-18;2025-06;T2 2025;Île-de-France;France;Claire P.;Seine Finance;Services financiers;Perdu;14080;0;0;2025-08-15
OPP-25-00475;2025-06-18;2025-06;T2 2025;Wallonie;Belgique;Julie M.;Fonderies de Sambre;Industrie;Perdu;19070;0;0;2025-10-28
OPP-25-00476;2025-06-18;2025-06;T2 2025;Wallonie;Belgique;Olivier F.;Fonderies de Sambre;Industrie;Perdu;25600;0;0;2025-09-29
OPP-25-00477;2025-06-18;2025-06;T2 2025;Wallonie;Belgique;Olivier F.;Laiterie des Fagnes;Agroalimentaire;Perdu;8100;0;0;2025-08-26
OPP-25-00478;2025-06-18;2025-06;T2 2025;Flandre;Belgique;Sarah W.;Stad Mechelen-Oost;Secteur public;Perdu;10830;0;0;2025-11-05
OPP-25-00479;2025-06-19;2025-06;T2 2025;Wallonie;Belgique;Julie M.;Verreries du Borinage;Industrie;Perdu;16740;0;0;2025-08-24
OPP-25-00480;2025-06-19;2025-06;T2 2025;Flandre;Belgique;Pieter V.;Stad Mechelen-Oost;Secteur public;Perdu;17640;0;0;2025-08-06
OPP-25-00481;2025-06-20;2025-06;T2 2025;Hauts-de-France;France;Camille D.;Aciéries de l'Escaut;Industrie;Gagné;13460;100;13460;2025-08-01
OPP-25-00482;2025-06-20;2025-06;T2 2025;Hauts-de-France;France;Inès K.;Filature de Roubaix-Est;Industrie;Gagné;9910;100;9910;2025-11-04
OPP-25-00483;2025-06-20;2025-06;T2 2025;Bruxelles;Belgique;Karim B.;Fondation Horta;Secteur public;Gagné;25190;100;25190;2025-11-08
OPP-25-00484;2025-06-20;2025-06;T2 2025;Flandre;Belgique;Sarah W.;Polder Energie;Énergie;Perdu;16100;0;0;2025-09-11
OPP-25-00485;2025-06-20;2025-06;T2 2025;Hauts-de-France;France;Thomas L.;Verlinghem Énergie;Énergie;Gagné;5920;100;5920;2025-09-14
OPP-25-00486;2025-06-20;2025-06;T2 2025;Île-de-France;France;Yanis A.;Bercy Conseil;Services;Gagné;43510;100;43510;2025-10-22
OPP-25-00487;2025-06-23;2025-06;T2 2025;Île-de-France;France;Claire P.;Marne Construction;Construction;Perdu;10030;0;0;2025-10-03
OPP-25-00488;2025-06-23;2025-06;T2 2025;Bruxelles;Belgique;Karim B.;Clinique des Étangs;Santé;Perdu;15020;0;0;2025-08-21
OPP-25-00489;2025-06-24;2025-06;T2 2025;Île-de-France;France;Claire P.;Assurances Quai Branly;Services financiers;Gagné;10890;100;10890;2025-11-04
OPP-25-00490;2025-06-24;2025-06;T2 2025;Île-de-France;France;Laura S.;Assurances Quai Branly;Services financiers;Perdu;7880;0;0;2025-11-10
OPP-25-00491;2025-06-24;2025-06;T2 2025;Flandre;Belgique;Lotte D.;Stad Mechelen-Oost;Secteur public;Perdu;6190;0;0;2025-09-04
OPP-25-00492;2025-06-24;2025-06;T2 2025;Wallonie;Belgique;Nadia B.;Laiterie des Fagnes;Agroalimentaire;Perdu;15100;0;0;2025-08-03
OPP-25-00493;2025-06-24;2025-06;T2 2025;Bruxelles;Belgique;Sophie L.;Cogeris;Services;Perdu;6290;0;0;2025-07-29
OPP-25-00494;2025-06-25;2025-06;T2 2025;Bruxelles;Belgique;Élise V.;Transports Cantersteen;Logistique;Perdu;17190;0;0;2025-07-23
OPP-25-00495;2025-06-25;2025-06;T2 2025;Hauts-de-France;France;Inès K.;Clinique du Beffroi;Santé;Perdu;13550;0;0;2025-07-26
OPP-25-00496;2025-06-25;2025-06;T2 2025;Île-de-France;France;Mathieu G.;Versailles Patrimoine;Secteur public;Négociation;11050;75;8287,50;2026-12-16
OPP-25-00497;2025-06-25;2025-06;T2 2025;Wallonie;Belgique;Nadia B.;Ardenne Bois;Industrie;Perdu;12290;0;0;2025-09-01
OPP-25-00498;2025-06-25;2025-06;T2 2025;Flandre;Belgique;Pieter V.;Kempen Bouw;Construction;Perdu;18070;0;0;2025-10-24
OPP-25-00499;2025-06-25;2025-06;T2 2025;Bruxelles;Belgique;Sophie L.;Transports Cantersteen;Logistique;Perdu;13760;0;0;2025-11-16
OPP-25-00500;2025-06-26;2025-06;T2 2025;Wallonie;Belgique;Antoine R.;Laiterie des Fagnes;Agroalimentaire;Perdu;7790;0;0;2025-10-07
OPP-25-00501;2025-06-26;2025-06;T2 2025;Bruxelles;Belgique;Karim B.;Fondation Horta;Secteur public;Gagné;5040;100;5040;2025-08-29
OPP-25-00502;2025-06-26;2025-06;T2 2025;Hauts-de-France;France;Thomas L.;Distri Flandres;Distribution;Perdu;21760;0;0;2025-09-05
OPP-25-00503;2025-06-27;2025-06;T2 2025;Wallonie;Belgique;Antoine R.;Coopérative Hesbaye;Agroalimentaire;Perdu;20450;0;0;2025-09-26
OPP-25-00504;2025-06-27;2025-06;T2 2025;Wallonie;Belgique;Antoine R.;Métallurgie Val-Saint-Lambert;Industrie;Perdu;31490;0;0;2025-10-05
OPP-25-00505;2025-06-27;2025-06;T2 2025;Bruxelles;Belgique;Élise V.;Transports Cantersteen;Logistique;Perdu;23790;0;0;2025-10-04
OPP-25-00506;2025-06-27;2025-06;T2 2025;Flandre;Belgique;Jens M.;Kempen Bouw;Construction;Gagné;17330;100;17330;2025-08-18
OPP-25-00507;2025-06-27;2025-06;T2 2025;Wallonie;Belgique;Julie M.;Namur Énergies;Énergie;Gagné;12200;100;12200;2025-10-06
OPP-25-00508;2025-06-27;2025-06;T2 2025;Wallonie;Belgique;Olivier F.;Carrières du Condroz;Construction;Perdu;6960;0;0;2025-09-18
OPP-25-00509;2025-06-30;2025-06;T2 2025;Hauts-de-France;France;Inès K.;Clinique du Beffroi;Santé;Perdu;12830;0;0;2025-09-17
OPP-25-00510;2025-06-30;2025-06;T2 2025;Wallonie;Belgique;Julie M.;Hainaut Logistique;Logistique;Perdu;40600;0;0;2025-09-26
OPP-25-00511;2025-07-01;2025-07;T3 2025;Wallonie;Belgique;Julie M.;Métallurgie Val-Saint-Lambert;Industrie;Perdu;11840;0;0;2025-08-31
OPP-25-00512;2025-07-01;2025-07;T3 2025;Wallonie;Belgique;Julie M.;Namur Énergies;Énergie;Perdu;34280;0;0;2025-10-09
OPP-25-00513;2025-07-01;2025-07;T3 2025;Île-de-France;France;Laura S.;Île Logistique;Logistique;Perdu;18260;0;0;2025-11-03
OPP-25-00514;2025-07-01;2025-07;T3 2025;Bruxelles;Belgique;Sophie L.;Hôtel Mont-des-Arts;Hôtellerie;Gagné;16480;100;16480;2025-10-07
OPP-25-00515;2025-07-02;2025-07;T3 2025;Flandre;Belgique;Lotte D.;Stad Mechelen-Oost;Secteur public;Perdu;22260;0;0;2025-09-30
OPP-25-00516;2025-07-02;2025-07;T3 2025;Wallonie;Belgique;Nadia B.;Intercommunale Meuse-Ourthe;Secteur public;Perdu;9950;0;0;2025-10-03
OPP-25-00517;2025-07-02;2025-07;T3 2025;Bruxelles;Belgique;Sophie L.;Transports Cantersteen;Logistique;Gagné;11030;100;11030;2025-09-04
OPP-25-00518;2025-07-03;2025-07;T3 2025;Bruxelles;Belgique;Élise V.;Atelier Brabo;Services;Gagné;13380;100;13380;2025-11-21
OPP-25-00519;2025-07-03;2025-07;T3 2025;Wallonie;Belgique;Julie M.;Carrières du Condroz;Construction;Proposition;41310;50;20655;2026-11-26
OPP-25-00520;2025-07-03;2025-07;T3 2025;Wallonie;Belgique;Julie M.;Ardenne Bois;Industrie;Gagné;35380;100;35380;2025-09-20
OPP-25-00521;2025-07-03;2025-07;T3 2025;Flandre;Belgique;Lotte D.;Leie Textiel;Industrie;Gagné;24950;100;24950;2025-09-13
OPP-25-00522;2025-07-03;2025-07;T3 2025;Île-de-France;France;Mathieu G.;Bercy Conseil;Services;Perdu;12430;0;0;2025-10-22
OPP-25-00523;2025-07-03;2025-07;T3 2025;Bruxelles;Belgique;Sophie L.;Cogeris;Services;Gagné;10070;100;10070;2025-11-20
OPP-25-00524;2025-07-04;2025-07;T3 2025;Wallonie;Belgique;Antoine R.;Métallurgie Val-Saint-Lambert;Industrie;Perdu;9740;0;0;2025-10-29
OPP-25-00525;2025-07-04;2025-07;T3 2025;Wallonie;Belgique;Julie M.;Clinique Mosane;Santé;Perdu;11320;0;0;2025-10-20
OPP-25-00526;2025-07-04;2025-07;T3 2025;Bruxelles;Belgique;Karim B.;Logis Ixelles;Construction;Perdu;15340;0;0;2025-11-06
OPP-25-00527;2025-07-04;2025-07;T3 2025;Wallonie;Belgique;Olivier F.;Carrières du Condroz;Construction;Perdu;5000;0;0;2025-10-09
OPP-25-00528;2025-07-07;2025-07;T3 2025;Hauts-de-France;France;Camille D.;Métropole Services;Services;Perdu;13360;0;0;2025-09-05
OPP-25-00529;2025-07-07;2025-07;T3 2025;Hauts-de-France;France;Inès K.;Ville de Lens-Nord;Secteur public;Gagné;17970;100;17970;2025-09-26
OPP-25-00530;2025-07-07;2025-07;T3 2025;Flandre;Belgique;Jens M.;Kempen Bouw;Construction;Perdu;5000;0;0;2025-11-26
OPP-25-00531;2025-07-07;2025-07;T3 2025;Wallonie;Belgique;Julie M.;Métallurgie Val-Saint-Lambert;Industrie;Perdu;24520;0;0;2025-09-29
OPP-25-00532;2025-07-07;2025-07;T3 2025;Wallonie;Belgique;Julie M.;Carrières du Condroz;Construction;Perdu;22050;0;0;2025-08-27
OPP-25-00533;2025-07-07;2025-07;T3 2025;Île-de-France;France;Mathieu G.;Galeries Haussmann-Est;Distribution;Perdu;28700;0;0;2025-08-27
OPP-25-00534;2025-07-07;2025-07;T3 2025;Wallonie;Belgique;Nadia B.;Métallurgie Val-Saint-Lambert;Industrie;Gagné;17910;100;17910;2025-11-16
OPP-25-00535;2025-07-07;2025-07;T3 2025;Flandre;Belgique;Pieter V.;Polder Energie;Énergie;Perdu;5490;0;0;2025-09-04
OPP-25-00536;2025-07-08;2025-07;T3 2025;Wallonie;Belgique;Nadia B.;Coopérative Hesbaye;Agroalimentaire;Perdu;11050;0;0;2025-09-13
OPP-25-00537;2025-07-08;2025-07;T3 2025;Flandre;Belgique;Pieter V.;Haven Coatings;Industrie;Perdu;14380;0;0;2025-09-03
OPP-25-00538;2025-07-08;2025-07;T3 2025;Hauts-de-France;France;Thomas L.;Distri Flandres;Distribution;Perdu;22650;0;0;2025-09-21
OPP-25-00539;2025-07-09;2025-07;T3 2025;Wallonie;Belgique;Antoine R.;Clinique Mosane;Santé;Perdu;10560;0;0;2025-11-28
OPP-25-00540;2025-07-09;2025-07;T3 2025;Flandre;Belgique;Jens M.;Haven Coatings;Industrie;Perdu;7240;0;0;2025-08-03
OPP-25-00541;2025-07-09;2025-07;T3 2025;Île-de-France;France;Mathieu G.;Paris Saclay Labs;Santé;Perdu;32220;0;0;2025-10-01
OPP-25-00542;2025-07-10;2025-07;T3 2025;Hauts-de-France;France;Camille D.;Filature de Roubaix-Est;Industrie;Gagné;18570;100;18570;2025-09-03
OPP-25-00543;2025-07-10;2025-07;T3 2025;Île-de-France;France;Claire P.;Université Lutèce;Éducation;Perdu;14980;0;0;2025-11-07
OPP-25-00544;2025-07-10;2025-07;T3 2025;Île-de-France;France;Claire P.;Université Lutèce;Éducation;Gagné;12520;100;12520;2025-09-02
OPP-25-00545;2025-07-10;2025-07;T3 2025;Bruxelles;Belgique;Sophie L.;Novacité;Services;Perdu;16600;0;0;2025-09-25
OPP-25-00546;2025-07-11;2025-07;T3 2025;Hauts-de-France;France;Camille D.;Aciéries de l'Escaut;Industrie;Perdu;5530;0;0;2025-09-03
OPP-25-00547;2025-07-11;2025-07;T3 2025;Hauts-de-France;France;Inès K.;Distri Flandres;Distribution;Négociation;20380;75;15285;2026-11-02
OPP-25-00548;2025-07-11;2025-07;T3 2025;Flandre;Belgique;Lotte D.;Kempen Bouw;Construction;Gagné;6940;100;6940;2025-11-05
OPP-25-00549;2025-07-11;2025-07;T3 2025;Hauts-de-France;France;Thomas L.;Distri Flandres;Distribution;Perdu;12900;0;0;2025-11-25
OPP-25-00550;2025-07-14;2025-07;T3 2025;Wallonie;Belgique;Julie M.;Groupe Famenne;Distribution;Proposition;70340;50;35170;2026-11-11
OPP-25-00551;2025-07-14;2025-07;T3 2025;Île-de-France;France;Laura S.;Île Logistique;Logistique;Négociation;18470;75;13852,50;2026-12-12
OPP-25-00552;2025-07-14;2025-07;T3 2025;Wallonie;Belgique;Olivier F.;Fonderies de Sambre;Industrie;Gagné;31700;100;31700;2025-11-27
OPP-25-00553;2025-07-14;2025-07;T3 2025;Hauts-de-France;France;Thomas L.;Ville de Lens-Nord;Secteur public;Perdu;12650;0;0;2025-11-07
OPP-25-00554;2025-07-15;2025-07;T3 2025;Bruxelles;Belgique;Élise V.;Atelier Brabo;Services;Gagné;5000;100;5000;2025-08-10
OPP-25-00555;2025-07-15;2025-07;T3 2025;Hauts-de-France;France;Inès K.;Distri Flandres;Distribution;Proposition;6150;50;3075;2026-11-19
OPP-25-00556;2025-07-15;2025-07;T3 2025;Wallonie;Belgique;Julie M.;Namur Énergies;Énergie;Perdu;17000;0;0;2025-10-28
OPP-25-00557;2025-07-16;2025-07;T3 2025;Wallonie;Belgique;Antoine R.;Fonderies de Sambre;Industrie;Gagné;17820;100;17820;2025-11-05
OPP-25-00558;2025-07-16;2025-07;T3 2025;Île-de-France;France;Laura S.;Bercy Conseil;Services;Perdu;10440;0;0;2025-09-14
OPP-25-00559;2025-07-16;2025-07;T3 2025;Flandre;Belgique;Pieter V.;Delta Logistiek;Logistique;Perdu;11000;0;0;2025-08-24
OPP-25-00560;2025-07-17;2025-07;T3 2025;Île-de-France;France;Yanis A.;Université Lutèce;Éducation;Perdu;22580;0;0;2025-09-10
OPP-25-00561;2025-07-18;2025-07;T3 2025;Île-de-France;France;Claire P.;Marne Construction;Construction;Gagné;10320;100;10320;2025-09-14
OPP-25-00562;2025-07-18;2025-07;T3 2025;Bruxelles;Belgique;Karim B.;Transports Cantersteen;Logistique;Gagné;20010;100;20010;2025-11-28
OPP-25-00563;2025-07-18;2025-07;T3 2025;Bruxelles;Belgique;Karim B.;Fondation Horta;Secteur public;Perdu;9850;0;0;2025-11-01
OPP-25-00564;2025-07-18;2025-07;T3 2025;Flandre;Belgique;Lotte D.;Vlasbloem Retail;Distribution;Perdu;13380;0;0;2025-08-30
OPP-25-00565;2025-07-21;2025-07;T3 2025;Wallonie;Belgique;Nadia B.;Coopérative Hesbaye;Agroalimentaire;Perdu;6810;0;0;2025-09-06
OPP-25-00566;2025-07-21;2025-07;T3 2025;Bruxelles;Belgique;Sophie L.;Cogeris;Services;Gagné;34850;100;34850;2025-08-25
OPP-25-00567;2025-07-22;2025-07;T3 2025;Bruxelles;Belgique;Élise V.;Hôtel Mont-des-Arts;Hôtellerie;Gagné;22730;100;22730;2025-11-16
OPP-25-00568;2025-07-22;2025-07;T3 2025;Hauts-de-France;France;Inès K.;Sucrerie de la Somme;Agroalimentaire;Négociation;5000;75;3750;2026-11-29
OPP-25-00569;2025-07-22;2025-07;T3 2025;Flandre;Belgique;Jens M.;Kempen Bouw;Construction;Perdu;6480;0;0;2025-09-28
OPP-25-00570;2025-07-22;2025-07;T3 2025;Wallonie;Belgique;Julie M.;Hainaut Logistique;Logistique;Perdu;40970;0;0;2025-11-18
OPP-25-00571;2025-07-22;2025-07;T3 2025;Bruxelles;Belgique;Karim B.;Cogeris;Services;Gagné;11780;100;11780;2025-08-20
OPP-25-00572;2025-07-22;2025-07;T3 2025;Île-de-France;France;Mathieu G.;Marne Construction;Construction;Perdu;12270;0;0;2025-11-25
OPP-25-00573;2025-07-22;2025-07;T3 2025;Flandre;Belgique;Pieter V.;Polder Energie;Énergie;Perdu;16050;0;0;2025-09-17
OPP-25-00574;2025-07-23;2025-07;T3 2025;Bruxelles;Belgique;Karim B.;Énergie Senne;Énergie;Perdu;18210;0;0;2025-11-24
OPP-25-00575;2025-07-23;2025-07;T3 2025;Flandre;Belgique;Lotte D.;Leie Textiel;Industrie;Perdu;12230;0;0;2025-09-05
OPP-25-00576;2025-07-23;2025-07;T3 2025;Wallonie;Belgique;Olivier F.;Namur Énergies;Énergie;Perdu;8410;0;0;2025-10-01
OPP-25-00577;2025-07-23;2025-07;T3 2025;Île-de-France;France;Yanis A.;Galeries Haussmann-Est;Distribution;Perdu;7790;0;0;2025-10-06
OPP-25-00578;2025-07-24;2025-07;T3 2025;Wallonie;Belgique;Antoine R.;Métallurgie Val-Saint-Lambert;Industrie;Perdu;12560;0;0;2025-08-24
OPP-25-00579;2025-07-24;2025-07;T3 2025;Hauts-de-France;France;Camille D.;Verlinghem Énergie;Énergie;Perdu;14440;0;0;2025-12-06
OPP-25-00580;2025-07-24;2025-07;T3 2025;Bruxelles;Belgique;Élise V.;Fondation Horta;Secteur public;Gagné;20260;100;20260;2025-08-24
OPP-25-00581;2025-07-24;2025-07;T3 2025;Île-de-France;France;Mathieu G.;Défense Data;Services;Perdu;7070;0;0;2025-09-17
OPP-25-00582;2025-07-24;2025-07;T3 2025;Flandre;Belgique;Pieter V.;Stad Mechelen-Oost;Secteur public;Perdu;13360;0;0;2025-09-26
OPP-25-00583;2025-07-24;2025-07;T3 2025;Flandre;Belgique;Sarah W.;Haven Coatings;Industrie;Perdu;6730;0;0;2025-09-30
OPP-25-00584;2025-07-24;2025-07;T3 2025;Flandre;Belgique;Sarah W.;Noordzee Visserij;Agroalimentaire;Perdu;7590;0;0;2025-12-02
OPP-25-00585;2025-07-24;2025-07;T3 2025;Île-de-France;France;Yanis A.;Marne Construction;Construction;Gagné;15280;100;15280;2025-09-29
OPP-25-00586;2025-07-25;2025-07;T3 2025;Hauts-de-France;France;Camille D.;Ville de Lens-Nord;Secteur public;Perdu;9780;0;0;2025-10-07
OPP-25-00587;2025-07-25;2025-07;T3 2025;Île-de-France;France;Claire P.;Seine Finance;Services financiers;Gagné;23870;100;23870;2025-09-22
OPP-25-00588;2025-07-25;2025-07;T3 2025;Wallonie;Belgique;Nadia B.;Ardenne Bois;Industrie;Gagné;22160;100;22160;2025-09-08
OPP-25-00589;2025-07-25;2025-07;T3 2025;Flandre;Belgique;Sarah W.;Kempen Bouw;Construction;Perdu;11490;0;0;2025-10-19
OPP-25-00590;2025-07-28;2025-07;T3 2025;Wallonie;Belgique;Julie M.;Laiterie des Fagnes;Agroalimentaire;Perdu;16720;0;0;2025-10-10
OPP-25-00591;2025-07-28;2025-07;T3 2025;Île-de-France;France;Laura S.;Galeries Haussmann-Est;Distribution;Perdu;13960;0;0;2025-12-12
OPP-25-00592;2025-07-28;2025-07;T3 2025;Hauts-de-France;France;Thomas L.;Filature de Roubaix-Est;Industrie;Perdu;8580;0;0;2025-10-06
OPP-25-00593;2025-07-28;2025-07;T3 2025;Île-de-France;France;Yanis A.;Hexagone Énergie;Énergie;Perdu;13890;0;0;2025-12-15
OPP-25-00594;2025-07-29;2025-07;T3 2025;Flandre;Belgique;Jens M.;Haven Coatings;Industrie;Perdu;21500;0;0;2025-09-22
OPP-25-00595;2025-07-29;2025-07;T3 2025;Île-de-France;France;Yanis A.;Seine Finance;Services financiers;Perdu;14790;0;0;2025-12-04
OPP-25-00596;2025-07-30;2025-07;T3 2025;Île-de-France;France;Claire P.;Versailles Patrimoine;Secteur public;Perdu;21680;0;0;2025-09-11
OPP-25-00597;2025-07-30;2025-07;T3 2025;Flandre;Belgique;Jens M.;Westhoek Metaal;Industrie;Gagné;27550;100;27550;2025-12-18
OPP-25-00598;2025-07-30;2025-07;T3 2025;Île-de-France;France;Mathieu G.;Galeries Haussmann-Est;Distribution;Perdu;5000;0;0;2025-12-18
OPP-25-00599;2025-07-30;2025-07;T3 2025;Wallonie;Belgique;Olivier F.;Coopérative Hesbaye;Agroalimentaire;Perdu;11600;0;0;2025-12-19
OPP-25-00600;2025-07-30;2025-07;T3 2025;Flandre;Belgique;Sarah W.;Leie Textiel;Industrie;Négociation;11930;75;8947,50;2026-10-22
OPP-25-00601;2025-07-31;2025-07;T3 2025;Wallonie;Belgique;Antoine R.;Carrières du Condroz;Construction;Perdu;26750;0;0;2025-12-12
OPP-25-00602;2025-07-31;2025-07;T3 2025;Wallonie;Belgique;Julie M.;Intercommunale Meuse-Ourthe;Secteur public;Perdu;16680;0;0;2025-11-16
OPP-25-00603;2025-07-31;2025-07;T3 2025;Flandre;Belgique;Pieter V.;Westhoek Metaal;Industrie;Perdu;23110;0;0;2025-11-02
OPP-25-00604;2025-07-31;2025-07;T3 2025;Flandre;Belgique;Sarah W.;Leie Textiel;Industrie;Perdu;21730;0;0;2025-09-21
OPP-25-00605;2025-08-01;2025-08;T3 2025;Wallonie;Belgique;Nadia B.;Laiterie des Fagnes;Agroalimentaire;Perdu;17460;0;0;2025-08-26
OPP-25-00606;2025-08-01;2025-08;T3 2025;Bruxelles;Belgique;Sophie L.;Clinique des Étangs;Santé;Proposition;14570;50;7285;2026-12-09
OPP-25-00607;2025-08-01;2025-08;T3 2025;Île-de-France;France;Yanis A.;Seine Finance;Services financiers;Perdu;19000;0;0;2025-10-21
OPP-25-00608;2025-08-04;2025-08;T3 2025;Wallonie;Belgique;Antoine R.;Coopérative Hesbaye;Agroalimentaire;Gagné;18480;100;18480;2025-09-09
OPP-25-00609;2025-08-04;2025-08;T3 2025;Île-de-France;France;Mathieu G.;Hexagone Énergie;Énergie;Perdu;30100;0;0;2025-10-11
OPP-25-00610;2025-08-05;2025-08;T3 2025;Hauts-de-France;France;Camille D.;Distri Flandres;Distribution;Perdu;14120;0;0;2025-12-16
OPP-25-00611;2025-08-05;2025-08;T3 2025;Bruxelles;Belgique;Sophie L.;Banque Sablon;Services financiers;Perdu;6150;0;0;2025-09-29
OPP-25-00612;2025-08-05;2025-08;T3 2025;Île-de-France;France;Yanis A.;Île Logistique;Logistique;Perdu;10890;0;0;2025-11-27
OPP-25-00613;2025-08-06;2025-08;T3 2025;Île-de-France;France;Mathieu G.;Assurances Quai Branly;Services financiers;Perdu;13780;0;0;2025-12-20
OPP-25-00614;2025-08-07;2025-08;T3 2025;Flandre;Belgique;Pieter V.;Delta Logistiek;Logistique;Gagné;13300;100;13300;2025-10-27
OPP-25-00615;2025-08-07;2025-08;T3 2025;Bruxelles;Belgique;Sophie L.;Fondation Horta;Secteur public;Perdu;13850;0;0;2025-12-21
OPP-25-00616;2025-08-08;2025-08;T3 2025;Île-de-France;France;Laura S.;Défense Data;Services;Perdu;9800;0;0;2025-11-22
OPP-25-00617;2025-08-11;2025-08;T3 2025;Île-de-France;France;Claire P.;Marne Construction;Construction;Gagné;12690;100;12690;2025-11-25
OPP-25-00618;2025-08-11;2025-08;T3 2025;Île-de-France;France;Laura S.;Île Logistique;Logistique;Perdu;9470;0;0;2025-12-19
OPP-25-00619;2025-08-11;2025-08;T3 2025;Wallonie;Belgique;Olivier F.;Hainaut Logistique;Logistique;Perdu;6800;0;0;2025-12-12
OPP-25-00620;2025-08-11;2025-08;T3 2025;Flandre;Belgique;Pieter V.;Kempen Bouw;Construction;Perdu;32810;0;0;2025-11-23
OPP-25-00621;2025-08-11;2025-08;T3 2025;Flandre;Belgique;Sarah W.;Haven Coatings;Industrie;Gagné;25660;100;25660;2025-11-11
OPP-25-00622;2025-08-11;2025-08;T3 2025;Île-de-France;France;Yanis A.;Marne Construction;Construction;Gagné;13570;100;13570;2025-11-19
OPP-25-00623;2025-08-13;2025-08;T3 2025;Wallonie;Belgique;Antoine R.;Intercommunale Meuse-Ourthe;Secteur public;Perdu;13050;0;0;2025-10-11
OPP-25-00624;2025-08-13;2025-08;T3 2025;Hauts-de-France;France;Camille D.;Logistique Opale;Logistique;Gagné;12600;100;12600;2025-10-15
OPP-25-00625;2025-08-14;2025-08;T3 2025;Bruxelles;Belgique;Élise V.;Transports Cantersteen;Logistique;Perdu;14020;0;0;2025-10-15
OPP-25-00626;2025-08-14;2025-08;T3 2025;Flandre;Belgique;Jens M.;Brouwerij Scheldekant;Agroalimentaire;Perdu;15930;0;0;2026-01-03
OPP-25-00627;2025-08-14;2025-08;T3 2025;Flandre;Belgique;Lotte D.;Stad Mechelen-Oost;Secteur public;Gagné;12220;100;12220;2025-11-24
OPP-25-00628;2025-08-14;2025-08;T3 2025;Flandre;Belgique;Sarah W.;Vlasbloem Retail;Distribution;Perdu;5000;0;0;2025-11-22
OPP-25-00629;2025-08-14;2025-08;T3 2025;Bruxelles;Belgique;Sophie L.;Fondation Horta;Secteur public;Perdu;16120;0;0;2025-09-26
OPP-25-00630;2025-08-14;2025-08;T3 2025;Hauts-de-France;France;Thomas L.;Distri Flandres;Distribution;Perdu;22350;0;0;2025-10-07
OPP-25-00631;2025-08-18;2025-08;T3 2025;Wallonie;Belgique;Julie M.;Namur Énergies;Énergie;Perdu;75940;0;0;2025-09-15
OPP-25-00632;2025-08-18;2025-08;T3 2025;Bruxelles;Belgique;Karim B.;Pharma Josaphat;Santé;Perdu;7220;0;0;2025-10-25
OPP-25-00633;2025-08-18;2025-08;T3 2025;Bruxelles;Belgique;Karim B.;Clinique des Étangs;Santé;Gagné;10200;100;10200;2025-11-27
OPP-25-00634;2025-08-19;2025-08;T3 2025;Hauts-de-France;France;Inès K.;Agrinord Picardie;Agroalimentaire;Perdu;14210;0;0;2025-11-16
OPP-25-00635;2025-08-19;2025-08;T3 2025;Flandre;Belgique;Lotte D.;Zennevallei Data;Services;Gagné;13550;100;13550;2025-11-29
OPP-25-00636;2025-08-19;2025-08;T3 2025;Hauts-de-France;France;Thomas L.;Distri Flandres;Distribution;Perdu;5080;0;0;2025-10-27
OPP-25-00637;2025-08-20;2025-08;T3 2025;Bruxelles;Belgique;Élise V.;Banque Sablon;Services financiers;Gagné;5080;100;5080;2025-11-17
OPP-25-00638;2025-08-20;2025-08;T3 2025;Flandre;Belgique;Lotte D.;Brouwerij Scheldekant;Agroalimentaire;Perdu;20180;0;0;2025-11-21
OPP-25-00639;2025-08-20;2025-08;T3 2025;Wallonie;Belgique;Olivier F.;Intercommunale Meuse-Ourthe;Secteur public;Perdu;12240;0;0;2025-12-20
OPP-25-00640;2025-08-21;2025-08;T3 2025;Île-de-France;France;Claire P.;Versailles Patrimoine;Secteur public;Perdu;24200;0;0;2025-12-31
OPP-25-00641;2025-08-21;2025-08;T3 2025;Île-de-France;France;Claire P.;Galeries Haussmann-Est;Distribution;Gagné;9180;100;9180;2025-09-20
OPP-25-00642;2025-08-21;2025-08;T3 2025;Wallonie;Belgique;Julie M.;Métallurgie Val-Saint-Lambert;Industrie;Gagné;14040;100;14040;2025-12-10
OPP-25-00643;2025-08-21;2025-08;T3 2025;Wallonie;Belgique;Julie M.;Clinique Mosane;Santé;Perdu;19930;0;0;2025-10-03
OPP-25-00644;2025-08-21;2025-08;T3 2025;Île-de-France;France;Mathieu G.;Défense Data;Services;Gagné;11990;100;11990;2026-01-07
OPP-25-00645;2025-08-21;2025-08;T3 2025;Wallonie;Belgique;Nadia B.;Clinique Mosane;Santé;Perdu;12520;0;0;2025-11-14
OPP-25-00646;2025-08-21;2025-08;T3 2025;Wallonie;Belgique;Olivier F.;Hainaut Logistique;Logistique;Gagné;11740;100;11740;2025-10-18
OPP-25-00647;2025-08-22;2025-08;T3 2025;Wallonie;Belgique;Julie M.;Clinique Mosane;Santé;Gagné;37680;100;37680;2026-01-03
OPP-25-00648;2025-08-22;2025-08;T3 2025;Wallonie;Belgique;Nadia B.;Laiterie des Fagnes;Agroalimentaire;Perdu;6700;0;0;2025-12-25
OPP-25-00649;2025-08-25;2025-08;T3 2025;Flandre;Belgique;Pieter V.;Stad Mechelen-Oost;Secteur public;Perdu;5000;0;0;2025-10-02
OPP-25-00650;2025-08-26;2025-08;T3 2025;Bruxelles;Belgique;Karim B.;Novacité;Services;Perdu;26260;0;0;2026-01-04
OPP-25-00651;2025-08-26;2025-08;T3 2025;Flandre;Belgique;Sarah W.;Polder Energie;Énergie;Perdu;5000;0;0;2026-01-02
OPP-25-00652;2025-08-27;2025-08;T3 2025;Bruxelles;Belgique;Élise V.;Banque Sablon;Services financiers;Perdu;17120;0;0;2025-12-08
OPP-25-00653;2025-08-27;2025-08;T3 2025;Flandre;Belgique;Jens M.;Kempen Bouw;Construction;Perdu;17670;0;0;2025-12-01
OPP-25-00654;2025-08-28;2025-08;T3 2025;Wallonie;Belgique;Antoine R.;Hainaut Logistique;Logistique;Perdu;14100;0;0;2026-01-15
OPP-25-00655;2025-08-28;2025-08;T3 2025;Hauts-de-France;France;Camille D.;Filature de Roubaix-Est;Industrie;Perdu;11170;0;0;2025-10-01
OPP-25-00656;2025-08-28;2025-08;T3 2025;Wallonie;Belgique;Julie M.;Verreries du Borinage;Industrie;Perdu;23090;0;0;2026-01-02
OPP-25-00657;2025-08-28;2025-08;T3 2025;Wallonie;Belgique;Julie M.;Intercommunale Meuse-Ourthe;Secteur public;Gagné;29590;100;29590;2025-12-29
OPP-25-00658;2025-08-28;2025-08;T3 2025;Hauts-de-France;France;Thomas L.;Métropole Services;Services;Gagné;6300;100;6300;2025-11-23
OPP-25-00659;2025-08-29;2025-08;T3 2025;Hauts-de-France;France;Inès K.;Verlinghem Énergie;Énergie;Négociation;14380;75;10785;2026-12-10
OPP-25-00660;2025-08-29;2025-08;T3 2025;Flandre;Belgique;Jens M.;Westhoek Metaal;Industrie;Négociation;8320;75;6240;2026-10-16
OPP-25-00661;2025-08-29;2025-08;T3 2025;Île-de-France;France;Laura S.;Seine Finance;Services financiers;Perdu;18700;0;0;2025-12-09
OPP-25-00662;2025-09-01;2025-09;T3 2025;Wallonie;Belgique;Antoine R.;Verreries du Borinage;Industrie;Perdu;5000;0;0;2025-12-18
OPP-25-00663;2025-09-01;2025-09;T3 2025;Flandre;Belgique;Lotte D.;Stad Mechelen-Oost;Secteur public;Négociation;9480;75;7110;2026-12-08
OPP-25-00664;2025-09-01;2025-09;T3 2025;Flandre;Belgique;Pieter V.;Noordzee Visserij;Agroalimentaire;Perdu;8340;0;0;2026-01-23
OPP-25-00665;2025-09-02;2025-09;T3 2025;Hauts-de-France;France;Camille D.;Sucrerie de la Somme;Agroalimentaire;Perdu;11880;0;0;2025-11-16
OPP-25-00666;2025-09-02;2025-09;T3 2025;Île-de-France;France;Laura S.;Marne Construction;Construction;Perdu;8650;0;0;2025-11-02
OPP-25-00667;2025-09-02;2025-09;T3 2025;Flandre;Belgique;Lotte D.;Polder Energie;Énergie;Perdu;9370;0;0;2025-09-27
OPP-25-00668;2025-09-02;2025-09;T3 2025;Flandre;Belgique;Sarah W.;Zennevallei Data;Services;Perdu;19180;0;0;2025-11-21
OPP-25-00669;2025-09-02;2025-09;T3 2025;Hauts-de-France;France;Thomas L.;Logistique Opale;Logistique;Perdu;12250;0;0;2025-12-12
OPP-25-00670;2025-09-02;2025-09;T3 2025;Île-de-France;France;Yanis A.;Clinique Montsouris-Sud;Santé;Perdu;14260;0;0;2025-10-12
OPP-25-00671;2025-09-03;2025-09;T3 2025;Wallonie;Belgique;Nadia B.;Fonderies de Sambre;Industrie;Perdu;5000;0;0;2026-01-08
OPP-25-00672;2025-09-03;2025-09;T3 2025;Wallonie;Belgique;Nadia B.;Coopérative Hesbaye;Agroalimentaire;Gagné;19430;100;19430;2026-01-05
OPP-25-00673;2025-09-03;2025-09;T3 2025;Flandre;Belgique;Sarah W.;Mercator Zorg;Santé;Gagné;16190;100;16190;2026-01-05
OPP-25-00674;2025-09-03;2025-09;T3 2025;Bruxelles;Belgique;Sophie L.;Banque Sablon;Services financiers;Proposition;16460;50;8230;2026-10-24
OPP-25-00675;2025-09-03;2025-09;T3 2025;Bruxelles;Belgique;Sophie L.;Pharma Josaphat;Santé;Perdu;25400;0;0;2025-11-23
OPP-25-00676;2025-09-03;2025-09;T3 2025;Île-de-France;France;Yanis A.;Versailles Patrimoine;Secteur public;Perdu;14380;0;0;2025-11-20
OPP-25-00677;2025-09-03;2025-09;T3 2025;Île-de-France;France;Yanis A.;Défense Data;Services;Perdu;29800;0;0;2025-09-30
OPP-25-00678;2025-09-04;2025-09;T3 2025;Hauts-de-France;France;Camille D.;Agrinord Picardie;Agroalimentaire;Perdu;22020;0;0;2026-01-03
OPP-25-00679;2025-09-04;2025-09;T3 2025;Hauts-de-France;France;Inès K.;Logistique Opale;Logistique;Perdu;11230;0;0;2025-11-02
OPP-25-00680;2025-09-04;2025-09;T3 2025;Bruxelles;Belgique;Karim B.;Transports Cantersteen;Logistique;Perdu;11040;0;0;2026-01-26
OPP-25-00681;2025-09-04;2025-09;T3 2025;Bruxelles;Belgique;Karim B.;Novacité;Services;Perdu;9480;0;0;2025-11-27
OPP-25-00682;2025-09-04;2025-09;T3 2025;Bruxelles;Belgique;Sophie L.;Atelier Brabo;Services;Perdu;16150;0;0;2026-01-26
OPP-25-00683;2025-09-04;2025-09;T3 2025;Hauts-de-France;France;Thomas L.;Sucrerie de la Somme;Agroalimentaire;Perdu;7830;0;0;2025-12-13
OPP-25-00684;2025-09-05;2025-09;T3 2025;Hauts-de-France;France;Inès K.;Sucrerie de la Somme;Agroalimentaire;Perdu;7270;0;0;2025-11-21
OPP-25-00685;2025-09-05;2025-09;T3 2025;Flandre;Belgique;Jens M.;Kempen Bouw;Construction;Gagné;12680;100;12680;2025-11-05
OPP-25-00686;2025-09-05;2025-09;T3 2025;Wallonie;Belgique;Julie M.;Groupe Famenne;Distribution;Perdu;46000;0;0;2025-10-26
OPP-25-00687;2025-09-05;2025-09;T3 2025;Flandre;Belgique;Lotte D.;Kempen Bouw;Construction;Proposition;24720;50;12360;2026-12-07
OPP-25-00688;2025-09-05;2025-09;T3 2025;Flandre;Belgique;Lotte D.;Kempen Bouw;Construction;Gagné;21200;100;21200;2025-10-20
OPP-25-00689;2025-09-08;2025-09;T3 2025;Île-de-France;France;Claire P.;Île Logistique;Logistique;Gagné;20050;100;20050;2025-10-11
OPP-25-00690;2025-09-08;2025-09;T3 2025;Wallonie;Belgique;Julie M.;Verreries du Borinage;Industrie;Gagné;5000;100;5000;2025-11-16
OPP-25-00691;2025-09-08;2025-09;T3 2025;Wallonie;Belgique;Nadia B.;Intercommunale Meuse-Ourthe;Secteur public;Gagné;15920;100;15920;2026-01-16
OPP-25-00692;2025-09-08;2025-09;T3 2025;Hauts-de-France;France;Thomas L.;Distri Flandres;Distribution;Gagné;15980;100;15980;2025-12-27
OPP-25-00693;2025-09-09;2025-09;T3 2025;Flandre;Belgique;Jens M.;Stad Mechelen-Oost;Secteur public;Perdu;23230;0;0;2026-01-10
OPP-25-00694;2025-09-09;2025-09;T3 2025;Wallonie;Belgique;Julie M.;Namur Énergies;Énergie;Gagné;76450;100;76450;2026-01-28
OPP-25-00695;2025-09-09;2025-09;T3 2025;Île-de-France;France;Laura S.;Paris Saclay Labs;Santé;Perdu;14650;0;0;2026-01-13
OPP-25-00696;2025-09-09;2025-09;T3 2025;Île-de-France;France;Laura S.;Assurances Quai Branly;Services financiers;Perdu;13690;0;0;2025-10-20
OPP-25-00697;2025-09-09;2025-09;T3 2025;Wallonie;Belgique;Olivier F.;Verreries du Borinage;Industrie;Perdu;7720;0;0;2025-11-05
OPP-25-00698;2025-09-09;2025-09;T3 2025;Bruxelles;Belgique;Sophie L.;Fondation Horta;Secteur public;Gagné;10880;100;10880;2025-10-28
OPP-25-00699;2025-09-10;2025-09;T3 2025;Wallonie;Belgique;Antoine R.;Fonderies de Sambre;Industrie;Gagné;19950;100;19950;2026-01-13
OPP-25-00700;2025-09-10;2025-09;T3 2025;Île-de-France;France;Claire P.;Défense Data;Services;Perdu;9170;0;0;2025-10-31
OPP-25-00701;2025-09-10;2025-09;T3 2025;Flandre;Belgique;Jens M.;Polder Energie;Énergie;Perdu;20570;0;0;2025-10-12
OPP-25-00702;2025-09-10;2025-09;T3 2025;Wallonie;Belgique;Julie M.;Intercommunale Meuse-Ourthe;Secteur public;Perdu;53860;0;0;2025-12-23
OPP-25-00703;2025-09-10;2025-09;T3 2025;Wallonie;Belgique;Julie M.;Coopérative Hesbaye;Agroalimentaire;Perdu;27700;0;0;2025-12-13
OPP-25-00704;2025-09-10;2025-09;T3 2025;Wallonie;Belgique;Julie M.;Coopérative Hesbaye;Agroalimentaire;Gagné;23510;100;23510;2026-01-03
OPP-25-00705;2025-09-10;2025-09;T3 2025;Île-de-France;France;Mathieu G.;Université Lutèce;Éducation;Gagné;6260;100;6260;2026-01-03
OPP-25-00706;2025-09-10;2025-09;T3 2025;Wallonie;Belgique;Olivier F.;Coopérative Hesbaye;Agroalimentaire;Perdu;20010;0;0;2026-01-15
OPP-25-00707;2025-09-10;2025-09;T3 2025;Flandre;Belgique;Pieter V.;Mercator Zorg;Santé;Perdu;9090;0;0;2025-10-07
OPP-25-00708;2025-09-11;2025-09;T3 2025;Hauts-de-France;France;Camille D.;Agrinord Picardie;Agroalimentaire;Perdu;22290;0;0;2025-10-28
OPP-25-00709;2025-09-11;2025-09;T3 2025;Wallonie;Belgique;Julie M.;Métallurgie Val-Saint-Lambert;Industrie;Perdu;37520;0;0;2025-11-26
OPP-25-00710;2025-09-11;2025-09;T3 2025;Wallonie;Belgique;Julie M.;Groupe Famenne;Distribution;Gagné;18980;100;18980;2025-12-01
OPP-25-00711;2025-09-11;2025-09;T3 2025;Bruxelles;Belgique;Karim B.;Pharma Josaphat;Santé;Gagné;16830;100;16830;2025-11-15
OPP-25-00712;2025-09-11;2025-09;T3 2025;Wallonie;Belgique;Nadia B.;Namur Énergies;Énergie;Perdu;15760;0;0;2026-01-04
OPP-25-00713;2025-09-11;2025-09;T3 2025;Flandre;Belgique;Sarah W.;Vlasbloem Retail;Distribution;Perdu;5000;0;0;2025-12-11
OPP-25-00714;2025-09-12;2025-09;T3 2025;Wallonie;Belgique;Antoine R.;Fonderies de Sambre;Industrie;Gagné;15060;100;15060;2025-10-25
OPP-25-00715;2025-09-12;2025-09;T3 2025;Bruxelles;Belgique;Élise V.;Clinique des Étangs;Santé;Perdu;32310;0;0;2025-10-16
OPP-25-00716;2025-09-12;2025-09;T3 2025;Wallonie;Belgique;Julie M.;Hainaut Logistique;Logistique;Gagné;29120;100;29120;2025-12-22
OPP-25-00717;2025-09-12;2025-09;T3 2025;Flandre;Belgique;Lotte D.;Noordzee Visserij;Agroalimentaire;Perdu;8500;0;0;2025-10-22
OPP-25-00718;2025-09-12;2025-09;T3 2025;Île-de-France;France;Mathieu G.;Hexagone Énergie;Énergie;Perdu;26540;0;0;2025-11-15
OPP-25-00719;2025-09-12;2025-09;T3 2025;Flandre;Belgique;Pieter V.;Vlasbloem Retail;Distribution;Gagné;5000;100;5000;2025-10-27
OPP-25-00720;2025-09-15;2025-09;T3 2025;Wallonie;Belgique;Antoine R.;Carrières du Condroz;Construction;Perdu;20410;0;0;2025-12-23
OPP-25-00721;2025-09-15;2025-09;T3 2025;Île-de-France;France;Claire P.;Assurances Quai Branly;Services financiers;Perdu;16590;0;0;2026-01-26
OPP-25-00722;2025-09-15;2025-09;T3 2025;Hauts-de-France;France;Inès K.;Agrinord Picardie;Agroalimentaire;Perdu;15120;0;0;2025-11-16
OPP-25-00723;2025-09-15;2025-09;T3 2025;Wallonie;Belgique;Julie M.;Intercommunale Meuse-Ourthe;Secteur public;Perdu;30040;0;0;2026-01-26
OPP-25-00724;2025-09-15;2025-09;T3 2025;Wallonie;Belgique;Julie M.;Carrières du Condroz;Construction;Perdu;28390;0;0;2026-02-04
OPP-25-00725;2025-09-15;2025-09;T3 2025;Bruxelles;Belgique;Karim B.;Atelier Brabo;Services;Gagné;13390;100;13390;2025-10-13
OPP-25-00726;2025-09-16;2025-09;T3 2025;Wallonie;Belgique;Antoine R.;Fonderies de Sambre;Industrie;Perdu;6850;0;0;2025-12-07
OPP-25-00727;2025-09-16;2025-09;T3 2025;Île-de-France;France;Claire P.;Galeries Haussmann-Est;Distribution;Gagné;9160;100;9160;2025-10-14
OPP-25-00728;2025-09-16;2025-09;T3 2025;Bruxelles;Belgique;Élise V.;Logis Ixelles;Construction;Perdu;7580;0;0;2026-02-06
OPP-25-00729;2025-09-17;2025-09;T3 2025;Île-de-France;France;Claire P.;Île Logistique;Logistique;Gagné;8350;100;8350;2025-12-15
OPP-25-00730;2025-09-17;2025-09;T3 2025;Bruxelles;Belgique;Élise V.;Distrimarolles;Distribution;Perdu;12470;0;0;2025-12-17
OPP-25-00731;2025-09-17;2025-09;T3 2025;Île-de-France;France;Laura S.;Bercy Conseil;Services;Perdu;26730;0;0;2026-01-30
OPP-25-00732;2025-09-17;2025-09;T3 2025;Wallonie;Belgique;Olivier F.;Fonderies de Sambre;Industrie;Perdu;8180;0;0;2025-10-25
OPP-25-00733;2025-09-17;2025-09;T3 2025;Flandre;Belgique;Pieter V.;Brouwerij Scheldekant;Agroalimentaire;Négociation;8760;75;6570;2026-11-27
OPP-25-00734;2025-09-17;2025-09;T3 2025;Flandre;Belgique;Sarah W.;Stad Mechelen-Oost;Secteur public;Perdu;20870;0;0;2025-11-28
OPP-25-00735;2025-09-18;2025-09;T3 2025;Bruxelles;Belgique;Karim B.;Clinique des Étangs;Santé;Proposition;19450;50;9725;2026-12-23
OPP-25-00736;2025-09-18;2025-09;T3 2025;Île-de-France;France;Laura S.;Galeries Haussmann-Est;Distribution;Perdu;9890;0;0;2026-01-15
OPP-25-00737;2025-09-18;2025-09;T3 2025;Flandre;Belgique;Lotte D.;Haven Coatings;Industrie;Gagné;22670;100;22670;2025-12-25
OPP-25-00738;2025-09-19;2025-09;T3 2025;Bruxelles;Belgique;Élise V.;Fondation Horta;Secteur public;Perdu;9180;0;0;2025-11-16
OPP-25-00739;2025-09-19;2025-09;T3 2025;Île-de-France;France;Mathieu G.;Assurances Quai Branly;Services financiers;Perdu;21120;0;0;2025-12-13
OPP-25-00740;2025-09-19;2025-09;T3 2025;Wallonie;Belgique;Nadia B.;Hainaut Logistique;Logistique;Gagné;5000;100;5000;2025-12-16
OPP-25-00741;2025-09-19;2025-09;T3 2025;Bruxelles;Belgique;Sophie L.;Logis Ixelles;Construction;Proposition;5100;50;2550;2026-10-25
OPP-25-00742;2025-09-22;2025-09;T3 2025;Hauts-de-France;France;Camille D.;Filature de Roubaix-Est;Industrie;Perdu;6230;0;0;2026-01-25
OPP-25-00743;2025-09-22;2025-09;T3 2025;Hauts-de-France;France;Inès K.;Logistique Opale;Logistique;Perdu;7210;0;0;2025-11-19
OPP-25-00744;2025-09-22;2025-09;T3 2025;Wallonie;Belgique;Olivier F.;Groupe Famenne;Distribution;Perdu;11840;0;0;2025-11-28
OPP-25-00745;2025-09-22;2025-09;T3 2025;Bruxelles;Belgique;Sophie L.;Énergie Senne;Énergie;Perdu;17630;0;0;2025-10-20
OPP-25-00746;2025-09-22;2025-09;T3 2025;Bruxelles;Belgique;Sophie L.;Atelier Brabo;Services;Perdu;18940;0;0;2025-11-14
OPP-25-00747;2025-09-23;2025-09;T3 2025;Bruxelles;Belgique;Élise V.;Atelier Brabo;Services;Gagné;5000;100;5000;2025-11-17
OPP-25-00748;2025-09-23;2025-09;T3 2025;Flandre;Belgique;Jens M.;Westhoek Metaal;Industrie;Perdu;5260;0;0;2025-11-12
OPP-25-00749;2025-09-23;2025-09;T3 2025;Bruxelles;Belgique;Karim B.;Fondation Horta;Secteur public;Perdu;21360;0;0;2025-10-21
OPP-25-00750;2025-09-24;2025-09;T3 2025;Wallonie;Belgique;Olivier F.;Laiterie des Fagnes;Agroalimentaire;Gagné;16270;100;16270;2025-11-11
OPP-25-00751;2025-09-24;2025-09;T3 2025;Île-de-France;France;Yanis A.;Hexagone Énergie;Énergie;Perdu;16520;0;0;2025-12-30
OPP-25-00752;2025-09-25;2025-09;T3 2025;Hauts-de-France;France;Camille D.;Distri Flandres;Distribution;Perdu;6600;0;0;2025-11-20
OPP-25-00753;2025-09-25;2025-09;T3 2025;Flandre;Belgique;Pieter V.;Delta Logistiek;Logistique;Perdu;41320;0;0;2025-12-26
OPP-25-00754;2025-09-25;2025-09;T3 2025;Hauts-de-France;France;Thomas L.;Métropole Services;Services;Gagné;14950;100;14950;2026-02-16
OPP-25-00755;2025-09-26;2025-09;T3 2025;Hauts-de-France;France;Inès K.;Sucrerie de la Somme;Agroalimentaire;Perdu;13420;0;0;2025-11-01
OPP-25-00756;2025-09-26;2025-09;T3 2025;Flandre;Belgique;Jens M.;Noordzee Visserij;Agroalimentaire;Perdu;9420;0;0;2025-11-09
OPP-25-00757;2025-09-26;2025-09;T3 2025;Île-de-France;France;Mathieu G.;Université Lutèce;Éducation;Perdu;28020;0;0;2025-11-17
OPP-25-00758;2025-09-26;2025-09;T3 2025;Île-de-France;France;Mathieu G.;Défense Data;Services;Gagné;9510;100;9510;2026-01-10
OPP-25-00759;2025-09-26;2025-09;T3 2025;Wallonie;Belgique;Nadia B.;Fonderies de Sambre;Industrie;Perdu;16280;0;0;2025-10-21
OPP-25-00760;2025-09-26;2025-09;T3 2025;Flandre;Belgique;Sarah W.;Mercator Zorg;Santé;Gagné;12510;100;12510;2025-11-24
OPP-25-00761;2025-09-26;2025-09;T3 2025;Hauts-de-France;France;Thomas L.;Filature de Roubaix-Est;Industrie;Gagné;13670;100;13670;2026-01-06
OPP-25-00762;2025-09-29;2025-09;T3 2025;Hauts-de-France;France;Camille D.;Métropole Services;Services;Gagné;5000;100;5000;2025-12-26
OPP-25-00763;2025-09-29;2025-09;T3 2025;Île-de-France;France;Claire P.;Bercy Conseil;Services;Gagné;32770;100;32770;2026-02-17
OPP-25-00764;2025-09-29;2025-09;T3 2025;Flandre;Belgique;Jens M.;Kempen Bouw;Construction;Perdu;8550;0;0;2026-02-06
OPP-25-00765;2025-09-29;2025-09;T3 2025;Wallonie;Belgique;Julie M.;Verreries du Borinage;Industrie;Perdu;12340;0;0;2025-11-04
OPP-25-00766;2025-09-29;2025-09;T3 2025;Île-de-France;France;Mathieu G.;Clinique Montsouris-Sud;Santé;Gagné;5570;100;5570;2025-11-26
OPP-25-00767;2025-09-29;2025-09;T3 2025;Île-de-France;France;Mathieu G.;Île Logistique;Logistique;Perdu;16970;0;0;2025-11-21
OPP-25-00768;2025-09-29;2025-09;T3 2025;Flandre;Belgique;Pieter V.;Stad Mechelen-Oost;Secteur public;Perdu;20930;0;0;2026-02-15
OPP-25-00769;2025-09-29;2025-09;T3 2025;Île-de-France;France;Yanis A.;Assurances Quai Branly;Services financiers;Perdu;14480;0;0;2026-01-31
OPP-25-00770;2025-09-30;2025-09;T3 2025;Wallonie;Belgique;Antoine R.;Namur Énergies;Énergie;Négociation;20380;75;15285;2026-12-02
OPP-25-00771;2025-09-30;2025-09;T3 2025;Bruxelles;Belgique;Élise V.;Novacité;Services;Perdu;7260;0;0;2026-01-19
OPP-25-00772;2025-09-30;2025-09;T3 2025;Wallonie;Belgique;Julie M.;Clinique Mosane;Santé;Perdu;29390;0;0;2025-11-25
OPP-25-00773;2025-09-30;2025-09;T3 2025;Flandre;Belgique;Pieter V.;Polder Energie;Énergie;Gagné;5760;100;5760;2026-01-13
OPP-25-00774;2025-10-01;2025-10;T4 2025;Île-de-France;France;Claire P.;Université Lutèce;Éducation;Perdu;20150;0;0;2025-12-11
OPP-25-00775;2025-10-01;2025-10;T4 2025;Bruxelles;Belgique;Karim B.;Fondation Horta;Secteur public;Perdu;17920;0;0;2025-11-20
OPP-25-00776;2025-10-01;2025-10;T4 2025;Flandre;Belgique;Lotte D.;Noordzee Visserij;Agroalimentaire;Gagné;22830;100;22830;2025-11-19
OPP-25-00777;2025-10-01;2025-10;T4 2025;Île-de-France;France;Mathieu G.;Assurances Quai Branly;Services financiers;Perdu;10360;0;0;2025-12-29
OPP-25-00778;2025-10-01;2025-10;T4 2025;Wallonie;Belgique;Olivier F.;Métallurgie Val-Saint-Lambert;Industrie;Gagné;8410;100;8410;2025-11-25
OPP-25-00779;2025-10-02;2025-10;T4 2025;Hauts-de-France;France;Camille D.;Ville de Lens-Nord;Secteur public;Perdu;8450;0;0;2026-01-26
OPP-25-00780;2025-10-02;2025-10;T4 2025;Flandre;Belgique;Jens M.;Brouwerij Scheldekant;Agroalimentaire;Perdu;33450;0;0;2026-02-15
OPP-25-00781;2025-10-02;2025-10;T4 2025;Bruxelles;Belgique;Karim B.;Distrimarolles;Distribution;Proposition;8870;50;4435;2026-11-05
OPP-25-00782;2025-10-02;2025-10;T4 2025;Île-de-France;France;Laura S.;Université Lutèce;Éducation;Perdu;5000;0;0;2026-01-21
OPP-25-00783;2025-10-03;2025-10;T4 2025;Wallonie;Belgique;Antoine R.;Fonderies de Sambre;Industrie;Gagné;12310;100;12310;2025-12-24
OPP-25-00784;2025-10-03;2025-10;T4 2025;Hauts-de-France;France;Camille D.;Agrinord Picardie;Agroalimentaire;Perdu;5000;0;0;2025-11-25
OPP-25-00785;2025-10-03;2025-10;T4 2025;Bruxelles;Belgique;Élise V.;Hôtel Mont-des-Arts;Hôtellerie;Gagné;27550;100;27550;2026-01-03
OPP-25-00786;2025-10-03;2025-10;T4 2025;Île-de-France;France;Mathieu G.;Université Lutèce;Éducation;Gagné;24640;100;24640;2025-12-05
OPP-25-00787;2025-10-03;2025-10;T4 2025;Île-de-France;France;Mathieu G.;Bercy Conseil;Services;Gagné;16230;100;16230;2026-02-11
OPP-25-00788;2025-10-03;2025-10;T4 2025;Wallonie;Belgique;Nadia B.;Groupe Famenne;Distribution;Perdu;7380;0;0;2026-02-09
OPP-25-00789;2025-10-03;2025-10;T4 2025;Hauts-de-France;France;Thomas L.;Filature de Roubaix-Est;Industrie;Gagné;6880;100;6880;2026-02-21
OPP-25-00790;2025-10-03;2025-10;T4 2025;Hauts-de-France;France;Thomas L.;Aciéries de l'Escaut;Industrie;Gagné;6240;100;6240;2025-12-17
OPP-25-00791;2025-10-06;2025-10;T4 2025;Hauts-de-France;France;Inès K.;Clinique du Beffroi;Santé;Perdu;26050;0;0;2026-01-31
OPP-25-00792;2025-10-06;2025-10;T4 2025;Île-de-France;France;Laura S.;Défense Data;Services;Perdu;17320;0;0;2025-11-29
OPP-25-00793;2025-10-07;2025-10;T4 2025;Île-de-France;France;Claire P.;Clinique Montsouris-Sud;Santé;Gagné;15050;100;15050;2025-11-21
OPP-25-00794;2025-10-07;2025-10;T4 2025;Île-de-France;France;Mathieu G.;Clinique Montsouris-Sud;Santé;Perdu;10510;0;0;2025-11-04
OPP-25-00795;2025-10-07;2025-10;T4 2025;Wallonie;Belgique;Nadia B.;Fonderies de Sambre;Industrie;Perdu;11740;0;0;2026-02-11
OPP-25-00796;2025-10-07;2025-10;T4 2025;Bruxelles;Belgique;Sophie L.;Transports Cantersteen;Logistique;Perdu;25990;0;0;2025-11-20
OPP-25-00797;2025-10-07;2025-10;T4 2025;Hauts-de-France;France;Thomas L.;Verlinghem Énergie;Énergie;Perdu;26960;0;0;2025-11-22
OPP-25-00798;2025-10-07;2025-10;T4 2025;Île-de-France;France;Yanis A.;Versailles Patrimoine;Secteur public;Perdu;6930;0;0;2026-02-20
OPP-25-00799;2025-10-08;2025-10;T4 2025;Flandre;Belgique;Jens M.;Haven Coatings;Industrie;Perdu;8560;0;0;2025-11-28
OPP-25-00800;2025-10-08;2025-10;T4 2025;Wallonie;Belgique;Olivier F.;Fonderies de Sambre;Industrie;Perdu;14430;0;0;2025-11-29
OPP-25-00801;2025-10-08;2025-10;T4 2025;Wallonie;Belgique;Olivier F.;Métallurgie Val-Saint-Lambert;Industrie;Gagné;9980;100;9980;2026-01-30
OPP-25-00802;2025-10-09;2025-10;T4 2025;Wallonie;Belgique;Antoine R.;Carrières du Condroz;Construction;Négociation;16720;75;12540;2026-12-10
OPP-25-00803;2025-10-09;2025-10;T4 2025;Île-de-France;France;Yanis A.;Défense Data;Services;Négociation;18680;75;14010;2026-11-01
OPP-25-00804;2025-10-10;2025-10;T4 2025;Wallonie;Belgique;Antoine R.;Groupe Famenne;Distribution;Perdu;11960;0;0;2025-12-10
OPP-25-00805;2025-10-10;2025-10;T4 2025;Wallonie;Belgique;Antoine R.;Fonderies de Sambre;Industrie;Perdu;11340;0;0;2026-01-21
OPP-25-00806;2025-10-10;2025-10;T4 2025;Hauts-de-France;France;Camille D.;Aciéries de l'Escaut;Industrie;Gagné;9450;100;9450;2025-11-21
OPP-25-00807;2025-10-10;2025-10;T4 2025;Wallonie;Belgique;Julie M.;Verreries du Borinage;Industrie;Perdu;14850;0;0;2025-12-29
OPP-25-00808;2025-10-10;2025-10;T4 2025;Wallonie;Belgique;Julie M.;Intercommunale Meuse-Ourthe;Secteur public;Perdu;7900;0;0;2025-11-24
OPP-25-00809;2025-10-10;2025-10;T4 2025;Wallonie;Belgique;Olivier F.;Clinique Mosane;Santé;Gagné;13430;100;13430;2026-01-24
OPP-25-00810;2025-10-10;2025-10;T4 2025;Flandre;Belgique;Sarah W.;Haven Coatings;Industrie;Perdu;7160;0;0;2026-01-06
OPP-25-00811;2025-10-13;2025-10;T4 2025;Wallonie;Belgique;Antoine R.;Coopérative Hesbaye;Agroalimentaire;Gagné;10550;100;10550;2026-02-07
OPP-25-00812;2025-10-13;2025-10;T4 2025;Île-de-France;France;Mathieu G.;Hexagone Énergie;Énergie;Proposition;16430;50;8215;2026-11-03
OPP-25-00813;2025-10-14;2025-10;T4 2025;Wallonie;Belgique;Julie M.;Groupe Famenne;Distribution;Perdu;16520;0;0;2026-03-05
OPP-25-00814;2025-10-14;2025-10;T4 2025;Wallonie;Belgique;Julie M.;Laiterie des Fagnes;Agroalimentaire;Perdu;37550;0;0;2026-03-03
OPP-25-00815;2025-10-14;2025-10;T4 2025;Bruxelles;Belgique;Karim B.;Pharma Josaphat;Santé;Gagné;5000;100;5000;2026-01-20
OPP-25-00816;2025-10-14;2025-10;T4 2025;Flandre;Belgique;Lotte D.;Zennevallei Data;Services;Gagné;10640;100;10640;2025-12-17
OPP-25-00817;2025-10-14;2025-10;T4 2025;Flandre;Belgique;Pieter V.;Noordzee Visserij;Agroalimentaire;Perdu;11690;0;0;2026-02-06
OPP-25-00818;2025-10-15;2025-10;T4 2025;Flandre;Belgique;Sarah W.;Mercator Zorg;Santé;Perdu;5000;0;0;2025-12-11
OPP-25-00819;2025-10-16;2025-10;T4 2025;Hauts-de-France;France;Inès K.;Agrinord Picardie;Agroalimentaire;Gagné;5000;100;5000;2025-11-28
OPP-25-00820;2025-10-17;2025-10;T4 2025;Flandre;Belgique;Lotte D.;Kempen Bouw;Construction;Perdu;14220;0;0;2025-12-01
OPP-25-00821;2025-10-20;2025-10;T4 2025;Flandre;Belgique;Jens M.;Haven Coatings;Industrie;Perdu;8200;0;0;2025-12-31
OPP-25-00822;2025-10-20;2025-10;T4 2025;Wallonie;Belgique;Julie M.;Laiterie des Fagnes;Agroalimentaire;Perdu;31210;0;0;2025-11-16
OPP-25-00823;2025-10-20;2025-10;T4 2025;Île-de-France;France;Laura S.;Galeries Haussmann-Est;Distribution;Perdu;12120;0;0;2026-01-20
OPP-25-00824;2025-10-20;2025-10;T4 2025;Wallonie;Belgique;Nadia B.;Coopérative Hesbaye;Agroalimentaire;Gagné;18720;100;18720;2026-01-22
OPP-25-00825;2025-10-20;2025-10;T4 2025;Bruxelles;Belgique;Sophie L.;Distrimarolles;Distribution;Perdu;20030;0;0;2026-01-16
OPP-25-00826;2025-10-21;2025-10;T4 2025;Hauts-de-France;France;Camille D.;Agrinord Picardie;Agroalimentaire;Proposition;36600;50;18300;2026-11-12
OPP-25-00827;2025-10-21;2025-10;T4 2025;Wallonie;Belgique;Julie M.;Coopérative Hesbaye;Agroalimentaire;Perdu;21920;0;0;2025-11-30
OPP-25-00828;2025-10-21;2025-10;T4 2025;Flandre;Belgique;Pieter V.;Mercator Zorg;Santé;Perdu;13510;0;0;2025-12-08
OPP-25-00829;2025-10-21;2025-10;T4 2025;Flandre;Belgique;Sarah W.;Delta Logistiek;Logistique;Perdu;9090;0;0;2025-11-19
OPP-25-00830;2025-10-21;2025-10;T4 2025;Hauts-de-France;France;Thomas L.;Logistique Opale;Logistique;Perdu;9020;0;0;2026-02-09
OPP-25-00831;2025-10-22;2025-10;T4 2025;Bruxelles;Belgique;Élise V.;Fondation Horta;Secteur public;Perdu;10040;0;0;2025-12-15
OPP-25-00832;2025-10-22;2025-10;T4 2025;Flandre;Belgique;Lotte D.;Brouwerij Scheldekant;Agroalimentaire;Gagné;19080;100;19080;2026-02-27
OPP-25-00833;2025-10-22;2025-10;T4 2025;Flandre;Belgique;Pieter V.;Zennevallei Data;Services;Perdu;16990;0;0;2025-11-17
OPP-25-00834;2025-10-22;2025-10;T4 2025;Île-de-France;France;Yanis A.;Paris Saclay Labs;Santé;Gagné;7400;100;7400;2026-02-10
OPP-25-00835;2025-10-23;2025-10;T4 2025;Wallonie;Belgique;Antoine R.;Hainaut Logistique;Logistique;Gagné;17970;100;17970;2026-02-06
OPP-25-00836;2025-10-23;2025-10;T4 2025;Bruxelles;Belgique;Élise V.;Clinique des Étangs;Santé;Gagné;9230;100;9230;2026-01-11
OPP-25-00837;2025-10-23;2025-10;T4 2025;Hauts-de-France;France;Inès K.;Filature de Roubaix-Est;Industrie;Perdu;7530;0;0;2026-01-26
OPP-25-00838;2025-10-23;2025-10;T4 2025;Hauts-de-France;France;Inès K.;Aciéries de l'Escaut;Industrie;Gagné;12990;100;12990;2025-11-27
OPP-25-00839;2025-10-23;2025-10;T4 2025;Wallonie;Belgique;Julie M.;Coopérative Hesbaye;Agroalimentaire;Gagné;19700;100;19700;2026-01-28
OPP-25-00840;2025-10-23;2025-10;T4 2025;Île-de-France;France;Mathieu G.;Défense Data;Services;Perdu;16530;0;0;2025-11-21
OPP-25-00841;2025-10-23;2025-10;T4 2025;Wallonie;Belgique;Nadia B.;Ardenne Bois;Industrie;Perdu;15390;0;0;2025-11-21
OPP-25-00842;2025-10-23;2025-10;T4 2025;Flandre;Belgique;Pieter V.;Mercator Zorg;Santé;Gagné;11700;100;11700;2026-01-17
OPP-25-00843;2025-10-23;2025-10;T4 2025;Île-de-France;France;Yanis A.;Île Logistique;Logistique;Gagné;25970;100;25970;2025-12-13
OPP-25-00844;2025-10-24;2025-10;T4 2025;Île-de-France;France;Claire P.;Clinique Montsouris-Sud;Santé;Gagné;11390;100;11390;2025-12-14
OPP-25-00845;2025-10-24;2025-10;T4 2025;Bruxelles;Belgique;Élise V.;Hôtel Mont-des-Arts;Hôtellerie;Gagné;9710;100;9710;2026-01-31
OPP-25-00846;2025-10-24;2025-10;T4 2025;Flandre;Belgique;Jens M.;Leie Textiel;Industrie;Gagné;19290;100;19290;2025-11-30
OPP-25-00847;2025-10-24;2025-10;T4 2025;Wallonie;Belgique;Julie M.;Métallurgie Val-Saint-Lambert;Industrie;Perdu;36220;0;0;2026-01-28
OPP-25-00848;2025-10-24;2025-10;T4 2025;Wallonie;Belgique;Olivier F.;Laiterie des Fagnes;Agroalimentaire;Perdu;10410;0;0;2025-12-09
OPP-25-00849;2025-10-24;2025-10;T4 2025;Flandre;Belgique;Pieter V.;Noordzee Visserij;Agroalimentaire;Perdu;25340;0;0;2025-11-28
OPP-25-00850;2025-10-24;2025-10;T4 2025;Flandre;Belgique;Sarah W.;Noordzee Visserij;Agroalimentaire;Perdu;24230;0;0;2026-03-12
OPP-25-00851;2025-10-24;2025-10;T4 2025;Hauts-de-France;France;Thomas L.;Métropole Services;Services;Proposition;9450;50;4725;2026-12-12
OPP-25-00852;2025-10-27;2025-10;T4 2025;Hauts-de-France;France;Camille D.;Ville de Lens-Nord;Secteur public;Perdu;12320;0;0;2025-11-30
OPP-25-00853;2025-10-27;2025-10;T4 2025;Bruxelles;Belgique;Karim B.;Distrimarolles;Distribution;Gagné;6610;100;6610;2025-12-20
OPP-25-00854;2025-10-27;2025-10;T4 2025;Île-de-France;France;Mathieu G.;Versailles Patrimoine;Secteur public;Perdu;11860;0;0;2026-01-20
OPP-25-00855;2025-10-28;2025-10;T4 2025;Île-de-France;France;Claire P.;Seine Finance;Services financiers;Perdu;5000;0;0;2025-12-02
OPP-25-00856;2025-10-28;2025-10;T4 2025;Île-de-France;France;Claire P.;Défense Data;Services;Gagné;32440;100;32440;2026-01-13
OPP-25-00857;2025-10-28;2025-10;T4 2025;Wallonie;Belgique;Julie M.;Fonderies de Sambre;Industrie;Perdu;24750;0;0;2025-12-19
OPP-25-00858;2025-10-28;2025-10;T4 2025;Wallonie;Belgique;Julie M.;Carrières du Condroz;Construction;Perdu;29740;0;0;2025-12-24
OPP-25-00859;2025-10-28;2025-10;T4 2025;Bruxelles;Belgique;Sophie L.;Banque Sablon;Services financiers;Gagné;21050;100;21050;2026-01-07
OPP-25-00860;2025-10-29;2025-10;T4 2025;Wallonie;Belgique;Nadia B.;Métallurgie Val-Saint-Lambert;Industrie;Perdu;19950;0;0;2026-03-05
OPP-25-00861;2025-10-29;2025-10;T4 2025;Flandre;Belgique;Sarah W.;Vlasbloem Retail;Distribution;Perdu;19150;0;0;2026-02-22
OPP-25-00862;2025-10-29;2025-10;T4 2025;Bruxelles;Belgique;Sophie L.;Énergie Senne;Énergie;Perdu;15110;0;0;2026-03-02
OPP-25-00863;2025-10-29;2025-10;T4 2025;Bruxelles;Belgique;Sophie L.;Pharma Josaphat;Santé;Perdu;7640;0;0;2026-02-09
OPP-25-00864;2025-10-30;2025-10;T4 2025;Bruxelles;Belgique;Élise V.;Distrimarolles;Distribution;Gagné;8890;100;8890;2026-02-02
OPP-25-00865;2025-10-30;2025-10;T4 2025;Flandre;Belgique;Jens M.;Mercator Zorg;Santé;Perdu;5310;0;0;2026-02-12
OPP-25-00866;2025-10-30;2025-10;T4 2025;Bruxelles;Belgique;Karim B.;Transports Cantersteen;Logistique;Perdu;24010;0;0;2026-01-31
OPP-25-00867;2025-10-30;2025-10;T4 2025;Île-de-France;France;Laura S.;Défense Data;Services;Gagné;12240;100;12240;2025-12-13
OPP-25-00868;2025-10-30;2025-10;T4 2025;Flandre;Belgique;Pieter V.;Kempen Bouw;Construction;Gagné;10760;100;10760;2025-12-24
OPP-25-00869;2025-10-30;2025-10;T4 2025;Île-de-France;France;Yanis A.;Université Lutèce;Éducation;Gagné;14500;100;14500;2026-01-29
OPP-25-00870;2025-10-31;2025-10;T4 2025;Île-de-France;France;Claire P.;Bercy Conseil;Services;Négociation;5540;75;4155;2026-11-24
OPP-25-00871;2025-10-31;2025-10;T4 2025;Wallonie;Belgique;Julie M.;Clinique Mosane;Santé;Gagné;95910;100;95910;2026-01-23
OPP-25-00872;2025-10-31;2025-10;T4 2025;Wallonie;Belgique;Julie M.;Namur Énergies;Énergie;Perdu;41450;0;0;2026-03-03
OPP-25-00873;2025-10-31;2025-10;T4 2025;Bruxelles;Belgique;Karim B.;Énergie Senne;Énergie;Perdu;17620;0;0;2026-02-19
OPP-25-00874;2025-10-31;2025-10;T4 2025;Île-de-France;France;Laura S.;Île Logistique;Logistique;Perdu;19350;0;0;2026-01-17
OPP-25-00875;2025-10-31;2025-10;T4 2025;Flandre;Belgique;Lotte D.;Haven Coatings;Industrie;Perdu;13230;0;0;2026-02-12
OPP-25-00876;2025-10-31;2025-10;T4 2025;Bruxelles;Belgique;Sophie L.;Distrimarolles;Distribution;Gagné;9630;100;9630;2025-12-29
OPP-25-00877;2025-11-03;2025-11;T4 2025;Bruxelles;Belgique;Élise V.;Atelier Brabo;Services;Perdu;14130;0;0;2026-03-10
OPP-25-00878;2025-11-03;2025-11;T4 2025;Bruxelles;Belgique;Élise V.;Énergie Senne;Énergie;Gagné;12040;100;12040;2026-03-12
OPP-25-00879;2025-11-03;2025-11;T4 2025;Hauts-de-France;France;Inès K.;Aciéries de l'Escaut;Industrie;Gagné;27930;100;27930;2026-01-04
OPP-25-00880;2025-11-03;2025-11;T4 2025;Flandre;Belgique;Jens M.;Noordzee Visserij;Agroalimentaire;Perdu;8710;0;0;2025-12-20
OPP-25-00881;2025-11-03;2025-11;T4 2025;Flandre;Belgique;Lotte D.;Mercator Zorg;Santé;Gagné;18080;100;18080;2026-02-21
OPP-25-00882;2025-11-03;2025-11;T4 2025;Wallonie;Belgique;Nadia B.;Namur Énergies;Énergie;Gagné;13600;100;13600;2026-02-01
OPP-25-00883;2025-11-03;2025-11;T4 2025;Flandre;Belgique;Pieter V.;Vlasbloem Retail;Distribution;Perdu;39430;0;0;2026-01-28
OPP-25-00884;2025-11-03;2025-11;T4 2025;Flandre;Belgique;Sarah W.;Brouwerij Scheldekant;Agroalimentaire;Gagné;15410;100;15410;2026-02-13
OPP-25-00885;2025-11-04;2025-11;T4 2025;Wallonie;Belgique;Antoine R.;Ardenne Bois;Industrie;Perdu;5000;0;0;2025-12-18
OPP-25-00886;2025-11-04;2025-11;T4 2025;Hauts-de-France;France;Camille D.;Aciéries de l'Escaut;Industrie;Perdu;14180;0;0;2025-12-31
OPP-25-00887;2025-11-04;2025-11;T4 2025;Île-de-France;France;Claire P.;Défense Data;Services;Perdu;6610;0;0;2025-12-13
OPP-25-00888;2025-11-04;2025-11;T4 2025;Île-de-France;France;Laura S.;Assurances Quai Branly;Services financiers;Gagné;33610;100;33610;2026-02-03
OPP-25-00889;2025-11-04;2025-11;T4 2025;Flandre;Belgique;Lotte D.;Kempen Bouw;Construction;Perdu;22390;0;0;2026-03-26
OPP-25-00890;2025-11-05;2025-11;T4 2025;Île-de-France;France;Claire P.;Marne Construction;Construction;Gagné;6300;100;6300;2026-01-28
OPP-25-00891;2025-11-05;2025-11;T4 2025;Wallonie;Belgique;Julie M.;Laiterie des Fagnes;Agroalimentaire;Perdu;8680;0;0;2025-12-13
OPP-25-00892;2025-11-05;2025-11;T4 2025;Bruxelles;Belgique;Karim B.;Pharma Josaphat;Santé;Gagné;5240;100;5240;2026-02-25
OPP-25-00893;2025-11-05;2025-11;T4 2025;Île-de-France;France;Mathieu G.;Assurances Quai Branly;Services financiers;Perdu;25020;0;0;2026-03-17
OPP-25-00894;2025-11-05;2025-11;T4 2025;Flandre;Belgique;Pieter V.;Westhoek Metaal;Industrie;Gagné;13480;100;13480;2026-01-01
OPP-25-00895;2025-11-06;2025-11;T4 2025;Wallonie;Belgique;Julie M.;Laiterie des Fagnes;Agroalimentaire;Gagné;14080;100;14080;2025-12-29
OPP-25-00896;2025-11-06;2025-11;T4 2025;Île-de-France;France;Laura S.;Hexagone Énergie;Énergie;Perdu;6990;0;0;2025-12-17
OPP-25-00897;2025-11-06;2025-11;T4 2025;Île-de-France;France;Yanis A.;Hexagone Énergie;Énergie;Perdu;5350;0;0;2026-02-08
OPP-25-00898;2025-11-07;2025-11;T4 2025;Wallonie;Belgique;Antoine R.;Clinique Mosane;Santé;Gagné;12210;100;12210;2026-03-20
OPP-25-00899;2025-11-07;2025-11;T4 2025;Bruxelles;Belgique;Élise V.;Transports Cantersteen;Logistique;Gagné;8130;100;8130;2026-01-07
OPP-25-00900;2025-11-07;2025-11;T4 2025;Wallonie;Belgique;Julie M.;Coopérative Hesbaye;Agroalimentaire;Gagné;16360;100;16360;2025-12-02
OPP-25-00901;2025-11-07;2025-11;T4 2025;Bruxelles;Belgique;Karim B.;Logis Ixelles;Construction;Gagné;22780;100;22780;2026-02-11
OPP-25-00902;2025-11-07;2025-11;T4 2025;Bruxelles;Belgique;Sophie L.;Distrimarolles;Distribution;Gagné;25880;100;25880;2026-03-22
OPP-25-00903;2025-11-07;2025-11;T4 2025;Bruxelles;Belgique;Sophie L.;Pharma Josaphat;Santé;Perdu;23150;0;0;2025-12-27
OPP-25-00904;2025-11-10;2025-11;T4 2025;Wallonie;Belgique;Antoine R.;Intercommunale Meuse-Ourthe;Secteur public;Perdu;15890;0;0;2026-03-09
OPP-25-00905;2025-11-10;2025-11;T4 2025;Wallonie;Belgique;Antoine R.;Laiterie des Fagnes;Agroalimentaire;Perdu;10790;0;0;2026-01-22
OPP-25-00906;2025-11-10;2025-11;T4 2025;Hauts-de-France;France;Inès K.;Agrinord Picardie;Agroalimentaire;Perdu;6670;0;0;2025-12-22
OPP-25-00907;2025-11-10;2025-11;T4 2025;Wallonie;Belgique;Julie M.;Laiterie des Fagnes;Agroalimentaire;Perdu;36560;0;0;2025-12-29
OPP-25-00908;2025-11-10;2025-11;T4 2025;Flandre;Belgique;Lotte D.;Mercator Zorg;Santé;Perdu;15500;0;0;2026-01-18
OPP-25-00909;2025-11-10;2025-11;T4 2025;Île-de-France;France;Mathieu G.;Défense Data;Services;Perdu;17850;0;0;2026-01-22
OPP-25-00910;2025-11-10;2025-11;T4 2025;Île-de-France;France;Mathieu G.;Île Logistique;Logistique;Gagné;9010;100;9010;2026-01-06
OPP-25-00911;2025-11-10;2025-11;T4 2025;Wallonie;Belgique;Olivier F.;Clinique Mosane;Santé;Proposition;10180;50;5090;2026-11-19
OPP-25-00912;2025-11-10;2025-11;T4 2025;Hauts-de-France;France;Thomas L.;Distri Flandres;Distribution;Gagné;10850;100;10850;2025-12-23
OPP-25-00913;2025-11-12;2025-11;T4 2025;Bruxelles;Belgique;Élise V.;Hôtel Mont-des-Arts;Hôtellerie;Perdu;11540;0;0;2026-03-23
OPP-25-00914;2025-11-12;2025-11;T4 2025;Wallonie;Belgique;Julie M.;Carrières du Condroz;Construction;Perdu;19260;0;0;2026-01-24
OPP-25-00915;2025-11-12;2025-11;T4 2025;Bruxelles;Belgique;Karim B.;Clinique des Étangs;Santé;Gagné;9490;100;9490;2026-02-07
OPP-25-00916;2025-11-12;2025-11;T4 2025;Île-de-France;France;Laura S.;Clinique Montsouris-Sud;Santé;Gagné;5000;100;5000;2026-03-23
OPP-25-00917;2025-11-12;2025-11;T4 2025;Flandre;Belgique;Lotte D.;Westhoek Metaal;Industrie;Perdu;10770;0;0;2025-12-19
OPP-25-00918;2025-11-12;2025-11;T4 2025;Wallonie;Belgique;Nadia B.;Ardenne Bois;Industrie;Négociation;10160;75;7620;2026-11-03
OPP-25-00919;2025-11-12;2025-11;T4 2025;Flandre;Belgique;Sarah W.;Polder Energie;Énergie;Perdu;24690;0;0;2026-01-09
OPP-25-00920;2025-11-12;2025-11;T4 2025;Bruxelles;Belgique;Sophie L.;Novacité;Services;Perdu;16480;0;0;2026-02-08
OPP-25-00921;2025-11-12;2025-11;T4 2025;Bruxelles;Belgique;Sophie L.;Clinique des Étangs;Santé;Perdu;14930;0;0;2025-12-17
OPP-25-00922;2025-11-12;2025-11;T4 2025;Hauts-de-France;France;Thomas L.;Ville de Lens-Nord;Secteur public;Gagné;8410;100;8410;2026-01-17
OPP-25-00923;2025-11-12;2025-11;T4 2025;Île-de-France;France;Yanis A.;Marne Construction;Construction;Perdu;10760;0;0;2025-12-29
OPP-25-00924;2025-11-13;2025-11;T4 2025;Île-de-France;France;Claire P.;Île Logistique;Logistique;Perdu;24960;0;0;2026-04-03
OPP-25-00925;2025-11-13;2025-11;T4 2025;Flandre;Belgique;Jens M.;Mercator Zorg;Santé;Gagné;22820;100;22820;2026-03-17
OPP-25-00926;2025-11-13;2025-11;T4 2025;Wallonie;Belgique;Julie M.;Laiterie des Fagnes;Agroalimentaire;Gagné;64450;100;64450;2026-02-01
OPP-25-00927;2025-11-13;2025-11;T4 2025;Wallonie;Belgique;Julie M.;Groupe Famenne;Distribution;Perdu;46980;0;0;2026-03-03
OPP-25-00928;2025-11-13;2025-11;T4 2025;Wallonie;Belgique;Nadia B.;Métallurgie Val-Saint-Lambert;Industrie;Gagné;14570;100;14570;2026-02-02
OPP-25-00929;2025-11-13;2025-11;T4 2025;Wallonie;Belgique;Olivier F.;Fonderies de Sambre;Industrie;Gagné;7390;100;7390;2026-03-26
OPP-25-00930;2025-11-14;2025-11;T4 2025;Bruxelles;Belgique;Karim B.;Énergie Senne;Énergie;Perdu;5000;0;0;2026-01-05
OPP-25-00931;2025-11-14;2025-11;T4 2025;Bruxelles;Belgique;Sophie L.;Banque Sablon;Services financiers;Perdu;13260;0;0;2026-02-01
OPP-25-00932;2025-11-14;2025-11;T4 2025;Île-de-France;France;Yanis A.;Galeries Haussmann-Est;Distribution;Gagné;7160;100;7160;2026-04-02
OPP-25-00933;2025-11-17;2025-11;T4 2025;Wallonie;Belgique;Antoine R.;Fonderies de Sambre;Industrie;Perdu;24690;0;0;2026-02-04
OPP-25-00934;2025-11-17;2025-11;T4 2025;Wallonie;Belgique;Julie M.;Ardenne Bois;Industrie;Perdu;6520;0;0;2025-12-13
OPP-25-00935;2025-11-17;2025-11;T4 2025;Île-de-France;France;Yanis A.;Défense Data;Services;Gagné;38190;100;38190;2026-02-16
OPP-25-00936;2025-11-17;2025-11;T4 2025;Île-de-France;France;Yanis A.;Clinique Montsouris-Sud;Santé;Perdu;5000;0;0;2026-02-21
OPP-25-00937;2025-11-18;2025-11;T4 2025;Wallonie;Belgique;Julie M.;Carrières du Condroz;Construction;Perdu;17030;0;0;2026-03-13
OPP-25-00938;2025-11-18;2025-11;T4 2025;Île-de-France;France;Laura S.;Marne Construction;Construction;Perdu;8410;0;0;2026-02-22
OPP-25-00939;2025-11-18;2025-11;T4 2025;Île-de-France;France;Mathieu G.;Université Lutèce;Éducation;Gagné;14690;100;14690;2026-02-25
OPP-25-00940;2025-11-18;2025-11;T4 2025;Wallonie;Belgique;Nadia B.;Verreries du Borinage;Industrie;Gagné;19660;100;19660;2026-03-06
OPP-25-00941;2025-11-18;2025-11;T4 2025;Flandre;Belgique;Sarah W.;Delta Logistiek;Logistique;Gagné;15090;100;15090;2026-02-23
OPP-25-00942;2025-11-18;2025-11;T4 2025;Île-de-France;France;Yanis A.;Île Logistique;Logistique;Perdu;6520;0;0;2026-03-08
OPP-25-00943;2025-11-19;2025-11;T4 2025;Wallonie;Belgique;Antoine R.;Fonderies de Sambre;Industrie;Perdu;9560;0;0;2026-03-12
OPP-25-00944;2025-11-20;2025-11;T4 2025;Hauts-de-France;France;Inès K.;Aciéries de l'Escaut;Industrie;Perdu;7980;0;0;2026-03-26
OPP-25-00945;2025-11-20;2025-11;T4 2025;Wallonie;Belgique;Julie M.;Intercommunale Meuse-Ourthe;Secteur public;Perdu;101590;0;0;2026-01-08
OPP-25-00946;2025-11-20;2025-11;T4 2025;Bruxelles;Belgique;Karim B.;Clinique des Étangs;Santé;Perdu;31930;0;0;2026-04-01
OPP-25-00947;2025-11-20;2025-11;T4 2025;Île-de-France;France;Laura S.;Île Logistique;Logistique;Perdu;11880;0;0;2026-02-27
OPP-25-00948;2025-11-21;2025-11;T4 2025;Hauts-de-France;France;Camille D.;Métropole Services;Services;Perdu;19970;0;0;2026-03-21
OPP-25-00949;2025-11-21;2025-11;T4 2025;Flandre;Belgique;Jens M.;Noordzee Visserij;Agroalimentaire;Perdu;19200;0;0;2026-03-16
OPP-25-00950;2025-11-21;2025-11;T4 2025;Île-de-France;France;Mathieu G.;Seine Finance;Services financiers;Gagné;29520;100;29520;2026-02-26
OPP-25-00951;2025-11-21;2025-11;T4 2025;Wallonie;Belgique;Nadia B.;Métallurgie Val-Saint-Lambert;Industrie;Perdu;10730;0;0;2025-12-19
OPP-25-00952;2025-11-21;2025-11;T4 2025;Wallonie;Belgique;Olivier F.;Ardenne Bois;Industrie;Perdu;6220;0;0;2026-02-15
OPP-25-00953;2025-11-21;2025-11;T4 2025;Wallonie;Belgique;Olivier F.;Ardenne Bois;Industrie;Perdu;20490;0;0;2026-02-01
OPP-25-00954;2025-11-21;2025-11;T4 2025;Hauts-de-France;France;Thomas L.;Distri Flandres;Distribution;Perdu;10610;0;0;2026-02-07
OPP-25-00955;2025-11-24;2025-11;T4 2025;Bruxelles;Belgique;Élise V.;Pharma Josaphat;Santé;Gagné;18880;100;18880;2026-04-05
OPP-25-00956;2025-11-24;2025-11;T4 2025;Bruxelles;Belgique;Karim B.;Distrimarolles;Distribution;Perdu;7070;0;0;2026-01-08
OPP-25-00957;2025-11-24;2025-11;T4 2025;Wallonie;Belgique;Olivier F.;Laiterie des Fagnes;Agroalimentaire;Perdu;10360;0;0;2026-04-17
OPP-25-00958;2025-11-24;2025-11;T4 2025;Flandre;Belgique;Pieter V.;Westhoek Metaal;Industrie;Perdu;7210;0;0;2026-04-02
OPP-25-00959;2025-11-24;2025-11;T4 2025;Hauts-de-France;France;Thomas L.;Clinique du Beffroi;Santé;Gagné;8810;100;8810;2026-04-11
OPP-25-00960;2025-11-25;2025-11;T4 2025;Wallonie;Belgique;Julie M.;Carrières du Condroz;Construction;Perdu;16090;0;0;2026-02-08
OPP-25-00961;2025-11-25;2025-11;T4 2025;Flandre;Belgique;Lotte D.;Leie Textiel;Industrie;Gagné;9600;100;9600;2026-03-14
OPP-25-00962;2025-11-26;2025-11;T4 2025;Hauts-de-France;France;Camille D.;Clinique du Beffroi;Santé;Gagné;5720;100;5720;2026-04-15
OPP-25-00963;2025-11-26;2025-11;T4 2025;Flandre;Belgique;Jens M.;Haven Coatings;Industrie;Gagné;16620;100;16620;2025-12-25
OPP-25-00964;2025-11-26;2025-11;T4 2025;Flandre;Belgique;Sarah W.;Brouwerij Scheldekant;Agroalimentaire;Proposition;5000;50;2500;2026-11-17
OPP-25-00965;2025-11-26;2025-11;T4 2025;Hauts-de-France;France;Thomas L.;Aciéries de l'Escaut;Industrie;Gagné;21720;100;21720;2026-04-07
OPP-25-00966;2025-11-27;2025-11;T4 2025;Hauts-de-France;France;Camille D.;Verlinghem Énergie;Énergie;Perdu;20150;0;0;2026-01-11
OPP-25-00967;2025-11-27;2025-11;T4 2025;Wallonie;Belgique;Julie M.;Groupe Famenne;Distribution;Perdu;17300;0;0;2026-02-18
OPP-25-00968;2025-11-27;2025-11;T4 2025;Flandre;Belgique;Pieter V.;Brouwerij Scheldekant;Agroalimentaire;Perdu;7680;0;0;2026-03-09
OPP-25-00969;2025-11-27;2025-11;T4 2025;Flandre;Belgique;Pieter V.;Mercator Zorg;Santé;Gagné;8680;100;8680;2026-02-10
OPP-25-00970;2025-11-28;2025-11;T4 2025;Hauts-de-France;France;Camille D.;Distri Flandres;Distribution;Perdu;8160;0;0;2026-01-04
OPP-25-00971;2025-11-28;2025-11;T4 2025;Île-de-France;France;Claire P.;Bercy Conseil;Services;Gagné;9200;100;9200;2026-01-27
OPP-25-00972;2025-11-28;2025-11;T4 2025;Île-de-France;France;Claire P.;Assurances Quai Branly;Services financiers;Perdu;12110;0;0;2026-02-01
OPP-25-00973;2025-11-28;2025-11;T4 2025;Île-de-France;France;Claire P.;Bercy Conseil;Services;Perdu;28190;0;0;2026-01-22
OPP-25-00974;2025-11-28;2025-11;T4 2025;Hauts-de-France;France;Inès K.;Filature de Roubaix-Est;Industrie;Gagné;5000;100;5000;2026-03-09
OPP-25-00975;2025-11-28;2025-11;T4 2025;Flandre;Belgique;Jens M.;Brouwerij Scheldekant;Agroalimentaire;Perdu;5000;0;0;2026-02-15
OPP-25-00976;2025-11-28;2025-11;T4 2025;Flandre;Belgique;Pieter V.;Haven Coatings;Industrie;Gagné;16510;100;16510;2026-01-14
OPP-25-00977;2025-12-01;2025-12;T4 2025;Wallonie;Belgique;Antoine R.;Métallurgie Val-Saint-Lambert;Industrie;Perdu;7230;0;0;2026-02-12
OPP-25-00978;2025-12-01;2025-12;T4 2025;Bruxelles;Belgique;Élise V.;Pharma Josaphat;Santé;Gagné;15160;100;15160;2026-04-10
OPP-25-00979;2025-12-01;2025-12;T4 2025;Hauts-de-France;France;Inès K.;Filature de Roubaix-Est;Industrie;Perdu;12010;0;0;2026-04-19
OPP-25-00980;2025-12-01;2025-12;T4 2025;Île-de-France;France;Laura S.;Paris Saclay Labs;Santé;Perdu;25840;0;0;2026-02-19
OPP-25-00981;2025-12-01;2025-12;T4 2025;Wallonie;Belgique;Olivier F.;Métallurgie Val-Saint-Lambert;Industrie;Gagné;5140;100;5140;2026-03-02
OPP-25-00982;2025-12-03;2025-12;T4 2025;Wallonie;Belgique;Antoine R.;Carrières du Condroz;Construction;Perdu;27870;0;0;2026-01-26
OPP-25-00983;2025-12-03;2025-12;T4 2025;Île-de-France;France;Claire P.;Galeries Haussmann-Est;Distribution;Perdu;15920;0;0;2026-04-14
OPP-25-00984;2025-12-03;2025-12;T4 2025;Wallonie;Belgique;Julie M.;Métallurgie Val-Saint-Lambert;Industrie;Perdu;21630;0;0;2026-02-22
OPP-25-00985;2025-12-03;2025-12;T4 2025;Bruxelles;Belgique;Sophie L.;Transports Cantersteen;Logistique;Perdu;6890;0;0;2026-03-13
OPP-25-00986;2025-12-04;2025-12;T4 2025;Wallonie;Belgique;Antoine R.;Fonderies de Sambre;Industrie;Gagné;5710;100;5710;2026-01-03
OPP-25-00987;2025-12-04;2025-12;T4 2025;Hauts-de-France;France;Inès K.;Clinique du Beffroi;Santé;Perdu;5180;0;0;2026-03-05
OPP-25-00988;2025-12-04;2025-12;T4 2025;Flandre;Belgique;Jens M.;Polder Energie;Énergie;Perdu;14610;0;0;2026-03-19
OPP-25-00989;2025-12-04;2025-12;T4 2025;Wallonie;Belgique;Julie M.;Métallurgie Val-Saint-Lambert;Industrie;Perdu;21740;0;0;2026-04-13
OPP-25-00990;2025-12-04;2025-12;T4 2025;Flandre;Belgique;Sarah W.;Zennevallei Data;Services;Proposition;16150;50;8075;2026-11-04
OPP-25-00991;2025-12-04;2025-12;T4 2025;Hauts-de-France;France;Thomas L.;Distri Flandres;Distribution;Gagné;34650;100;34650;2026-03-14
OPP-25-00992;2025-12-05;2025-12;T4 2025;Île-de-France;France;Laura S.;Hexagone Énergie;Énergie;Perdu;18970;0;0;2025-12-30
OPP-25-00993;2025-12-08;2025-12;T4 2025;Flandre;Belgique;Jens M.;Vlasbloem Retail;Distribution;Perdu;11580;0;0;2026-03-03
OPP-25-00994;2025-12-09;2025-12;T4 2025;Wallonie;Belgique;Nadia B.;Groupe Famenne;Distribution;Perdu;8190;0;0;2026-02-23
OPP-25-00995;2025-12-09;2025-12;T4 2025;Bruxelles;Belgique;Sophie L.;Atelier Brabo;Services;Perdu;9710;0;0;2026-03-17
OPP-25-00996;2025-12-09;2025-12;T4 2025;Île-de-France;France;Yanis A.;Université Lutèce;Éducation;Gagné;8540;100;8540;2026-01-04
OPP-25-00997;2025-12-09;2025-12;T4 2025;Île-de-France;France;Yanis A.;Défense Data;Services;Perdu;18360;0;0;2026-01-17
OPP-25-00998;2025-12-10;2025-12;T4 2025;Île-de-France;France;Claire P.;Versailles Patrimoine;Secteur public;Gagné;11150;100;11150;2026-03-19
OPP-25-00999;2025-12-10;2025-12;T4 2025;Bruxelles;Belgique;Élise V.;Atelier Brabo;Services;Perdu;16380;0;0;2026-04-02
OPP-25-01000;2025-12-10;2025-12;T4 2025;Flandre;Belgique;Sarah W.;Mercator Zorg;Santé;Perdu;12950;0;0;2026-03-31
OPP-25-01001;2025-12-11;2025-12;T4 2025;Wallonie;Belgique;Antoine R.;Verreries du Borinage;Industrie;Perdu;16110;0;0;2026-02-22
OPP-25-01002;2025-12-11;2025-12;T4 2025;Wallonie;Belgique;Julie M.;Coopérative Hesbaye;Agroalimentaire;Proposition;40890;50;20445;2026-12-06
OPP-25-01003;2025-12-11;2025-12;T4 2025;Île-de-France;France;Laura S.;Assurances Quai Branly;Services financiers;Gagné;5600;100;5600;2026-01-10
OPP-25-01004;2025-12-12;2025-12;T4 2025;Wallonie;Belgique;Antoine R.;Carrières du Condroz;Construction;Perdu;8200;0;0;2026-05-05
OPP-25-01005;2025-12-12;2025-12;T4 2025;Hauts-de-France;France;Inès K.;Sucrerie de la Somme;Agroalimentaire;Perdu;16570;0;0;2026-04-13
OPP-25-01006;2025-12-12;2025-12;T4 2025;Flandre;Belgique;Jens M.;Delta Logistiek;Logistique;Perdu;5000;0;0;2026-02-12
OPP-25-01007;2025-12-12;2025-12;T4 2025;Wallonie;Belgique;Julie M.;Coopérative Hesbaye;Agroalimentaire;Perdu;21320;0;0;2026-01-17
OPP-25-01008;2025-12-12;2025-12;T4 2025;Bruxelles;Belgique;Sophie L.;Cogeris;Services;Perdu;14450;0;0;2026-04-30
OPP-25-01009;2025-12-15;2025-12;T4 2025;Île-de-France;France;Claire P.;Hexagone Énergie;Énergie;Perdu;14020;0;0;2026-03-05
OPP-25-01010;2025-12-15;2025-12;T4 2025;Île-de-France;France;Claire P.;Bercy Conseil;Services;Perdu;22290;0;0;2026-02-01
OPP-25-01011;2025-12-15;2025-12;T4 2025;Île-de-France;France;Mathieu G.;Seine Finance;Services financiers;Gagné;9070;100;9070;2026-04-22
OPP-25-01012;2025-12-15;2025-12;T4 2025;Wallonie;Belgique;Olivier F.;Ardenne Bois;Industrie;Perdu;7040;0;0;2026-02-16
OPP-25-01013;2025-12-15;2025-12;T4 2025;Flandre;Belgique;Pieter V.;Noordzee Visserij;Agroalimentaire;Gagné;26570;100;26570;2026-04-14
OPP-25-01014;2025-12-16;2025-12;T4 2025;Wallonie;Belgique;Julie M.;Hainaut Logistique;Logistique;Négociation;34640;75;25980;2026-11-30
OPP-25-01015;2025-12-16;2025-12;T4 2025;Île-de-France;France;Mathieu G.;Clinique Montsouris-Sud;Santé;Perdu;18740;0;0;2026-01-22
OPP-25-01016;2025-12-16;2025-12;T4 2025;Bruxelles;Belgique;Sophie L.;Cogeris;Services;Gagné;19170;100;19170;2026-02-26
OPP-25-01017;2025-12-17;2025-12;T4 2025;Hauts-de-France;France;Camille D.;Logistique Opale;Logistique;Perdu;20210;0;0;2026-03-14
OPP-25-01018;2025-12-17;2025-12;T4 2025;Hauts-de-France;France;Inès K.;Ville de Lens-Nord;Secteur public;Perdu;8560;0;0;2026-03-17
OPP-25-01019;2025-12-17;2025-12;T4 2025;Wallonie;Belgique;Olivier F.;Fonderies de Sambre;Industrie;Négociation;30120;75;22590;2026-11-23
OPP-25-01020;2025-12-17;2025-12;T4 2025;Wallonie;Belgique;Olivier F.;Verreries du Borinage;Industrie;Perdu;5000;0;0;2026-02-25
OPP-25-01021;2025-12-18;2025-12;T4 2025;Hauts-de-France;France;Camille D.;Sucrerie de la Somme;Agroalimentaire;Perdu;16720;0;0;2026-04-30
OPP-25-01022;2025-12-18;2025-12;T4 2025;Île-de-France;France;Laura S.;Université Lutèce;Éducation;Gagné;5010;100;5010;2026-02-28
OPP-25-01023;2025-12-18;2025-12;T4 2025;Flandre;Belgique;Lotte D.;Haven Coatings;Industrie;Perdu;9520;0;0;2026-03-04
OPP-25-01024;2025-12-18;2025-12;T4 2025;Flandre;Belgique;Sarah W.;Polder Energie;Énergie;Perdu;12180;0;0;2026-02-18
OPP-25-01025;2025-12-18;2025-12;T4 2025;Hauts-de-France;France;Thomas L.;Agrinord Picardie;Agroalimentaire;Perdu;6650;0;0;2026-01-15
OPP-25-01026;2025-12-19;2025-12;T4 2025;Wallonie;Belgique;Julie M.;Carrières du Condroz;Construction;Perdu;18420;0;0;2026-03-25
OPP-25-01027;2025-12-19;2025-12;T4 2025;Île-de-France;France;Mathieu G.;Versailles Patrimoine;Secteur public;Perdu;27640;0;0;2026-04-21
OPP-25-01028;2025-12-19;2025-12;T4 2025;Île-de-France;France;Mathieu G.;Paris Saclay Labs;Santé;Perdu;13340;0;0;2026-04-07
OPP-25-01029;2025-12-19;2025-12;T4 2025;Wallonie;Belgique;Nadia B.;Hainaut Logistique;Logistique;Perdu;16080;0;0;2026-02-25
OPP-25-01030;2025-12-19;2025-12;T4 2025;Flandre;Belgique;Sarah W.;Polder Energie;Énergie;Perdu;5000;0;0;2026-02-03
OPP-25-01031;2025-12-22;2025-12;T4 2025;Wallonie;Belgique;Julie M.;Ardenne Bois;Industrie;Perdu;35630;0;0;2026-03-01
OPP-25-01032;2025-12-22;2025-12;T4 2025;Wallonie;Belgique;Julie M.;Verreries du Borinage;Industrie;Gagné;48280;100;48280;2026-03-29
OPP-25-01033;2025-12-22;2025-12;T4 2025;Bruxelles;Belgique;Karim B.;Pharma Josaphat;Santé;Perdu;23240;0;0;2026-02-07
OPP-25-01034;2025-12-23;2025-12;T4 2025;Bruxelles;Belgique;Élise V.;Clinique des Étangs;Santé;Perdu;13210;0;0;2026-01-18
OPP-25-01035;2025-12-23;2025-12;T4 2025;Bruxelles;Belgique;Karim B.;Clinique des Étangs;Santé;Perdu;13070;0;0;2026-03-21
OPP-25-01036;2025-12-23;2025-12;T4 2025;Flandre;Belgique;Lotte D.;Vlasbloem Retail;Distribution;Perdu;9700;0;0;2026-01-21
OPP-25-01037;2025-12-23;2025-12;T4 2025;Flandre;Belgique;Pieter V.;Stad Mechelen-Oost;Secteur public;Perdu;9400;0;0;2026-05-16
OPP-25-01038;2025-12-24;2025-12;T4 2025;Hauts-de-France;France;Camille D.;Filature de Roubaix-Est;Industrie;Perdu;13010;0;0;2026-04-24
OPP-25-01039;2025-12-24;2025-12;T4 2025;Flandre;Belgique;Jens M.;Brouwerij Scheldekant;Agroalimentaire;Perdu;27460;0;0;2026-03-09
OPP-25-01040;2025-12-24;2025-12;T4 2025;Bruxelles;Belgique;Karim B.;Énergie Senne;Énergie;Gagné;15880;100;15880;2026-04-12
OPP-25-01041;2025-12-24;2025-12;T4 2025;Bruxelles;Belgique;Sophie L.;Logis Ixelles;Construction;Perdu;21630;0;0;2026-03-02
OPP-25-01042;2025-12-24;2025-12;T4 2025;Île-de-France;France;Yanis A.;Paris Saclay Labs;Santé;Gagné;26430;100;26430;2026-03-22
OPP-25-01043;2025-12-26;2025-12;T4 2025;Hauts-de-France;France;Camille D.;Aciéries de l'Escaut;Industrie;Perdu;5000;0;0;2026-04-30
OPP-25-01044;2025-12-26;2025-12;T4 2025;Wallonie;Belgique;Julie M.;Métallurgie Val-Saint-Lambert;Industrie;Perdu;21260;0;0;2026-03-31
OPP-25-01045;2025-12-26;2025-12;T4 2025;Wallonie;Belgique;Nadia B.;Coopérative Hesbaye;Agroalimentaire;Perdu;16200;0;0;2026-02-07
OPP-25-01046;2025-12-26;2025-12;T4 2025;Flandre;Belgique;Pieter V.;Mercator Zorg;Santé;Perdu;6070;0;0;2026-04-18
OPP-25-01047;2025-12-26;2025-12;T4 2025;Flandre;Belgique;Pieter V.;Brouwerij Scheldekant;Agroalimentaire;Perdu;7830;0;0;2026-03-30
OPP-25-01048;2025-12-26;2025-12;T4 2025;Hauts-de-France;France;Thomas L.;Ville de Lens-Nord;Secteur public;Perdu;6370;0;0;2026-02-17
OPP-25-01049;2025-12-26;2025-12;T4 2025;Île-de-France;France;Yanis A.;Assurances Quai Branly;Services financiers;Perdu;9000;0;0;2026-03-02
OPP-25-01050;2025-12-29;2025-12;T4 2025;Île-de-France;France;Claire P.;Île Logistique;Logistique;Perdu;5000;0;0;2026-04-12
OPP-25-01051;2025-12-29;2025-12;T4 2025;Wallonie;Belgique;Julie M.;Intercommunale Meuse-Ourthe;Secteur public;Perdu;17400;0;0;2026-01-29
OPP-25-01052;2025-12-29;2025-12;T4 2025;Bruxelles;Belgique;Karim B.;Clinique des Étangs;Santé;Perdu;12450;0;0;2026-04-18
OPP-25-01053;2025-12-29;2025-12;T4 2025;Île-de-France;France;Mathieu G.;Clinique Montsouris-Sud;Santé;Gagné;14750;100;14750;2026-05-18
OPP-25-01054;2025-12-29;2025-12;T4 2025;Flandre;Belgique;Pieter V.;Noordzee Visserij;Agroalimentaire;Perdu;25520;0;0;2026-05-17
OPP-25-01055;2025-12-30;2025-12;T4 2025;Wallonie;Belgique;Julie M.;Ardenne Bois;Industrie;Gagné;11170;100;11170;2026-05-22
OPP-25-01056;2025-12-30;2025-12;T4 2025;Flandre;Belgique;Lotte D.;Kempen Bouw;Construction;Perdu;32190;0;0;2026-01-25
OPP-25-01057;2025-12-30;2025-12;T4 2025;Wallonie;Belgique;Nadia B.;Verreries du Borinage;Industrie;Gagné;14500;100;14500;2026-03-09
OPP-25-01058;2025-12-31;2025-12;T4 2025;Bruxelles;Belgique;Élise V.;Clinique des Étangs;Santé;Gagné;5610;100;5610;2026-03-16
OPP-25-01059;2025-12-31;2025-12;T4 2025;Flandre;Belgique;Lotte D.;Polder Energie;Énergie;Proposition;11350;50;5675;2026-11-12
OPP-26-01060;2026-01-02;2026-01;T1 2026;Hauts-de-France;France;Camille D.;Verlinghem Énergie;Énergie;Perdu;16300;0;0;2026-04-13
OPP-26-01061;2026-01-02;2026-01;T1 2026;Flandre;Belgique;Jens M.;Polder Energie;Énergie;Perdu;15590;0;0;2026-03-21
OPP-26-01062;2026-01-02;2026-01;T1 2026;Wallonie;Belgique;Julie M.;Intercommunale Meuse-Ourthe;Secteur public;Perdu;22640;0;0;2026-05-16
OPP-26-01063;2026-01-02;2026-01;T1 2026;Hauts-de-France;France;Thomas L.;Clinique du Beffroi;Santé;Perdu;6470;0;0;2026-02-10
OPP-26-01064;2026-01-05;2026-01;T1 2026;Île-de-France;France;Claire P.;Paris Saclay Labs;Santé;Perdu;15690;0;0;2026-02-24
OPP-26-01065;2026-01-05;2026-01;T1 2026;Flandre;Belgique;Lotte D.;Stad Mechelen-Oost;Secteur public;Perdu;15000;0;0;2026-04-04
OPP-26-01066;2026-01-06;2026-01;T1 2026;Île-de-France;France;Claire P.;Seine Finance;Services financiers;Perdu;6790;0;0;2026-03-01
OPP-26-01067;2026-01-06;2026-01;T1 2026;Flandre;Belgique;Jens M.;Noordzee Visserij;Agroalimentaire;Proposition;22850;50;11425;2026-10-20
OPP-26-01068;2026-01-06;2026-01;T1 2026;Wallonie;Belgique;Julie M.;Ardenne Bois;Industrie;Gagné;16920;100;16920;2026-05-16
OPP-26-01069;2026-01-07;2026-01;T1 2026;Wallonie;Belgique;Nadia B.;Verreries du Borinage;Industrie;Gagné;6510;100;6510;2026-02-10
OPP-26-01070;2026-01-07;2026-01;T1 2026;Wallonie;Belgique;Olivier F.;Carrières du Condroz;Construction;Perdu;5000;0;0;2026-02-20
OPP-26-01071;2026-01-07;2026-01;T1 2026;Flandre;Belgique;Pieter V.;Leie Textiel;Industrie;Négociation;23700;75;17775;2026-10-25
OPP-26-01072;2026-01-07;2026-01;T1 2026;Flandre;Belgique;Pieter V.;Westhoek Metaal;Industrie;Gagné;19540;100;19540;2026-05-09
OPP-26-01073;2026-01-08;2026-01;T1 2026;Île-de-France;France;Mathieu G.;Paris Saclay Labs;Santé;Perdu;16920;0;0;2026-03-20
OPP-26-01074;2026-01-08;2026-01;T1 2026;Flandre;Belgique;Sarah W.;Leie Textiel;Industrie;Gagné;17070;100;17070;2026-04-13
OPP-26-01075;2026-01-09;2026-01;T1 2026;Hauts-de-France;France;Camille D.;Métropole Services;Services;Perdu;7140;0;0;2026-04-10
OPP-26-01076;2026-01-09;2026-01;T1 2026;Île-de-France;France;Claire P.;Défense Data;Services;Négociation;26900;75;20175;2026-10-18
OPP-26-01077;2026-01-09;2026-01;T1 2026;Île-de-France;France;Laura S.;Clinique Montsouris-Sud;Santé;Gagné;5000;100;5000;2026-05-31
OPP-26-01078;2026-01-09;2026-01;T1 2026;Flandre;Belgique;Sarah W.;Delta Logistiek;Logistique;Gagné;7830;100;7830;2026-03-07
OPP-26-01079;2026-01-12;2026-01;T1 2026;Hauts-de-France;France;Camille D.;Sucrerie de la Somme;Agroalimentaire;Perdu;7230;0;0;2026-02-19
OPP-26-01080;2026-01-12;2026-01;T1 2026;Hauts-de-France;France;Inès K.;Verlinghem Énergie;Énergie;Perdu;6430;0;0;2026-05-29
OPP-26-01081;2026-01-12;2026-01;T1 2026;Bruxelles;Belgique;Karim B.;Novacité;Services;Gagné;24050;100;24050;2026-05-27
OPP-26-01082;2026-01-12;2026-01;T1 2026;Wallonie;Belgique;Nadia B.;Clinique Mosane;Santé;Gagné;11590;100;11590;2026-02-06
OPP-26-01083;2026-01-13;2026-01;T1 2026;Bruxelles;Belgique;Karim B.;Fondation Horta;Secteur public;Perdu;10720;0;0;2026-04-06
OPP-26-01084;2026-01-13;2026-01;T1 2026;Wallonie;Belgique;Olivier F.;Métallurgie Val-Saint-Lambert;Industrie;Perdu;7370;0;0;2026-06-04
OPP-26-01085;2026-01-13;2026-01;T1 2026;Île-de-France;France;Yanis A.;Défense Data;Services;Gagné;12740;100;12740;2026-04-28
OPP-26-01086;2026-01-14;2026-01;T1 2026;Flandre;Belgique;Jens M.;Haven Coatings;Industrie;Perdu;15380;0;0;2026-06-01
OPP-26-01087;2026-01-14;2026-01;T1 2026;Île-de-France;France;Laura S.;Paris Saclay Labs;Santé;Perdu;24150;0;0;2026-02-26
OPP-26-01088;2026-01-14;2026-01;T1 2026;Île-de-France;France;Mathieu G.;Défense Data;Services;Négociation;21040;75;15780;2026-10-18
OPP-26-01089;2026-01-14;2026-01;T1 2026;Wallonie;Belgique;Olivier F.;Fonderies de Sambre;Industrie;Gagné;11780;100;11780;2026-03-03
OPP-26-01090;2026-01-14;2026-01;T1 2026;Flandre;Belgique;Pieter V.;Haven Coatings;Industrie;Perdu;12310;0;0;2026-03-28
OPP-26-01091;2026-01-14;2026-01;T1 2026;Flandre;Belgique;Sarah W.;Noordzee Visserij;Agroalimentaire;Gagné;14200;100;14200;2026-03-04
OPP-26-01092;2026-01-14;2026-01;T1 2026;Hauts-de-France;France;Thomas L.;Sucrerie de la Somme;Agroalimentaire;Gagné;29950;100;29950;2026-05-19
OPP-26-01093;2026-01-15;2026-01;T1 2026;Île-de-France;France;Mathieu G.;Galeries Haussmann-Est;Distribution;Perdu;8730;0;0;2026-05-31
OPP-26-01094;2026-01-15;2026-01;T1 2026;Bruxelles;Belgique;Sophie L.;Distrimarolles;Distribution;Négociation;7840;75;5880;2026-10-22
OPP-26-01095;2026-01-16;2026-01;T1 2026;Wallonie;Belgique;Antoine R.;Fonderies de Sambre;Industrie;Perdu;26070;0;0;2026-03-13
OPP-26-01096;2026-01-16;2026-01;T1 2026;Île-de-France;France;Claire P.;Université Lutèce;Éducation;Perdu;12800;0;0;2026-05-31
OPP-26-01097;2026-01-16;2026-01;T1 2026;Wallonie;Belgique;Julie M.;Clinique Mosane;Santé;Perdu;43880;0;0;2026-02-26
OPP-26-01098;2026-01-16;2026-01;T1 2026;Bruxelles;Belgique;Karim B.;Novacité;Services;Perdu;12540;0;0;2026-05-21
OPP-26-01099;2026-01-16;2026-01;T1 2026;Île-de-France;France;Laura S.;Seine Finance;Services financiers;Perdu;17400;0;0;2026-03-28
OPP-26-01100;2026-01-16;2026-01;T1 2026;Bruxelles;Belgique;Sophie L.;Clinique des Étangs;Santé;Gagné;19910;100;19910;2026-03-09
OPP-26-01101;2026-01-19;2026-01;T1 2026;Wallonie;Belgique;Julie M.;Verreries du Borinage;Industrie;Perdu;65650;0;0;2026-03-02
OPP-26-01102;2026-01-19;2026-01;T1 2026;Flandre;Belgique;Sarah W.;Brouwerij Scheldekant;Agroalimentaire;Gagné;14310;100;14310;2026-03-02
OPP-26-01103;2026-01-20;2026-01;T1 2026;Hauts-de-France;France;Camille D.;Filature de Roubaix-Est;Industrie;Perdu;15460;0;0;2026-05-15
OPP-26-01104;2026-01-20;2026-01;T1 2026;Bruxelles;Belgique;Élise V.;Novacité;Services;Gagné;10480;100;10480;2026-04-20
OPP-26-01105;2026-01-20;2026-01;T1 2026;Île-de-France;France;Mathieu G.;Paris Saclay Labs;Santé;Perdu;17080;0;0;2026-06-06
OPP-26-01106;2026-01-20;2026-01;T1 2026;Wallonie;Belgique;Nadia B.;Laiterie des Fagnes;Agroalimentaire;Négociation;18210;75;13657,50;2026-12-17
OPP-26-01107;2026-01-21;2026-01;T1 2026;Wallonie;Belgique;Antoine R.;Laiterie des Fagnes;Agroalimentaire;Perdu;9750;0;0;2026-04-11
OPP-26-01108;2026-01-21;2026-01;T1 2026;Wallonie;Belgique;Julie M.;Intercommunale Meuse-Ourthe;Secteur public;Perdu;26700;0;0;2026-06-14
OPP-26-01109;2026-01-21;2026-01;T1 2026;Flandre;Belgique;Lotte D.;Haven Coatings;Industrie;Gagné;18210;100;18210;2026-02-24
OPP-26-01110;2026-01-21;2026-01;T1 2026;Flandre;Belgique;Lotte D.;Delta Logistiek;Logistique;Perdu;8110;0;0;2026-04-17
OPP-26-01111;2026-01-21;2026-01;T1 2026;Flandre;Belgique;Lotte D.;Kempen Bouw;Construction;Perdu;7930;0;0;2026-03-07
OPP-26-01112;2026-01-21;2026-01;T1 2026;Bruxelles;Belgique;Sophie L.;Fondation Horta;Secteur public;Perdu;9900;0;0;2026-02-23
OPP-26-01113;2026-01-22;2026-01;T1 2026;Île-de-France;France;Claire P.;Assurances Quai Branly;Services financiers;Gagné;14400;100;14400;2026-03-05
OPP-26-01114;2026-01-22;2026-01;T1 2026;Bruxelles;Belgique;Élise V.;Banque Sablon;Services financiers;Perdu;6030;0;0;2026-04-03
OPP-26-01115;2026-01-22;2026-01;T1 2026;Bruxelles;Belgique;Élise V.;Hôtel Mont-des-Arts;Hôtellerie;Perdu;18360;0;0;2026-05-07
OPP-26-01116;2026-01-22;2026-01;T1 2026;Flandre;Belgique;Pieter V.;Mercator Zorg;Santé;Gagné;8490;100;8490;2026-03-31
OPP-26-01117;2026-01-23;2026-01;T1 2026;Bruxelles;Belgique;Élise V.;Banque Sablon;Services financiers;Perdu;8490;0;0;2026-05-31
OPP-26-01118;2026-01-23;2026-01;T1 2026;Wallonie;Belgique;Julie M.;Laiterie des Fagnes;Agroalimentaire;Perdu;11730;0;0;2026-05-22
OPP-26-01119;2026-01-23;2026-01;T1 2026;Wallonie;Belgique;Julie M.;Laiterie des Fagnes;Agroalimentaire;Perdu;61320;0;0;2026-05-15
OPP-26-01120;2026-01-23;2026-01;T1 2026;Wallonie;Belgique;Julie M.;Clinique Mosane;Santé;Gagné;27760;100;27760;2026-02-19
OPP-26-01121;2026-01-23;2026-01;T1 2026;Wallonie;Belgique;Julie M.;Hainaut Logistique;Logistique;Perdu;10390;0;0;2026-05-29
OPP-26-01122;2026-01-23;2026-01;T1 2026;Wallonie;Belgique;Nadia B.;Groupe Famenne;Distribution;Perdu;13820;0;0;2026-02-27
OPP-26-01123;2026-01-26;2026-01;T1 2026;Hauts-de-France;France;Inès K.;Aciéries de l'Escaut;Industrie;Perdu;12670;0;0;2026-03-27
OPP-26-01124;2026-01-26;2026-01;T1 2026;Île-de-France;France;Mathieu G.;Clinique Montsouris-Sud;Santé;Perdu;25140;0;0;2026-03-25
OPP-26-01125;2026-01-26;2026-01;T1 2026;Île-de-France;France;Yanis A.;Versailles Patrimoine;Secteur public;Perdu;16490;0;0;2026-04-03
OPP-26-01126;2026-01-27;2026-01;T1 2026;Bruxelles;Belgique;Élise V.;Logis Ixelles;Construction;Perdu;10920;0;0;2026-05-13
OPP-26-01127;2026-01-27;2026-01;T1 2026;Hauts-de-France;France;Inès K.;Distri Flandres;Distribution;Perdu;24670;0;0;2026-04-23
OPP-26-01128;2026-01-27;2026-01;T1 2026;Bruxelles;Belgique;Sophie L.;Cogeris;Services;Perdu;30400;0;0;2026-03-22
OPP-26-01129;2026-01-27;2026-01;T1 2026;Bruxelles;Belgique;Sophie L.;Transports Cantersteen;Logistique;Perdu;14830;0;0;2026-03-27
OPP-26-01130;2026-01-27;2026-01;T1 2026;Île-de-France;France;Yanis A.;Défense Data;Services;Gagné;10630;100;10630;2026-04-14
OPP-26-01131;2026-01-27;2026-01;T1 2026;Île-de-France;France;Yanis A.;Paris Saclay Labs;Santé;Gagné;22720;100;22720;2026-05-16
OPP-26-01132;2026-01-28;2026-01;T1 2026;Wallonie;Belgique;Antoine R.;Hainaut Logistique;Logistique;Perdu;22050;0;0;2026-03-26
OPP-26-01133;2026-01-28;2026-01;T1 2026;Flandre;Belgique;Jens M.;Stad Mechelen-Oost;Secteur public;Perdu;7260;0;0;2026-04-19
OPP-26-01134;2026-01-28;2026-01;T1 2026;Wallonie;Belgique;Julie M.;Laiterie des Fagnes;Agroalimentaire;Perdu;22980;0;0;2026-05-14
OPP-26-01135;2026-01-28;2026-01;T1 2026;Île-de-France;France;Laura S.;Défense Data;Services;Perdu;11290;0;0;2026-06-09
OPP-26-01136;2026-01-28;2026-01;T1 2026;Wallonie;Belgique;Nadia B.;Fonderies de Sambre;Industrie;Perdu;10760;0;0;2026-04-24
OPP-26-01137;2026-01-28;2026-01;T1 2026;Wallonie;Belgique;Olivier F.;Coopérative Hesbaye;Agroalimentaire;Perdu;28210;0;0;2026-06-12
OPP-26-01138;2026-01-29;2026-01;T1 2026;Wallonie;Belgique;Antoine R.;Verreries du Borinage;Industrie;Perdu;10030;0;0;2026-03-13
OPP-26-01139;2026-01-29;2026-01;T1 2026;Hauts-de-France;France;Thomas L.;Logistique Opale;Logistique;Proposition;6000;50;3000;2026-12-10
OPP-26-01140;2026-01-30;2026-01;T1 2026;Hauts-de-France;France;Camille D.;Agrinord Picardie;Agroalimentaire;Perdu;10100;0;0;2026-06-15
OPP-26-01141;2026-01-30;2026-01;T1 2026;Wallonie;Belgique;Julie M.;Fonderies de Sambre;Industrie;Perdu;13360;0;0;2026-06-01
OPP-26-01142;2026-01-30;2026-01;T1 2026;Bruxelles;Belgique;Karim B.;Cogeris;Services;Perdu;20470;0;0;2026-03-24
OPP-26-01143;2026-01-30;2026-01;T1 2026;Flandre;Belgique;Lotte D.;Mercator Zorg;Santé;Perdu;24530;0;0;2026-04-29
OPP-26-01144;2026-01-30;2026-01;T1 2026;Flandre;Belgique;Pieter V.;Vlasbloem Retail;Distribution;Perdu;14280;0;0;2026-05-04
OPP-26-01145;2026-01-30;2026-01;T1 2026;Hauts-de-France;France;Thomas L.;Filature de Roubaix-Est;Industrie;Perdu;8180;0;0;2026-03-28
OPP-26-01146;2026-02-02;2026-02;T1 2026;Hauts-de-France;France;Camille D.;Filature de Roubaix-Est;Industrie;Perdu;9200;0;0;2026-05-16
OPP-26-01147;2026-02-02;2026-02;T1 2026;Bruxelles;Belgique;Élise V.;Énergie Senne;Énergie;Perdu;17780;0;0;2026-03-12
OPP-26-01148;2026-02-02;2026-02;T1 2026;Île-de-France;France;Laura S.;Assurances Quai Branly;Services financiers;Gagné;10020;100;10020;2026-04-21
OPP-26-01149;2026-02-02;2026-02;T1 2026;Île-de-France;France;Mathieu G.;Hexagone Énergie;Énergie;Perdu;29500;0;0;2026-06-02
OPP-26-01150;2026-02-02;2026-02;T1 2026;Île-de-France;France;Mathieu G.;Hexagone Énergie;Énergie;Gagné;10370;100;10370;2026-05-03
OPP-26-01151;2026-02-03;2026-02;T1 2026;Île-de-France;France;Claire P.;Galeries Haussmann-Est;Distribution;Perdu;24320;0;0;2026-05-30
OPP-26-01152;2026-02-03;2026-02;T1 2026;Île-de-France;France;Claire P.;Hexagone Énergie;Énergie;Perdu;5000;0;0;2026-05-09
OPP-26-01153;2026-02-03;2026-02;T1 2026;Hauts-de-France;France;Inès K.;Filature de Roubaix-Est;Industrie;Perdu;11590;0;0;2026-06-21
OPP-26-01154;2026-02-03;2026-02;T1 2026;Wallonie;Belgique;Nadia B.;Verreries du Borinage;Industrie;Perdu;12880;0;0;2026-04-29
OPP-26-01155;2026-02-03;2026-02;T1 2026;Hauts-de-France;France;Thomas L.;Verlinghem Énergie;Énergie;Gagné;5000;100;5000;2026-05-11
OPP-26-01156;2026-02-03;2026-02;T1 2026;Hauts-de-France;France;Thomas L.;Clinique du Beffroi;Santé;Perdu;19300;0;0;2026-03-19
OPP-26-01157;2026-02-03;2026-02;T1 2026;Île-de-France;France;Yanis A.;Marne Construction;Construction;Perdu;12480;0;0;2026-05-04
OPP-26-01158;2026-02-04;2026-02;T1 2026;Wallonie;Belgique;Antoine R.;Laiterie des Fagnes;Agroalimentaire;Gagné;13180;100;13180;2026-05-27
OPP-26-01159;2026-02-04;2026-02;T1 2026;Wallonie;Belgique;Antoine R.;Intercommunale Meuse-Ourthe;Secteur public;Gagné;7480;100;7480;2026-06-18
OPP-26-01160;2026-02-04;2026-02;T1 2026;Bruxelles;Belgique;Élise V.;Hôtel Mont-des-Arts;Hôtellerie;Gagné;13660;100;13660;2026-03-07
OPP-26-01161;2026-02-04;2026-02;T1 2026;Flandre;Belgique;Lotte D.;Brouwerij Scheldekant;Agroalimentaire;Perdu;13750;0;0;2026-04-30
OPP-26-01162;2026-02-04;2026-02;T1 2026;Wallonie;Belgique;Olivier F.;Ardenne Bois;Industrie;Perdu;23400;0;0;2026-05-18
OPP-26-01163;2026-02-04;2026-02;T1 2026;Flandre;Belgique;Pieter V.;Noordzee Visserij;Agroalimentaire;Perdu;12490;0;0;2026-04-20
OPP-26-01164;2026-02-05;2026-02;T1 2026;Bruxelles;Belgique;Élise V.;Novacité;Services;Perdu;9920;0;0;2026-05-02
OPP-26-01165;2026-02-05;2026-02;T1 2026;Hauts-de-France;France;Inès K.;Agrinord Picardie;Agroalimentaire;Gagné;6960;100;6960;2026-03-07
OPP-26-01166;2026-02-05;2026-02;T1 2026;Bruxelles;Belgique;Sophie L.;Distrimarolles;Distribution;Perdu;10170;0;0;2026-04-15
OPP-26-01167;2026-02-06;2026-02;T1 2026;Flandre;Belgique;Jens M.;Polder Energie;Énergie;Perdu;5450;0;0;2026-06-11
OPP-26-01168;2026-02-06;2026-02;T1 2026;Île-de-France;France;Mathieu G.;Versailles Patrimoine;Secteur public;Gagné;27790;100;27790;2026-06-25
OPP-26-01169;2026-02-06;2026-02;T1 2026;Wallonie;Belgique;Nadia B.;Ardenne Bois;Industrie;Perdu;17560;0;0;2026-03-21
OPP-26-01170;2026-02-06;2026-02;T1 2026;Île-de-France;France;Yanis A.;Versailles Patrimoine;Secteur public;Proposition;7790;50;3895;2026-12-17
OPP-26-01171;2026-02-09;2026-02;T1 2026;Hauts-de-France;France;Camille D.;Sucrerie de la Somme;Agroalimentaire;Perdu;30210;0;0;2026-03-07
OPP-26-01172;2026-02-09;2026-02;T1 2026;Wallonie;Belgique;Julie M.;Clinique Mosane;Santé;Gagné;22830;100;22830;2026-03-14
OPP-26-01173;2026-02-09;2026-02;T1 2026;Wallonie;Belgique;Julie M.;Carrières du Condroz;Construction;Perdu;50090;0;0;2026-04-23
OPP-26-01174;2026-02-09;2026-02;T1 2026;Bruxelles;Belgique;Karim B.;Banque Sablon;Services financiers;Gagné;15200;100;15200;2026-05-19
OPP-26-01175;2026-02-09;2026-02;T1 2026;Flandre;Belgique;Lotte D.;Mercator Zorg;Santé;Gagné;26170;100;26170;2026-05-19
OPP-26-01176;2026-02-10;2026-02;T1 2026;Flandre;Belgique;Jens M.;Zennevallei Data;Services;Perdu;12280;0;0;2026-04-13
OPP-26-01177;2026-02-10;2026-02;T1 2026;Île-de-France;France;Mathieu G.;Île Logistique;Logistique;Gagné;9330;100;9330;2026-05-02
OPP-26-01178;2026-02-10;2026-02;T1 2026;Île-de-France;France;Mathieu G.;Seine Finance;Services financiers;Perdu;10330;0;0;2026-04-20
OPP-26-01179;2026-02-10;2026-02;T1 2026;Flandre;Belgique;Pieter V.;Polder Energie;Énergie;Perdu;17520;0;0;2026-04-27
OPP-26-01180;2026-02-10;2026-02;T1 2026;Bruxelles;Belgique;Sophie L.;Novacité;Services;Gagné;16390;100;16390;2026-05-21
OPP-26-01181;2026-02-11;2026-02;T1 2026;Hauts-de-France;France;Camille D.;Clinique du Beffroi;Santé;Perdu;5000;0;0;2026-03-08
OPP-26-01182;2026-02-11;2026-02;T1 2026;Bruxelles;Belgique;Karim B.;Énergie Senne;Énergie;Perdu;16720;0;0;2026-07-04
OPP-26-01183;2026-02-11;2026-02;T1 2026;Île-de-France;France;Laura S.;Galeries Haussmann-Est;Distribution;Perdu;12600;0;0;2026-06-28
OPP-26-01184;2026-02-11;2026-02;T1 2026;Flandre;Belgique;Lotte D.;Polder Energie;Énergie;Gagné;9620;100;9620;2026-05-09
OPP-26-01185;2026-02-11;2026-02;T1 2026;Wallonie;Belgique;Olivier F.;Namur Énergies;Énergie;Négociation;5000;75;3750;2026-11-29
OPP-26-01186;2026-02-11;2026-02;T1 2026;Flandre;Belgique;Sarah W.;Haven Coatings;Industrie;Perdu;8900;0;0;2026-05-08
OPP-26-01187;2026-02-11;2026-02;T1 2026;Île-de-France;France;Yanis A.;Île Logistique;Logistique;Gagné;13940;100;13940;2026-03-14
OPP-26-01188;2026-02-12;2026-02;T1 2026;Wallonie;Belgique;Julie M.;Ardenne Bois;Industrie;Gagné;49280;100;49280;2026-05-05
OPP-26-01189;2026-02-12;2026-02;T1 2026;Île-de-France;France;Laura S.;Paris Saclay Labs;Santé;Perdu;14410;0;0;2026-04-13
OPP-26-01190;2026-02-12;2026-02;T1 2026;Île-de-France;France;Laura S.;Galeries Haussmann-Est;Distribution;Perdu;13500;0;0;2026-05-19
OPP-26-01191;2026-02-12;2026-02;T1 2026;Wallonie;Belgique;Nadia B.;Groupe Famenne;Distribution;Perdu;25140;0;0;2026-03-20
OPP-26-01192;2026-02-12;2026-02;T1 2026;Bruxelles;Belgique;Sophie L.;Pharma Josaphat;Santé;Gagné;10170;100;10170;2026-05-18
OPP-26-01193;2026-02-13;2026-02;T1 2026;Île-de-France;France;Claire P.;Université Lutèce;Éducation;Perdu;31190;0;0;2026-05-30
OPP-26-01194;2026-02-13;2026-02;T1 2026;Wallonie;Belgique;Julie M.;Intercommunale Meuse-Ourthe;Secteur public;Perdu;14570;0;0;2026-06-09
OPP-26-01195;2026-02-13;2026-02;T1 2026;Île-de-France;France;Laura S.;Hexagone Énergie;Énergie;Perdu;12910;0;0;2026-06-24
OPP-26-01196;2026-02-16;2026-02;T1 2026;Hauts-de-France;France;Inès K.;Sucrerie de la Somme;Agroalimentaire;Perdu;17850;0;0;2026-03-27
OPP-26-01197;2026-02-16;2026-02;T1 2026;Flandre;Belgique;Jens M.;Delta Logistiek;Logistique;Gagné;7130;100;7130;2026-03-25
OPP-26-01198;2026-02-16;2026-02;T1 2026;Wallonie;Belgique;Julie M.;Intercommunale Meuse-Ourthe;Secteur public;Perdu;25240;0;0;2026-05-19
OPP-26-01199;2026-02-16;2026-02;T1 2026;Wallonie;Belgique;Julie M.;Coopérative Hesbaye;Agroalimentaire;Perdu;16960;0;0;2026-04-13
OPP-26-01200;2026-02-16;2026-02;T1 2026;Wallonie;Belgique;Julie M.;Verreries du Borinage;Industrie;Négociation;35710;75;26782,50;2026-10-19
OPP-26-01201;2026-02-16;2026-02;T1 2026;Flandre;Belgique;Lotte D.;Brouwerij Scheldekant;Agroalimentaire;Gagné;7390;100;7390;2026-06-25
OPP-26-01202;2026-02-16;2026-02;T1 2026;Wallonie;Belgique;Nadia B.;Verreries du Borinage;Industrie;Perdu;5040;0;0;2026-06-10
OPP-26-01203;2026-02-16;2026-02;T1 2026;Wallonie;Belgique;Olivier F.;Carrières du Condroz;Construction;Perdu;8870;0;0;2026-05-31
OPP-26-01204;2026-02-16;2026-02;T1 2026;Flandre;Belgique;Sarah W.;Zennevallei Data;Services;Gagné;8160;100;8160;2026-04-27
OPP-26-01205;2026-02-17;2026-02;T1 2026;Bruxelles;Belgique;Élise V.;Cogeris;Services;Perdu;8840;0;0;2026-03-24
OPP-26-01206;2026-02-17;2026-02;T1 2026;Flandre;Belgique;Jens M.;Kempen Bouw;Construction;Perdu;23500;0;0;2026-04-28
OPP-26-01207;2026-02-17;2026-02;T1 2026;Flandre;Belgique;Pieter V.;Noordzee Visserij;Agroalimentaire;Négociation;7600;75;5700;2026-10-20
OPP-26-01208;2026-02-17;2026-02;T1 2026;Bruxelles;Belgique;Sophie L.;Atelier Brabo;Services;Perdu;21350;0;0;2026-04-09
OPP-26-01209;2026-02-18;2026-02;T1 2026;Flandre;Belgique;Jens M.;Zennevallei Data;Services;Perdu;21620;0;0;2026-05-16
OPP-26-01210;2026-02-18;2026-02;T1 2026;Flandre;Belgique;Sarah W.;Mercator Zorg;Santé;Gagné;30070;100;30070;2026-05-28
OPP-26-01211;2026-02-19;2026-02;T1 2026;Wallonie;Belgique;Julie M.;Namur Énergies;Énergie;Perdu;23230;0;0;2026-05-17
OPP-26-01212;2026-02-19;2026-02;T1 2026;Flandre;Belgique;Lotte D.;Zennevallei Data;Services;Gagné;8040;100;8040;2026-05-28
OPP-26-01213;2026-02-19;2026-02;T1 2026;Île-de-France;France;Mathieu G.;Université Lutèce;Éducation;Perdu;12330;0;0;2026-05-19
OPP-26-01214;2026-02-19;2026-02;T1 2026;Wallonie;Belgique;Olivier F.;Namur Énergies;Énergie;Gagné;9020;100;9020;2026-07-05
OPP-26-01215;2026-02-19;2026-02;T1 2026;Flandre;Belgique;Sarah W.;Kempen Bouw;Construction;Perdu;14110;0;0;2026-04-19
OPP-26-01216;2026-02-20;2026-02;T1 2026;Hauts-de-France;France;Camille D.;Distri Flandres;Distribution;Gagné;8090;100;8090;2026-04-28
OPP-26-01217;2026-02-20;2026-02;T1 2026;Hauts-de-France;France;Inès K.;Agrinord Picardie;Agroalimentaire;Gagné;13780;100;13780;2026-03-21
OPP-26-01218;2026-02-20;2026-02;T1 2026;Bruxelles;Belgique;Karim B.;Atelier Brabo;Services;Gagné;11630;100;11630;2026-05-16
OPP-26-01219;2026-02-20;2026-02;T1 2026;Wallonie;Belgique;Olivier F.;Hainaut Logistique;Logistique;Perdu;10410;0;0;2026-04-15
OPP-26-01220;2026-02-20;2026-02;T1 2026;Flandre;Belgique;Pieter V.;Polder Energie;Énergie;Perdu;16430;0;0;2026-06-02
OPP-26-01221;2026-02-20;2026-02;T1 2026;Bruxelles;Belgique;Sophie L.;Distrimarolles;Distribution;Perdu;26090;0;0;2026-06-30
OPP-26-01222;2026-02-20;2026-02;T1 2026;Hauts-de-France;France;Thomas L.;Logistique Opale;Logistique;Gagné;11610;100;11610;2026-05-23
OPP-26-01223;2026-02-20;2026-02;T1 2026;Île-de-France;France;Yanis A.;Versailles Patrimoine;Secteur public;Perdu;28430;0;0;2026-04-09
OPP-26-01224;2026-02-23;2026-02;T1 2026;Wallonie;Belgique;Antoine R.;Coopérative Hesbaye;Agroalimentaire;Perdu;17150;0;0;2026-05-03
OPP-26-01225;2026-02-23;2026-02;T1 2026;Wallonie;Belgique;Julie M.;Laiterie des Fagnes;Agroalimentaire;Gagné;21050;100;21050;2026-03-21
OPP-26-01226;2026-02-23;2026-02;T1 2026;Flandre;Belgique;Pieter V.;Leie Textiel;Industrie;Gagné;33960;100;33960;2026-04-01
OPP-26-01227;2026-02-23;2026-02;T1 2026;Bruxelles;Belgique;Sophie L.;Banque Sablon;Services financiers;Perdu;11570;0;0;2026-04-03
OPP-26-01228;2026-02-23;2026-02;T1 2026;Hauts-de-France;France;Thomas L.;Filature de Roubaix-Est;Industrie;Perdu;13990;0;0;2026-05-07
OPP-26-01229;2026-02-24;2026-02;T1 2026;Île-de-France;France;Claire P.;Université Lutèce;Éducation;Perdu;5000;0;0;2026-07-14
OPP-26-01230;2026-02-24;2026-02;T1 2026;Bruxelles;Belgique;Karim B.;Clinique des Étangs;Santé;Perdu;11010;0;0;2026-04-08
OPP-26-01231;2026-02-24;2026-02;T1 2026;Bruxelles;Belgique;Karim B.;Pharma Josaphat;Santé;Perdu;18080;0;0;2026-04-17
OPP-26-01232;2026-02-25;2026-02;T1 2026;Île-de-France;France;Claire P.;Île Logistique;Logistique;Perdu;14180;0;0;2026-04-26
OPP-26-01233;2026-02-25;2026-02;T1 2026;Bruxelles;Belgique;Élise V.;Logis Ixelles;Construction;Perdu;16520;0;0;2026-03-28
OPP-26-01234;2026-02-25;2026-02;T1 2026;Wallonie;Belgique;Julie M.;Groupe Famenne;Distribution;Perdu;42240;0;0;2026-06-16
OPP-26-01235;2026-02-25;2026-02;T1 2026;Bruxelles;Belgique;Karim B.;Banque Sablon;Services financiers;Perdu;5420;0;0;2026-07-17
OPP-26-01236;2026-02-25;2026-02;T1 2026;Hauts-de-France;France;Thomas L.;Sucrerie de la Somme;Agroalimentaire;Gagné;8210;100;8210;2026-05-08
OPP-26-01237;2026-02-26;2026-02;T1 2026;Wallonie;Belgique;Antoine R.;Intercommunale Meuse-Ourthe;Secteur public;Perdu;11280;0;0;2026-06-19
OPP-26-01238;2026-02-26;2026-02;T1 2026;Wallonie;Belgique;Julie M.;Métallurgie Val-Saint-Lambert;Industrie;Perdu;12250;0;0;2026-07-11
OPP-26-01239;2026-02-26;2026-02;T1 2026;Flandre;Belgique;Lotte D.;Mercator Zorg;Santé;Perdu;15170;0;0;2026-05-31
OPP-26-01240;2026-02-26;2026-02;T1 2026;Wallonie;Belgique;Nadia B.;Clinique Mosane;Santé;Perdu;7560;0;0;2026-06-11
OPP-26-01241;2026-02-27;2026-02;T1 2026;Wallonie;Belgique;Antoine R.;Namur Énergies;Énergie;Gagné;17580;100;17580;2026-04-12
OPP-26-01242;2026-02-27;2026-02;T1 2026;Wallonie;Belgique;Antoine R.;Métallurgie Val-Saint-Lambert;Industrie;Gagné;12340;100;12340;2026-06-30
OPP-26-01243;2026-02-27;2026-02;T1 2026;Hauts-de-France;France;Camille D.;Sucrerie de la Somme;Agroalimentaire;Gagné;10650;100;10650;2026-06-14
OPP-26-01244;2026-02-27;2026-02;T1 2026;Île-de-France;France;Claire P.;Galeries Haussmann-Est;Distribution;Gagné;5000;100;5000;2026-04-03
OPP-26-01245;2026-02-27;2026-02;T1 2026;Wallonie;Belgique;Julie M.;Verreries du Borinage;Industrie;Gagné;26120;100;26120;2026-05-11
OPP-26-01246;2026-02-27;2026-02;T1 2026;Île-de-France;France;Yanis A.;Hexagone Énergie;Énergie;Gagné;10290;100;10290;2026-04-13
OPP-26-01247;2026-03-02;2026-03;T1 2026;Bruxelles;Belgique;Élise V.;Hôtel Mont-des-Arts;Hôtellerie;Gagné;9620;100;9620;2026-04-20
OPP-26-01248;2026-03-02;2026-03;T1 2026;Flandre;Belgique;Jens M.;Mercator Zorg;Santé;Perdu;9260;0;0;2026-07-13
OPP-26-01249;2026-03-02;2026-03;T1 2026;Bruxelles;Belgique;Karim B.;Atelier Brabo;Services;Gagné;5210;100;5210;2026-06-14
OPP-26-01250;2026-03-02;2026-03;T1 2026;Wallonie;Belgique;Nadia B.;Hainaut Logistique;Logistique;Gagné;9960;100;9960;2026-07-14
OPP-26-01251;2026-03-02;2026-03;T1 2026;Bruxelles;Belgique;Sophie L.;Banque Sablon;Services financiers;Gagné;5000;100;5000;2026-06-29
OPP-26-01252;2026-03-02;2026-03;T1 2026;Hauts-de-France;France;Thomas L.;Verlinghem Énergie;Énergie;Perdu;7130;0;0;2026-04-06
OPP-26-01253;2026-03-03;2026-03;T1 2026;Wallonie;Belgique;Antoine R.;Namur Énergies;Énergie;Perdu;7410;0;0;2026-05-26
OPP-26-01254;2026-03-03;2026-03;T1 2026;Hauts-de-France;France;Camille D.;Logistique Opale;Logistique;Négociation;8390;75;6292,50;2026-11-19
OPP-26-01255;2026-03-03;2026-03;T1 2026;Hauts-de-France;France;Camille D.;Aciéries de l'Escaut;Industrie;Gagné;15050;100;15050;2026-07-08
OPP-26-01256;2026-03-03;2026-03;T1 2026;Île-de-France;France;Claire P.;Défense Data;Services;Négociation;20910;75;15682,50;2026-11-24
OPP-26-01257;2026-03-03;2026-03;T1 2026;Bruxelles;Belgique;Élise V.;Banque Sablon;Services financiers;Perdu;12290;0;0;2026-04-30
OPP-26-01258;2026-03-03;2026-03;T1 2026;Flandre;Belgique;Jens M.;Haven Coatings;Industrie;Gagné;5430;100;5430;2026-06-24
OPP-26-01259;2026-03-03;2026-03;T1 2026;Île-de-France;France;Laura S.;Assurances Quai Branly;Services financiers;Perdu;6420;0;0;2026-04-15
OPP-26-01260;2026-03-04;2026-03;T1 2026;Île-de-France;France;Claire P.;Île Logistique;Logistique;Perdu;21360;0;0;2026-06-26
OPP-26-01261;2026-03-04;2026-03;T1 2026;Hauts-de-France;France;Inès K.;Verlinghem Énergie;Énergie;Perdu;17550;0;0;2026-07-19
OPP-26-01262;2026-03-04;2026-03;T1 2026;Wallonie;Belgique;Julie M.;Coopérative Hesbaye;Agroalimentaire;Perdu;31180;0;0;2026-07-24
OPP-26-01263;2026-03-04;2026-03;T1 2026;Wallonie;Belgique;Olivier F.;Laiterie des Fagnes;Agroalimentaire;Perdu;15350;0;0;2026-06-23
OPP-26-01264;2026-03-04;2026-03;T1 2026;Flandre;Belgique;Pieter V.;Noordzee Visserij;Agroalimentaire;Gagné;18250;100;18250;2026-07-01
OPP-26-01265;2026-03-04;2026-03;T1 2026;Hauts-de-France;France;Thomas L.;Agrinord Picardie;Agroalimentaire;Perdu;9680;0;0;2026-04-21
OPP-26-01266;2026-03-05;2026-03;T1 2026;Bruxelles;Belgique;Karim B.;Cogeris;Services;Gagné;18970;100;18970;2026-07-26
OPP-26-01267;2026-03-05;2026-03;T1 2026;Île-de-France;France;Laura S.;Paris Saclay Labs;Santé;Perdu;9710;0;0;2026-06-18
OPP-26-01268;2026-03-05;2026-03;T1 2026;Île-de-France;France;Laura S.;Île Logistique;Logistique;Gagné;17070;100;17070;2026-06-02
OPP-26-01269;2026-03-05;2026-03;T1 2026;Flandre;Belgique;Lotte D.;Noordzee Visserij;Agroalimentaire;Perdu;19910;0;0;2026-05-22
OPP-26-01270;2026-03-05;2026-03;T1 2026;Wallonie;Belgique;Olivier F.;Hainaut Logistique;Logistique;Perdu;18120;0;0;2026-05-13
OPP-26-01271;2026-03-05;2026-03;T1 2026;Flandre;Belgique;Sarah W.;Vlasbloem Retail;Distribution;Gagné;5000;100;5000;2026-07-07
OPP-26-01272;2026-03-06;2026-03;T1 2026;Wallonie;Belgique;Antoine R.;Coopérative Hesbaye;Agroalimentaire;Perdu;21480;0;0;2026-04-07
OPP-26-01273;2026-03-06;2026-03;T1 2026;Wallonie;Belgique;Julie M.;Namur Énergies;Énergie;Perdu;23920;0;0;2026-04-21
OPP-26-01274;2026-03-06;2026-03;T1 2026;Île-de-France;France;Laura S.;Défense Data;Services;Perdu;16240;0;0;2026-06-30
OPP-26-01275;2026-03-06;2026-03;T1 2026;Wallonie;Belgique;Olivier F.;Ardenne Bois;Industrie;Gagné;11160;100;11160;2026-04-25
OPP-26-01276;2026-03-06;2026-03;T1 2026;Flandre;Belgique;Sarah W.;Zennevallei Data;Services;Perdu;6500;0;0;2026-04-14
OPP-26-01277;2026-03-09;2026-03;T1 2026;Hauts-de-France;France;Inès K.;Agrinord Picardie;Agroalimentaire;Gagné;14440;100;14440;2026-04-06
OPP-26-01278;2026-03-09;2026-03;T1 2026;Flandre;Belgique;Jens M.;Zennevallei Data;Services;Gagné;13560;100;13560;2026-05-31
OPP-26-01279;2026-03-09;2026-03;T1 2026;Île-de-France;France;Mathieu G.;Assurances Quai Branly;Services financiers;Perdu;12370;0;0;2026-04-06
OPP-26-01280;2026-03-09;2026-03;T1 2026;Wallonie;Belgique;Nadia B.;Clinique Mosane;Santé;Perdu;16160;0;0;2026-07-07
OPP-26-01281;2026-03-10;2026-03;T1 2026;Hauts-de-France;France;Inès K.;Verlinghem Énergie;Énergie;Perdu;9500;0;0;2026-07-28
OPP-26-01282;2026-03-10;2026-03;T1 2026;Wallonie;Belgique;Julie M.;Laiterie des Fagnes;Agroalimentaire;Perdu;31450;0;0;2026-07-23
OPP-26-01283;2026-03-10;2026-03;T1 2026;Île-de-France;France;Laura S.;Clinique Montsouris-Sud;Santé;Gagné;19590;100;19590;2026-06-25
OPP-26-01284;2026-03-10;2026-03;T1 2026;Flandre;Belgique;Pieter V.;Leie Textiel;Industrie;Perdu;18240;0;0;2026-07-13
OPP-26-01285;2026-03-11;2026-03;T1 2026;Flandre;Belgique;Jens M.;Westhoek Metaal;Industrie;Négociation;37000;75;27750;2026-11-03
OPP-26-01286;2026-03-11;2026-03;T1 2026;Île-de-France;France;Mathieu G.;Clinique Montsouris-Sud;Santé;Perdu;16760;0;0;2026-07-30
OPP-26-01287;2026-03-11;2026-03;T1 2026;Flandre;Belgique;Pieter V.;Noordzee Visserij;Agroalimentaire;Perdu;14020;0;0;2026-05-06
OPP-26-01288;2026-03-12;2026-03;T1 2026;Wallonie;Belgique;Julie M.;Carrières du Condroz;Construction;Gagné;32990;100;32990;2026-07-21
OPP-26-01289;2026-03-12;2026-03;T1 2026;Wallonie;Belgique;Olivier F.;Namur Énergies;Énergie;Perdu;14940;0;0;2026-04-29
OPP-26-01290;2026-03-12;2026-03;T1 2026;Île-de-France;France;Yanis A.;Paris Saclay Labs;Santé;Négociation;7760;75;5820;2026-11-27
OPP-26-01291;2026-03-13;2026-03;T1 2026;Wallonie;Belgique;Antoine R.;Ardenne Bois;Industrie;Gagné;15750;100;15750;2026-06-28
OPP-26-01292;2026-03-13;2026-03;T1 2026;Wallonie;Belgique;Julie M.;Coopérative Hesbaye;Agroalimentaire;Perdu;37620;0;0;2026-05-23
OPP-26-01293;2026-03-13;2026-03;T1 2026;Wallonie;Belgique;Nadia B.;Groupe Famenne;Distribution;Perdu;8050;0;0;2026-06-02
OPP-26-01294;2026-03-13;2026-03;T1 2026;Wallonie;Belgique;Nadia B.;Carrières du Condroz;Construction;Gagné;16790;100;16790;2026-04-13
OPP-26-01295;2026-03-13;2026-03;T1 2026;Wallonie;Belgique;Nadia B.;Fonderies de Sambre;Industrie;Perdu;13610;0;0;2026-04-21
OPP-26-01296;2026-03-13;2026-03;T1 2026;Hauts-de-France;France;Thomas L.;Sucrerie de la Somme;Agroalimentaire;Gagné;10200;100;10200;2026-07-12
OPP-26-01297;2026-03-16;2026-03;T1 2026;Bruxelles;Belgique;Élise V.;Cogeris;Services;Gagné;22660;100;22660;2026-04-13
OPP-26-01298;2026-03-16;2026-03;T1 2026;Flandre;Belgique;Lotte D.;Polder Energie;Énergie;Gagné;11320;100;11320;2026-05-20
OPP-26-01299;2026-03-16;2026-03;T1 2026;Flandre;Belgique;Pieter V.;Noordzee Visserij;Agroalimentaire;Perdu;18140;0;0;2026-06-18
OPP-26-01300;2026-03-16;2026-03;T1 2026;Bruxelles;Belgique;Sophie L.;Hôtel Mont-des-Arts;Hôtellerie;Gagné;26490;100;26490;2026-05-14
OPP-26-01301;2026-03-16;2026-03;T1 2026;Bruxelles;Belgique;Sophie L.;Banque Sablon;Services financiers;Gagné;13460;100;13460;2026-06-14
OPP-26-01302;2026-03-17;2026-03;T1 2026;Hauts-de-France;France;Camille D.;Sucrerie de la Somme;Agroalimentaire;Perdu;23140;0;0;2026-06-24
OPP-26-01303;2026-03-17;2026-03;T1 2026;Île-de-France;France;Claire P.;Versailles Patrimoine;Secteur public;Gagné;6100;100;6100;2026-04-13
OPP-26-01304;2026-03-17;2026-03;T1 2026;Wallonie;Belgique;Julie M.;Métallurgie Val-Saint-Lambert;Industrie;Perdu;33930;0;0;2026-06-18
OPP-26-01305;2026-03-17;2026-03;T1 2026;Île-de-France;France;Mathieu G.;Marne Construction;Construction;Perdu;13600;0;0;2026-07-20
OPP-26-01306;2026-03-17;2026-03;T1 2026;Île-de-France;France;Mathieu G.;Seine Finance;Services financiers;Gagné;13070;100;13070;2026-04-25
OPP-26-01307;2026-03-17;2026-03;T1 2026;Flandre;Belgique;Sarah W.;Leie Textiel;Industrie;Perdu;26220;0;0;2026-07-24
OPP-26-01308;2026-03-18;2026-03;T1 2026;Flandre;Belgique;Jens M.;Delta Logistiek;Logistique;Perdu;7230;0;0;2026-07-06
OPP-26-01309;2026-03-18;2026-03;T1 2026;Wallonie;Belgique;Julie M.;Intercommunale Meuse-Ourthe;Secteur public;Perdu;52760;0;0;2026-07-09
OPP-26-01310;2026-03-18;2026-03;T1 2026;Île-de-France;France;Mathieu G.;Marne Construction;Construction;Gagné;18050;100;18050;2026-07-17
OPP-26-01311;2026-03-18;2026-03;T1 2026;Île-de-France;France;Mathieu G.;Galeries Haussmann-Est;Distribution;Négociation;5000;75;3750;2026-12-01
OPP-26-01312;2026-03-18;2026-03;T1 2026;Flandre;Belgique;Sarah W.;Leie Textiel;Industrie;Négociation;7240;75;5430;2026-10-31
OPP-26-01313;2026-03-19;2026-03;T1 2026;Île-de-France;France;Claire P.;Paris Saclay Labs;Santé;Gagné;14550;100;14550;2026-05-03
OPP-26-01314;2026-03-19;2026-03;T1 2026;Flandre;Belgique;Jens M.;Delta Logistiek;Logistique;Perdu;9820;0;0;2026-06-02
OPP-26-01315;2026-03-19;2026-03;T1 2026;Wallonie;Belgique;Julie M.;Clinique Mosane;Santé;Perdu;8570;0;0;2026-05-03
OPP-26-01316;2026-03-19;2026-03;T1 2026;Wallonie;Belgique;Julie M.;Carrières du Condroz;Construction;Gagné;27480;100;27480;2026-08-03
OPP-26-01317;2026-03-19;2026-03;T1 2026;Flandre;Belgique;Lotte D.;Mercator Zorg;Santé;Gagné;16050;100;16050;2026-07-15
OPP-26-01318;2026-03-19;2026-03;T1 2026;Wallonie;Belgique;Nadia B.;Métallurgie Val-Saint-Lambert;Industrie;Gagné;13350;100;13350;2026-08-01
OPP-26-01319;2026-03-19;2026-03;T1 2026;Flandre;Belgique;Sarah W.;Brouwerij Scheldekant;Agroalimentaire;Gagné;19050;100;19050;2026-05-05
OPP-26-01320;2026-03-19;2026-03;T1 2026;Bruxelles;Belgique;Sophie L.;Banque Sablon;Services financiers;Gagné;18670;100;18670;2026-08-03
OPP-26-01321;2026-03-19;2026-03;T1 2026;Île-de-France;France;Yanis A.;Galeries Haussmann-Est;Distribution;Perdu;16890;0;0;2026-07-11
OPP-26-01322;2026-03-20;2026-03;T1 2026;Hauts-de-France;France;Camille D.;Métropole Services;Services;Gagné;9810;100;9810;2026-07-02
OPP-26-01323;2026-03-20;2026-03;T1 2026;Hauts-de-France;France;Inès K.;Clinique du Beffroi;Santé;Perdu;9140;0;0;2026-04-14
OPP-26-01324;2026-03-20;2026-03;T1 2026;Flandre;Belgique;Lotte D.;Noordzee Visserij;Agroalimentaire;Perdu;19650;0;0;2026-07-18
OPP-26-01325;2026-03-20;2026-03;T1 2026;Flandre;Belgique;Lotte D.;Westhoek Metaal;Industrie;Gagné;8690;100;8690;2026-05-10
OPP-26-01326;2026-03-20;2026-03;T1 2026;Île-de-France;France;Yanis A.;Hexagone Énergie;Énergie;Gagné;11900;100;11900;2026-06-17
OPP-26-01327;2026-03-23;2026-03;T1 2026;Bruxelles;Belgique;Élise V.;Pharma Josaphat;Santé;Gagné;8380;100;8380;2026-07-30
OPP-26-01328;2026-03-23;2026-03;T1 2026;Bruxelles;Belgique;Karim B.;Énergie Senne;Énergie;Gagné;18930;100;18930;2026-04-29
OPP-26-01329;2026-03-23;2026-03;T1 2026;Île-de-France;France;Yanis A.;Défense Data;Services;Gagné;24080;100;24080;2026-07-09
OPP-26-01330;2026-03-24;2026-03;T1 2026;Wallonie;Belgique;Antoine R.;Laiterie des Fagnes;Agroalimentaire;Gagné;15760;100;15760;2026-08-15
OPP-26-01331;2026-03-24;2026-03;T1 2026;Hauts-de-France;France;Camille D.;Ville de Lens-Nord;Secteur public;Perdu;17140;0;0;2026-08-09
OPP-26-01332;2026-03-24;2026-03;T1 2026;Hauts-de-France;France;Inès K.;Filature de Roubaix-Est;Industrie;Perdu;5000;0;0;2026-07-31
OPP-26-01333;2026-03-24;2026-03;T1 2026;Wallonie;Belgique;Julie M.;Clinique Mosane;Santé;Gagné;8490;100;8490;2026-05-24
OPP-26-01334;2026-03-25;2026-03;T1 2026;Wallonie;Belgique;Antoine R.;Carrières du Condroz;Construction;Perdu;5000;0;0;2026-05-09
OPP-26-01335;2026-03-25;2026-03;T1 2026;Wallonie;Belgique;Julie M.;Métallurgie Val-Saint-Lambert;Industrie;Perdu;13640;0;0;2026-08-09
OPP-26-01336;2026-03-25;2026-03;T1 2026;Flandre;Belgique;Lotte D.;Leie Textiel;Industrie;Gagné;9090;100;9090;2026-05-22
OPP-26-01337;2026-03-25;2026-03;T1 2026;Île-de-France;France;Mathieu G.;Université Lutèce;Éducation;Perdu;29390;0;0;2026-07-22
OPP-26-01338;2026-03-26;2026-03;T1 2026;Île-de-France;France;Claire P.;Versailles Patrimoine;Secteur public;Perdu;23450;0;0;2026-06-09
OPP-26-01339;2026-03-26;2026-03;T1 2026;Bruxelles;Belgique;Karim B.;Atelier Brabo;Services;Négociation;20060;75;15045;2026-11-02
OPP-26-01340;2026-03-26;2026-03;T1 2026;Flandre;Belgique;Pieter V.;Vlasbloem Retail;Distribution;Perdu;7650;0;0;2026-04-28
OPP-26-01341;2026-03-26;2026-03;T1 2026;Flandre;Belgique;Pieter V.;Zennevallei Data;Services;Gagné;20910;100;20910;2026-07-07
OPP-26-01342;2026-03-26;2026-03;T1 2026;Bruxelles;Belgique;Sophie L.;Banque Sablon;Services financiers;Perdu;7570;0;0;2026-06-02
OPP-26-01343;2026-03-26;2026-03;T1 2026;Bruxelles;Belgique;Sophie L.;Novacité;Services;Perdu;24020;0;0;2026-07-12
OPP-26-01344;2026-03-26;2026-03;T1 2026;Île-de-France;France;Yanis A.;Assurances Quai Branly;Services financiers;Perdu;20580;0;0;2026-07-02
OPP-26-01345;2026-03-27;2026-03;T1 2026;Wallonie;Belgique;Antoine R.;Métallurgie Val-Saint-Lambert;Industrie;Proposition;21110;50;10555;2026-10-29
OPP-26-01346;2026-03-27;2026-03;T1 2026;Wallonie;Belgique;Olivier F.;Coopérative Hesbaye;Agroalimentaire;Gagné;6330;100;6330;2026-05-11
OPP-26-01347;2026-03-27;2026-03;T1 2026;Bruxelles;Belgique;Sophie L.;Atelier Brabo;Services;Gagné;8760;100;8760;2026-05-22
OPP-26-01348;2026-03-30;2026-03;T1 2026;Bruxelles;Belgique;Élise V.;Atelier Brabo;Services;Perdu;19410;0;0;2026-06-10
OPP-26-01349;2026-03-30;2026-03;T1 2026;Wallonie;Belgique;Julie M.;Groupe Famenne;Distribution;Perdu;59480;0;0;2026-07-15
OPP-26-01350;2026-03-30;2026-03;T1 2026;Bruxelles;Belgique;Karim B.;Fondation Horta;Secteur public;Perdu;11950;0;0;2026-06-05
OPP-26-01351;2026-03-30;2026-03;T1 2026;Bruxelles;Belgique;Karim B.;Logis Ixelles;Construction;Perdu;11860;0;0;2026-08-17
OPP-26-01352;2026-03-31;2026-03;T1 2026;Île-de-France;France;Claire P.;Clinique Montsouris-Sud;Santé;Gagné;10900;100;10900;2026-07-20
OPP-26-01353;2026-03-31;2026-03;T1 2026;Wallonie;Belgique;Julie M.;Clinique Mosane;Santé;Perdu;35920;0;0;2026-05-25
OPP-26-01354;2026-03-31;2026-03;T1 2026;Hauts-de-France;France;Thomas L.;Métropole Services;Services;Perdu;33020;0;0;2026-05-14
OPP-26-01355;2026-03-31;2026-03;T1 2026;Hauts-de-France;France;Thomas L.;Ville de Lens-Nord;Secteur public;Gagné;5000;100;5000;2026-07-18
OPP-26-01356;2026-04-01;2026-04;T2 2026;Wallonie;Belgique;Julie M.;Laiterie des Fagnes;Agroalimentaire;Perdu;12080;0;0;2026-07-29
OPP-26-01357;2026-04-01;2026-04;T2 2026;Bruxelles;Belgique;Karim B.;Atelier Brabo;Services;Perdu;11880;0;0;2026-06-11
OPP-26-01358;2026-04-01;2026-04;T2 2026;Île-de-France;France;Mathieu G.;Défense Data;Services;Perdu;15360;0;0;2026-08-11
OPP-26-01359;2026-04-01;2026-04;T2 2026;Wallonie;Belgique;Nadia B.;Intercommunale Meuse-Ourthe;Secteur public;Perdu;17680;0;0;2026-06-10
OPP-26-01360;2026-04-01;2026-04;T2 2026;Flandre;Belgique;Sarah W.;Mercator Zorg;Santé;Perdu;13790;0;0;2026-07-03
OPP-26-01361;2026-04-01;2026-04;T2 2026;Flandre;Belgique;Sarah W.;Leie Textiel;Industrie;Gagné;5000;100;5000;2026-07-12
OPP-26-01362;2026-04-01;2026-04;T2 2026;Hauts-de-France;France;Thomas L.;Agrinord Picardie;Agroalimentaire;Proposition;14250;50;7125;2026-11-05
OPP-26-01363;2026-04-02;2026-04;T2 2026;Hauts-de-France;France;Camille D.;Sucrerie de la Somme;Agroalimentaire;Perdu;11140;0;0;2026-06-11
OPP-26-01364;2026-04-02;2026-04;T2 2026;Bruxelles;Belgique;Élise V.;Cogeris;Services;Perdu;17340;0;0;2026-05-13
OPP-26-01365;2026-04-02;2026-04;T2 2026;Wallonie;Belgique;Julie M.;Namur Énergies;Énergie;Perdu;22650;0;0;2026-08-02
OPP-26-01366;2026-04-02;2026-04;T2 2026;Bruxelles;Belgique;Karim B.;Distrimarolles;Distribution;Gagné;17450;100;17450;2026-08-11
OPP-26-01367;2026-04-03;2026-04;T2 2026;Hauts-de-France;France;Inès K.;Logistique Opale;Logistique;Gagné;11720;100;11720;2026-08-12
OPP-26-01368;2026-04-03;2026-04;T2 2026;Wallonie;Belgique;Julie M.;Laiterie des Fagnes;Agroalimentaire;Gagné;25080;100;25080;2026-05-20
OPP-26-01369;2026-04-03;2026-04;T2 2026;Wallonie;Belgique;Olivier F.;Coopérative Hesbaye;Agroalimentaire;Perdu;13890;0;0;2026-06-14
OPP-26-01370;2026-04-03;2026-04;T2 2026;Bruxelles;Belgique;Sophie L.;Énergie Senne;Énergie;Négociation;7350;75;5512,50;2026-11-01
OPP-26-01371;2026-04-06;2026-04;T2 2026;Île-de-France;France;Mathieu G.;Galeries Haussmann-Est;Distribution;Perdu;16010;0;0;2026-06-03
OPP-26-01372;2026-04-07;2026-04;T2 2026;Hauts-de-France;France;Camille D.;Sucrerie de la Somme;Agroalimentaire;Gagné;15520;100;15520;2026-08-28
OPP-26-01373;2026-04-07;2026-04;T2 2026;Île-de-France;France;Claire P.;Assurances Quai Branly;Services financiers;Gagné;14980;100;14980;2026-06-16
OPP-26-01374;2026-04-07;2026-04;T2 2026;Bruxelles;Belgique;Élise V.;Atelier Brabo;Services;Perdu;12910;0;0;2026-05-21
OPP-26-01375;2026-04-07;2026-04;T2 2026;Flandre;Belgique;Jens M.;Brouwerij Scheldekant;Agroalimentaire;Perdu;18530;0;0;2026-06-07
OPP-26-01376;2026-04-07;2026-04;T2 2026;Flandre;Belgique;Jens M.;Haven Coatings;Industrie;Perdu;10770;0;0;2026-05-07
OPP-26-01377;2026-04-07;2026-04;T2 2026;Wallonie;Belgique;Julie M.;Carrières du Condroz;Construction;Gagné;24410;100;24410;2026-06-01
OPP-26-01378;2026-04-07;2026-04;T2 2026;Île-de-France;France;Mathieu G.;Paris Saclay Labs;Santé;Perdu;12890;0;0;2026-06-10
OPP-26-01379;2026-04-08;2026-04;T2 2026;Wallonie;Belgique;Antoine R.;Métallurgie Val-Saint-Lambert;Industrie;Perdu;16570;0;0;2026-07-23
OPP-26-01380;2026-04-08;2026-04;T2 2026;Wallonie;Belgique;Antoine R.;Clinique Mosane;Santé;Perdu;6940;0;0;2026-05-07
OPP-26-01381;2026-04-08;2026-04;T2 2026;Île-de-France;France;Claire P.;Marne Construction;Construction;Perdu;10640;0;0;2026-05-20
OPP-26-01382;2026-04-08;2026-04;T2 2026;Wallonie;Belgique;Julie M.;Groupe Famenne;Distribution;Négociation;45180;75;33885;2026-10-20
OPP-26-01383;2026-04-08;2026-04;T2 2026;Île-de-France;France;Laura S.;Galeries Haussmann-Est;Distribution;Gagné;9390;100;9390;2026-05-13
OPP-26-01384;2026-04-09;2026-04;T2 2026;Île-de-France;France;Claire P.;Galeries Haussmann-Est;Distribution;Perdu;13640;0;0;2026-08-29
OPP-26-01385;2026-04-09;2026-04;T2 2026;Hauts-de-France;France;Inès K.;Clinique du Beffroi;Santé;Perdu;6140;0;0;2026-07-19
OPP-26-01386;2026-04-09;2026-04;T2 2026;Île-de-France;France;Mathieu G.;Seine Finance;Services financiers;Perdu;21470;0;0;2026-07-03
OPP-26-01387;2026-04-09;2026-04;T2 2026;Wallonie;Belgique;Nadia B.;Coopérative Hesbaye;Agroalimentaire;Perdu;14680;0;0;2026-06-12
OPP-26-01388;2026-04-09;2026-04;T2 2026;Flandre;Belgique;Pieter V.;Vlasbloem Retail;Distribution;Perdu;17350;0;0;2026-05-07
OPP-26-01389;2026-04-09;2026-04;T2 2026;Flandre;Belgique;Sarah W.;Leie Textiel;Industrie;Gagné;24230;100;24230;2026-08-31
OPP-26-01390;2026-04-09;2026-04;T2 2026;Bruxelles;Belgique;Sophie L.;Transports Cantersteen;Logistique;Perdu;5000;0;0;2026-07-16
OPP-26-01391;2026-04-10;2026-04;T2 2026;Hauts-de-France;France;Camille D.;Sucrerie de la Somme;Agroalimentaire;Perdu;11320;0;0;2026-07-03
OPP-26-01392;2026-04-10;2026-04;T2 2026;Wallonie;Belgique;Julie M.;Groupe Famenne;Distribution;Perdu;31010;0;0;2026-07-28
OPP-26-01393;2026-04-10;2026-04;T2 2026;Flandre;Belgique;Lotte D.;Zennevallei Data;Services;Gagné;21810;100;21810;2026-08-16
OPP-26-01394;2026-04-10;2026-04;T2 2026;Bruxelles;Belgique;Sophie L.;Hôtel Mont-des-Arts;Hôtellerie;Perdu;17530;0;0;2026-06-03
OPP-26-01395;2026-04-10;2026-04;T2 2026;Hauts-de-France;France;Thomas L.;Clinique du Beffroi;Santé;Négociation;17800;75;13350;2026-11-07
OPP-26-01396;2026-04-10;2026-04;T2 2026;Île-de-France;France;Yanis A.;Défense Data;Services;Perdu;12550;0;0;2026-06-22
OPP-26-01397;2026-04-13;2026-04;T2 2026;Wallonie;Belgique;Julie M.;Métallurgie Val-Saint-Lambert;Industrie;Perdu;35320;0;0;2026-08-02
OPP-26-01398;2026-04-13;2026-04;T2 2026;Flandre;Belgique;Lotte D.;Stad Mechelen-Oost;Secteur public;Proposition;9430;50;4715;2026-11-25
OPP-26-01399;2026-04-13;2026-04;T2 2026;Flandre;Belgique;Sarah W.;Mercator Zorg;Santé;Perdu;12950;0;0;2026-06-22
OPP-26-01400;2026-04-13;2026-04;T2 2026;Île-de-France;France;Yanis A.;Paris Saclay Labs;Santé;Perdu;21280;0;0;2026-06-18
OPP-26-01401;2026-04-14;2026-04;T2 2026;Île-de-France;France;Claire P.;Galeries Haussmann-Est;Distribution;Perdu;9590;0;0;2026-05-28
OPP-26-01402;2026-04-14;2026-04;T2 2026;Flandre;Belgique;Lotte D.;Delta Logistiek;Logistique;Gagné;15110;100;15110;2026-06-20
OPP-26-01403;2026-04-14;2026-04;T2 2026;Wallonie;Belgique;Olivier F.;Namur Énergies;Énergie;Perdu;16030;0;0;2026-05-22
OPP-26-01404;2026-04-14;2026-04;T2 2026;Flandre;Belgique;Pieter V.;Brouwerij Scheldekant;Agroalimentaire;Gagné;13630;100;13630;2026-08-01
OPP-26-01405;2026-04-15;2026-04;T2 2026;Wallonie;Belgique;Antoine R.;Fonderies de Sambre;Industrie;Perdu;10330;0;0;2026-07-31
OPP-26-01406;2026-04-15;2026-04;T2 2026;Hauts-de-France;France;Camille D.;Agrinord Picardie;Agroalimentaire;Perdu;6070;0;0;2026-05-27
OPP-26-01407;2026-04-15;2026-04;T2 2026;Île-de-France;France;Claire P.;Galeries Haussmann-Est;Distribution;Perdu;32630;0;0;2026-09-05
OPP-26-01408;2026-04-15;2026-04;T2 2026;Hauts-de-France;France;Inès K.;Aciéries de l'Escaut;Industrie;Perdu;5000;0;0;2026-08-17
OPP-26-01409;2026-04-15;2026-04;T2 2026;Hauts-de-France;France;Inès K.;Agrinord Picardie;Agroalimentaire;Perdu;5790;0;0;2026-06-27
OPP-26-01410;2026-04-15;2026-04;T2 2026;Bruxelles;Belgique;Karim B.;Logis Ixelles;Construction;Perdu;10770;0;0;2026-05-29
OPP-26-01411;2026-04-15;2026-04;T2 2026;Île-de-France;France;Laura S.;Galeries Haussmann-Est;Distribution;Perdu;25430;0;0;2026-05-19
OPP-26-01412;2026-04-15;2026-04;T2 2026;Flandre;Belgique;Pieter V.;Noordzee Visserij;Agroalimentaire;Gagné;5930;100;5930;2026-08-11
OPP-26-01413;2026-04-16;2026-04;T2 2026;Flandre;Belgique;Jens M.;Polder Energie;Énergie;Perdu;6690;0;0;2026-06-27
OPP-26-01414;2026-04-16;2026-04;T2 2026;Wallonie;Belgique;Julie M.;Coopérative Hesbaye;Agroalimentaire;Perdu;13680;0;0;2026-06-06
OPP-26-01415;2026-04-16;2026-04;T2 2026;Bruxelles;Belgique;Karim B.;Distrimarolles;Distribution;Gagné;15170;100;15170;2026-08-12
OPP-26-01416;2026-04-16;2026-04;T2 2026;Wallonie;Belgique;Olivier F.;Hainaut Logistique;Logistique;Perdu;5100;0;0;2026-08-23
OPP-26-01417;2026-04-16;2026-04;T2 2026;Flandre;Belgique;Sarah W.;Kempen Bouw;Construction;Gagné;5000;100;5000;2026-06-30
OPP-26-01418;2026-04-16;2026-04;T2 2026;Bruxelles;Belgique;Sophie L.;Fondation Horta;Secteur public;Perdu;9930;0;0;2026-06-14
OPP-26-01419;2026-04-17;2026-04;T2 2026;Wallonie;Belgique;Antoine R.;Hainaut Logistique;Logistique;Perdu;9460;0;0;2026-05-27
OPP-26-01420;2026-04-17;2026-04;T2 2026;Hauts-de-France;France;Thomas L.;Filature de Roubaix-Est;Industrie;Gagné;9620;100;9620;2026-07-07
OPP-26-01421;2026-04-20;2026-04;T2 2026;Wallonie;Belgique;Antoine R.;Métallurgie Val-Saint-Lambert;Industrie;Gagné;19620;100;19620;2026-05-18
OPP-26-01422;2026-04-20;2026-04;T2 2026;Bruxelles;Belgique;Élise V.;Logis Ixelles;Construction;Gagné;8110;100;8110;2026-07-18
OPP-26-01423;2026-04-20;2026-04;T2 2026;Flandre;Belgique;Pieter V.;Noordzee Visserij;Agroalimentaire;Perdu;5580;0;0;2026-06-03
OPP-26-01424;2026-04-20;2026-04;T2 2026;Hauts-de-France;France;Thomas L.;Verlinghem Énergie;Énergie;Perdu;5100;0;0;2026-09-10
OPP-26-01425;2026-04-21;2026-04;T2 2026;Wallonie;Belgique;Julie M.;Namur Énergies;Énergie;Perdu;8280;0;0;2026-07-15
OPP-26-01426;2026-04-21;2026-04;T2 2026;Île-de-France;France;Laura S.;Seine Finance;Services financiers;Négociation;9210;75;6907,50;2026-10-27
OPP-26-01427;2026-04-21;2026-04;T2 2026;Wallonie;Belgique;Nadia B.;Verreries du Borinage;Industrie;Perdu;18500;0;0;2026-08-25
OPP-26-01428;2026-04-22;2026-04;T2 2026;Hauts-de-France;France;Camille D.;Aciéries de l'Escaut;Industrie;Perdu;12020;0;0;2026-07-22
OPP-26-01429;2026-04-22;2026-04;T2 2026;Bruxelles;Belgique;Karim B.;Distrimarolles;Distribution;Gagné;8360;100;8360;2026-06-28
OPP-26-01430;2026-04-22;2026-04;T2 2026;Île-de-France;France;Laura S.;Hexagone Énergie;Énergie;Gagné;7360;100;7360;2026-05-20
OPP-26-01431;2026-04-22;2026-04;T2 2026;Wallonie;Belgique;Olivier F.;Métallurgie Val-Saint-Lambert;Industrie;Gagné;9450;100;9450;2026-09-10
OPP-26-01432;2026-04-23;2026-04;T2 2026;Bruxelles;Belgique;Élise V.;Énergie Senne;Énergie;Perdu;17610;0;0;2026-07-18
OPP-26-01433;2026-04-23;2026-04;T2 2026;Île-de-France;France;Laura S.;Assurances Quai Branly;Services financiers;Perdu;11910;0;0;2026-08-07
OPP-26-01434;2026-04-23;2026-04;T2 2026;Flandre;Belgique;Lotte D.;Mercator Zorg;Santé;Perdu;8250;0;0;2026-09-04
OPP-26-01435;2026-04-23;2026-04;T2 2026;Île-de-France;France;Yanis A.;Île Logistique;Logistique;Perdu;18000;0;0;2026-07-08
OPP-26-01436;2026-04-24;2026-04;T2 2026;Wallonie;Belgique;Antoine R.;Laiterie des Fagnes;Agroalimentaire;Perdu;20890;0;0;2026-08-09
OPP-26-01437;2026-04-24;2026-04;T2 2026;Hauts-de-France;France;Camille D.;Distri Flandres;Distribution;Perdu;8490;0;0;2026-06-02
OPP-26-01438;2026-04-24;2026-04;T2 2026;Hauts-de-France;France;Inès K.;Agrinord Picardie;Agroalimentaire;Perdu;21950;0;0;2026-08-10
OPP-26-01439;2026-04-24;2026-04;T2 2026;Wallonie;Belgique;Julie M.;Carrières du Condroz;Construction;Perdu;42370;0;0;2026-06-11
OPP-26-01440;2026-04-24;2026-04;T2 2026;Wallonie;Belgique;Olivier F.;Fonderies de Sambre;Industrie;Gagné;16070;100;16070;2026-08-13
OPP-26-01441;2026-04-24;2026-04;T2 2026;Île-de-France;France;Yanis A.;Marne Construction;Construction;Perdu;11210;0;0;2026-06-13
OPP-26-01442;2026-04-27;2026-04;T2 2026;Wallonie;Belgique;Julie M.;Hainaut Logistique;Logistique;Gagné;16460;100;16460;2026-05-22
OPP-26-01443;2026-04-27;2026-04;T2 2026;Flandre;Belgique;Pieter V.;Vlasbloem Retail;Distribution;Perdu;28790;0;0;2026-07-15
OPP-26-01444;2026-04-28;2026-04;T2 2026;Flandre;Belgique;Lotte D.;Vlasbloem Retail;Distribution;Perdu;7860;0;0;2026-07-23
OPP-26-01445;2026-04-28;2026-04;T2 2026;Île-de-France;France;Mathieu G.;Seine Finance;Services financiers;Perdu;13320;0;0;2026-06-14
OPP-26-01446;2026-04-28;2026-04;T2 2026;Wallonie;Belgique;Nadia B.;Verreries du Borinage;Industrie;Gagné;6760;100;6760;2026-09-16
OPP-26-01447;2026-04-28;2026-04;T2 2026;Flandre;Belgique;Pieter V.;Haven Coatings;Industrie;Perdu;15520;0;0;2026-05-30
OPP-26-01448;2026-04-28;2026-04;T2 2026;Bruxelles;Belgique;Sophie L.;Novacité;Services;Perdu;31420;0;0;2026-06-30
OPP-26-01449;2026-04-28;2026-04;T2 2026;Bruxelles;Belgique;Sophie L.;Transports Cantersteen;Logistique;Perdu;26090;0;0;2026-06-13
OPP-26-01450;2026-04-28;2026-04;T2 2026;Hauts-de-France;France;Thomas L.;Clinique du Beffroi;Santé;Gagné;10790;100;10790;2026-07-21
OPP-26-01451;2026-04-29;2026-04;T2 2026;Bruxelles;Belgique;Élise V.;Banque Sablon;Services financiers;Perdu;7200;0;0;2026-08-08
OPP-26-01452;2026-04-29;2026-04;T2 2026;Flandre;Belgique;Jens M.;Mercator Zorg;Santé;Perdu;28000;0;0;2026-09-06
OPP-26-01453;2026-04-29;2026-04;T2 2026;Flandre;Belgique;Jens M.;Brouwerij Scheldekant;Agroalimentaire;Perdu;11070;0;0;2026-08-04
OPP-26-01454;2026-04-29;2026-04;T2 2026;Wallonie;Belgique;Julie M.;Namur Énergies;Énergie;Gagné;33510;100;33510;2026-05-30
OPP-26-01455;2026-04-29;2026-04;T2 2026;Flandre;Belgique;Lotte D.;Vlasbloem Retail;Distribution;Gagné;22100;100;22100;2026-05-30
OPP-26-01456;2026-04-29;2026-04;T2 2026;Île-de-France;France;Yanis A.;Seine Finance;Services financiers;Perdu;13780;0;0;2026-08-06
OPP-26-01457;2026-04-30;2026-04;T2 2026;Île-de-France;France;Claire P.;Galeries Haussmann-Est;Distribution;Perdu;9950;0;0;2026-08-09
OPP-26-01458;2026-04-30;2026-04;T2 2026;Wallonie;Belgique;Julie M.;Namur Énergies;Énergie;Perdu;45830;0;0;2026-07-26
OPP-26-01459;2026-04-30;2026-04;T2 2026;Bruxelles;Belgique;Karim B.;Atelier Brabo;Services;Perdu;15240;0;0;2026-06-17
OPP-26-01460;2026-04-30;2026-04;T2 2026;Île-de-France;France;Mathieu G.;Île Logistique;Logistique;Gagné;19430;100;19430;2026-09-11
OPP-26-01461;2026-04-30;2026-04;T2 2026;Wallonie;Belgique;Nadia B.;Carrières du Condroz;Construction;Perdu;14690;0;0;2026-08-16
OPP-26-01462;2026-05-04;2026-05;T2 2026;Hauts-de-France;France;Camille D.;Clinique du Beffroi;Santé;Perdu;11400;0;0;2026-08-20
OPP-26-01463;2026-05-04;2026-05;T2 2026;Flandre;Belgique;Jens M.;Haven Coatings;Industrie;Perdu;19600;0;0;2026-07-14
OPP-26-01464;2026-05-04;2026-05;T2 2026;Wallonie;Belgique;Julie M.;Namur Énergies;Énergie;Gagné;41260;100;41260;2026-09-18
OPP-26-01465;2026-05-05;2026-05;T2 2026;Flandre;Belgique;Lotte D.;Leie Textiel;Industrie;Gagné;18850;100;18850;2026-06-27
OPP-26-01466;2026-05-05;2026-05;T2 2026;Île-de-France;France;Mathieu G.;Clinique Montsouris-Sud;Santé;Proposition;12850;50;6425;2026-11-07
OPP-26-01467;2026-05-05;2026-05;T2 2026;Flandre;Belgique;Pieter V.;Westhoek Metaal;Industrie;Perdu;8020;0;0;2026-08-19
OPP-26-01468;2026-05-06;2026-05;T2 2026;Île-de-France;France;Claire P.;Défense Data;Services;Perdu;22800;0;0;2026-07-10
OPP-26-01469;2026-05-06;2026-05;T2 2026;Île-de-France;France;Claire P.;Île Logistique;Logistique;Gagné;7930;100;7930;2026-09-08
OPP-26-01470;2026-05-06;2026-05;T2 2026;Flandre;Belgique;Jens M.;Noordzee Visserij;Agroalimentaire;Perdu;11890;0;0;2026-08-23
OPP-26-01471;2026-05-06;2026-05;T2 2026;Wallonie;Belgique;Julie M.;Namur Énergies;Énergie;Gagné;55560;100;55560;2026-07-12
OPP-26-01472;2026-05-06;2026-05;T2 2026;Flandre;Belgique;Pieter V.;Westhoek Metaal;Industrie;Perdu;21550;0;0;2026-09-10
OPP-26-01473;2026-05-07;2026-05;T2 2026;Bruxelles;Belgique;Élise V.;Hôtel Mont-des-Arts;Hôtellerie;Perdu;22160;0;0;2026-08-04
OPP-26-01474;2026-05-07;2026-05;T2 2026;Wallonie;Belgique;Julie M.;Intercommunale Meuse-Ourthe;Secteur public;Perdu;14380;0;0;2026-08-01
OPP-26-01475;2026-05-07;2026-05;T2 2026;Bruxelles;Belgique;Karim B.;Banque Sablon;Services financiers;Négociation;30700;75;23025;2026-10-16
OPP-26-01476;2026-05-07;2026-05;T2 2026;Flandre;Belgique;Lotte D.;Vlasbloem Retail;Distribution;Gagné;12910;100;12910;2026-07-26
OPP-26-01477;2026-05-07;2026-05;T2 2026;Flandre;Belgique;Lotte D.;Stad Mechelen-Oost;Secteur public;Gagné;8230;100;8230;2026-09-26
OPP-26-01478;2026-05-07;2026-05;T2 2026;Île-de-France;France;Mathieu G.;Bercy Conseil;Services;Perdu;20570;0;0;2026-08-05
OPP-26-01479;2026-05-07;2026-05;T2 2026;Hauts-de-France;France;Thomas L.;Filature de Roubaix-Est;Industrie;Perdu;9930;0;0;2026-07-06
OPP-26-01480;2026-05-07;2026-05;T2 2026;Île-de-France;France;Yanis A.;Bercy Conseil;Services;Perdu;5680;0;0;2026-09-01
OPP-26-01481;2026-05-08;2026-05;T2 2026;Île-de-France;France;Laura S.;Île Logistique;Logistique;Proposition;14210;50;7105;2026-12-12
OPP-26-01482;2026-05-08;2026-05;T2 2026;Hauts-de-France;France;Thomas L.;Clinique du Beffroi;Santé;Perdu;18580;0;0;2026-08-08
OPP-26-01483;2026-05-08;2026-05;T2 2026;Hauts-de-France;France;Thomas L.;Métropole Services;Services;Perdu;19700;0;0;2026-07-08
OPP-26-01484;2026-05-11;2026-05;T2 2026;Île-de-France;France;Laura S.;Paris Saclay Labs;Santé;Gagné;8470;100;8470;2026-08-27
OPP-26-01485;2026-05-11;2026-05;T2 2026;Wallonie;Belgique;Nadia B.;Intercommunale Meuse-Ourthe;Secteur public;Gagné;6780;100;6780;2026-08-09
OPP-26-01486;2026-05-12;2026-05;T2 2026;Bruxelles;Belgique;Élise V.;Cogeris;Services;Perdu;11110;0;0;2026-06-08
OPP-26-01487;2026-05-12;2026-05;T2 2026;Flandre;Belgique;Pieter V.;Mercator Zorg;Santé;Proposition;9640;50;4820;2026-10-22
OPP-26-01488;2026-05-12;2026-05;T2 2026;Île-de-France;France;Yanis A.;Galeries Haussmann-Est;Distribution;Proposition;30940;50;15470;2026-11-25
OPP-26-01489;2026-05-12;2026-05;T2 2026;Île-de-France;France;Yanis A.;Île Logistique;Logistique;Gagné;14840;100;14840;2026-09-28
OPP-26-01490;2026-05-13;2026-05;T2 2026;Île-de-France;France;Claire P.;Seine Finance;Services financiers;Perdu;10350;0;0;2026-08-05
OPP-26-01491;2026-05-13;2026-05;T2 2026;Wallonie;Belgique;Julie M.;Ardenne Bois;Industrie;Perdu;26880;0;0;2026-08-09
OPP-26-01492;2026-05-13;2026-05;T2 2026;Wallonie;Belgique;Julie M.;Fonderies de Sambre;Industrie;Perdu;17500;0;0;2026-07-28
OPP-26-01493;2026-05-13;2026-05;T2 2026;Wallonie;Belgique;Olivier F.;Carrières du Condroz;Construction;Gagné;22320;100;22320;2026-09-17
OPP-26-01494;2026-05-14;2026-05;T2 2026;Flandre;Belgique;Jens M.;Leie Textiel;Industrie;Gagné;10270;100;10270;2026-08-27
OPP-26-01495;2026-05-14;2026-05;T2 2026;Île-de-France;France;Laura S.;Île Logistique;Logistique;Gagné;14750;100;14750;2026-07-30
OPP-26-01496;2026-05-14;2026-05;T2 2026;Wallonie;Belgique;Nadia B.;Métallurgie Val-Saint-Lambert;Industrie;Gagné;5000;100;5000;2026-07-07
OPP-26-01497;2026-05-14;2026-05;T2 2026;Flandre;Belgique;Pieter V.;Haven Coatings;Industrie;Négociation;18540;75;13905;2026-10-15
OPP-26-01498;2026-05-15;2026-05;T2 2026;Bruxelles;Belgique;Élise V.;Cogeris;Services;Négociation;12010;75;9007,50;2026-11-08
OPP-26-01499;2026-05-15;2026-05;T2 2026;Hauts-de-France;France;Inès K.;Aciéries de l'Escaut;Industrie;Proposition;10440;50;5220;2026-11-26
OPP-26-01500;2026-05-15;2026-05;T2 2026;Île-de-France;France;Mathieu G.;Paris Saclay Labs;Santé;Proposition;13080;50;6540;2026-10-18
OPP-26-01501;2026-05-15;2026-05;T2 2026;Bruxelles;Belgique;Sophie L.;Pharma Josaphat;Santé;Gagné;7090;100;7090;2026-07-07
OPP-26-01502;2026-05-18;2026-05;T2 2026;Île-de-France;France;Claire P.;Galeries Haussmann-Est;Distribution;Proposition;34940;50;17470;2026-11-04
OPP-26-01503;2026-05-18;2026-05;T2 2026;Hauts-de-France;France;Inès K.;Logistique Opale;Logistique;Proposition;5000;50;2500;2026-10-24
OPP-26-01504;2026-05-18;2026-05;T2 2026;Wallonie;Belgique;Julie M.;Fonderies de Sambre;Industrie;Perdu;8870;0;0;2026-09-11
OPP-26-01505;2026-05-18;2026-05;T2 2026;Hauts-de-France;France;Thomas L.;Clinique du Beffroi;Santé;Gagné;5380;100;5380;2026-07-03
OPP-26-01506;2026-05-19;2026-05;T2 2026;Wallonie;Belgique;Antoine R.;Carrières du Condroz;Construction;Négociation;8060;75;6045;2026-12-03
OPP-26-01507;2026-05-19;2026-05;T2 2026;Hauts-de-France;France;Camille D.;Agrinord Picardie;Agroalimentaire;Perdu;6590;0;0;2026-09-18
OPP-26-01508;2026-05-19;2026-05;T2 2026;Hauts-de-France;France;Inès K.;Sucrerie de la Somme;Agroalimentaire;Proposition;13680;50;6840;2026-11-14
OPP-26-01509;2026-05-19;2026-05;T2 2026;Wallonie;Belgique;Nadia B.;Métallurgie Val-Saint-Lambert;Industrie;Gagné;45930;100;45930;2026-09-29
OPP-26-01510;2026-05-19;2026-05;T2 2026;Wallonie;Belgique;Olivier F.;Verreries du Borinage;Industrie;Proposition;5580;50;2790;2026-10-17
OPP-26-01511;2026-05-19;2026-05;T2 2026;Bruxelles;Belgique;Sophie L.;Distrimarolles;Distribution;Négociation;25200;75;18900;2026-12-09
OPP-26-01512;2026-05-19;2026-05;T2 2026;Bruxelles;Belgique;Sophie L.;Hôtel Mont-des-Arts;Hôtellerie;Perdu;8460;0;0;2026-09-14
OPP-26-01513;2026-05-20;2026-05;T2 2026;Bruxelles;Belgique;Élise V.;Hôtel Mont-des-Arts;Hôtellerie;Perdu;7030;0;0;2026-07-30
OPP-26-01514;2026-05-20;2026-05;T2 2026;Wallonie;Belgique;Julie M.;Verreries du Borinage;Industrie;Perdu;62180;0;0;2026-07-25
OPP-26-01515;2026-05-20;2026-05;T2 2026;Flandre;Belgique;Lotte D.;Polder Energie;Énergie;Perdu;8530;0;0;2026-10-02
OPP-26-01516;2026-05-20;2026-05;T2 2026;Île-de-France;France;Mathieu G.;Versailles Patrimoine;Secteur public;Négociation;15530;75;11647,50;2026-10-23
OPP-26-01517;2026-05-20;2026-05;T2 2026;Wallonie;Belgique;Olivier F.;Fonderies de Sambre;Industrie;Perdu;10130;0;0;2026-09-01
OPP-26-01518;2026-05-21;2026-05;T2 2026;Wallonie;Belgique;Antoine R.;Laiterie des Fagnes;Agroalimentaire;Négociation;27890;75;20917,50;2026-10-29
OPP-26-01519;2026-05-21;2026-05;T2 2026;Île-de-France;France;Claire P.;Université Lutèce;Éducation;Perdu;9180;0;0;2026-09-15
OPP-26-01520;2026-05-21;2026-05;T2 2026;Flandre;Belgique;Jens M.;Leie Textiel;Industrie;Négociation;6510;75;4882,50;2026-11-24
OPP-26-01521;2026-05-21;2026-05;T2 2026;Île-de-France;France;Mathieu G.;Paris Saclay Labs;Santé;Négociation;30000;75;22500;2026-11-28
OPP-26-01522;2026-05-21;2026-05;T2 2026;Wallonie;Belgique;Olivier F.;Clinique Mosane;Santé;Gagné;9480;100;9480;2026-07-16
OPP-26-01523;2026-05-21;2026-05;T2 2026;Flandre;Belgique;Sarah W.;Stad Mechelen-Oost;Secteur public;Négociation;5230;75;3922,50;2026-12-12
OPP-26-01524;2026-05-21;2026-05;T2 2026;Bruxelles;Belgique;Sophie L.;Fondation Horta;Secteur public;Perdu;20160;0;0;2026-08-17
OPP-26-01525;2026-05-22;2026-05;T2 2026;Wallonie;Belgique;Antoine R.;Ardenne Bois;Industrie;Perdu;15430;0;0;2026-09-27
OPP-26-01526;2026-05-22;2026-05;T2 2026;Wallonie;Belgique;Julie M.;Fonderies de Sambre;Industrie;Proposition;38800;50;19400;2026-11-25
OPP-26-01527;2026-05-22;2026-05;T2 2026;Wallonie;Belgique;Julie M.;Namur Énergies;Énergie;Perdu;30800;0;0;2026-08-30
OPP-26-01528;2026-05-22;2026-05;T2 2026;Bruxelles;Belgique;Karim B.;Énergie Senne;Énergie;Proposition;12990;50;6495;2026-11-19
OPP-26-01529;2026-05-22;2026-05;T2 2026;Wallonie;Belgique;Olivier F.;Groupe Famenne;Distribution;Perdu;8590;0;0;2026-09-30
OPP-26-01530;2026-05-22;2026-05;T2 2026;Flandre;Belgique;Sarah W.;Leie Textiel;Industrie;Proposition;8300;50;4150;2026-12-06
OPP-26-01531;2026-05-22;2026-05;T2 2026;Île-de-France;France;Yanis A.;Galeries Haussmann-Est;Distribution;Négociation;5770;75;4327,50;2026-12-22
OPP-26-01532;2026-05-25;2026-05;T2 2026;Hauts-de-France;France;Camille D.;Distri Flandres;Distribution;Proposition;28890;50;14445;2026-10-22
OPP-26-01533;2026-05-25;2026-05;T2 2026;Bruxelles;Belgique;Karim B.;Distrimarolles;Distribution;Perdu;11740;0;0;2026-07-30
OPP-26-01534;2026-05-25;2026-05;T2 2026;Île-de-France;France;Laura S.;Défense Data;Services;Proposition;18840;50;9420;2026-12-06
OPP-26-01535;2026-05-25;2026-05;T2 2026;Flandre;Belgique;Lotte D.;Leie Textiel;Industrie;Proposition;10630;50;5315;2026-12-16
OPP-26-01536;2026-05-25;2026-05;T2 2026;Flandre;Belgique;Pieter V.;Stad Mechelen-Oost;Secteur public;Gagné;14280;100;14280;2026-08-08
OPP-26-01537;2026-05-25;2026-05;T2 2026;Flandre;Belgique;Sarah W.;Westhoek Metaal;Industrie;Proposition;11360;50;5680;2026-10-18
OPP-26-01538;2026-05-25;2026-05;T2 2026;Bruxelles;Belgique;Sophie L.;Hôtel Mont-des-Arts;Hôtellerie;Négociation;13980;75;10485;2026-11-20
OPP-26-01539;2026-05-26;2026-05;T2 2026;Hauts-de-France;France;Camille D.;Filature de Roubaix-Est;Industrie;Gagné;16750;100;16750;2026-07-21
OPP-26-01540;2026-05-26;2026-05;T2 2026;Wallonie;Belgique;Julie M.;Intercommunale Meuse-Ourthe;Secteur public;Gagné;26510;100;26510;2026-08-28
OPP-26-01541;2026-05-26;2026-05;T2 2026;Wallonie;Belgique;Julie M.;Groupe Famenne;Distribution;Négociation;5000;75;3750;2026-12-11
OPP-26-01542;2026-05-26;2026-05;T2 2026;Île-de-France;France;Mathieu G.;Île Logistique;Logistique;Perdu;7580;0;0;2026-09-04
OPP-26-01543;2026-05-26;2026-05;T2 2026;Wallonie;Belgique;Nadia B.;Intercommunale Meuse-Ourthe;Secteur public;Gagné;5000;100;5000;2026-09-11
OPP-26-01544;2026-05-26;2026-05;T2 2026;Flandre;Belgique;Pieter V.;Westhoek Metaal;Industrie;Négociation;16280;75;12210;2026-11-07
OPP-26-01545;2026-05-26;2026-05;T2 2026;Île-de-France;France;Yanis A.;Hexagone Énergie;Énergie;Proposition;10770;50;5385;2026-11-07
OPP-26-01546;2026-05-27;2026-05;T2 2026;Wallonie;Belgique;Antoine R.;Fonderies de Sambre;Industrie;Négociation;23090;75;17317,50;2026-12-15
OPP-26-01547;2026-05-27;2026-05;T2 2026;Wallonie;Belgique;Nadia B.;Hainaut Logistique;Logistique;Perdu;8330;0;0;2026-08-06
OPP-26-01548;2026-05-27;2026-05;T2 2026;Flandre;Belgique;Sarah W.;Westhoek Metaal;Industrie;Perdu;27620;0;0;2026-08-17
OPP-26-01549;2026-05-28;2026-05;T2 2026;Wallonie;Belgique;Antoine R.;Namur Énergies;Énergie;Négociation;5000;75;3750;2026-11-06
OPP-26-01550;2026-05-28;2026-05;T2 2026;Bruxelles;Belgique;Karim B.;Banque Sablon;Services financiers;Proposition;11260;50;5630;2026-12-01
OPP-26-01551;2026-05-28;2026-05;T2 2026;Île-de-France;France;Laura S.;Seine Finance;Services financiers;Perdu;12130;0;0;2026-07-12
OPP-26-01552;2026-05-28;2026-05;T2 2026;Flandre;Belgique;Lotte D.;Haven Coatings;Industrie;Perdu;20400;0;0;2026-08-12
OPP-26-01553;2026-05-28;2026-05;T2 2026;Bruxelles;Belgique;Sophie L.;Distrimarolles;Distribution;Négociation;14990;75;11242,50;2026-12-04
OPP-26-01554;2026-05-28;2026-05;T2 2026;Hauts-de-France;France;Thomas L.;Sucrerie de la Somme;Agroalimentaire;Perdu;5000;0;0;2026-08-28
OPP-26-01555;2026-05-29;2026-05;T2 2026;Hauts-de-France;France;Camille D.;Verlinghem Énergie;Énergie;Proposition;6520;50;3260;2026-10-29
OPP-26-01556;2026-05-29;2026-05;T2 2026;Bruxelles;Belgique;Élise V.;Énergie Senne;Énergie;Perdu;16740;0;0;2026-09-08
OPP-26-01557;2026-05-29;2026-05;T2 2026;Hauts-de-France;France;Inès K.;Sucrerie de la Somme;Agroalimentaire;Négociation;24550;75;18412,50;2026-12-22
OPP-26-01558;2026-05-29;2026-05;T2 2026;Flandre;Belgique;Jens M.;Mercator Zorg;Santé;Perdu;23830;0;0;2026-09-11
OPP-26-01559;2026-05-29;2026-05;T2 2026;Wallonie;Belgique;Julie M.;Intercommunale Meuse-Ourthe;Secteur public;Gagné;49300;100;49300;2026-09-06
OPP-26-01560;2026-05-29;2026-05;T2 2026;Bruxelles;Belgique;Karim B.;Distrimarolles;Distribution;Perdu;16440;0;0;2026-09-03
OPP-26-01561;2026-05-29;2026-05;T2 2026;Flandre;Belgique;Sarah W.;Zennevallei Data;Services;Perdu;8480;0;0;2026-10-02
OPP-26-01562;2026-05-29;2026-05;T2 2026;Bruxelles;Belgique;Sophie L.;Transports Cantersteen;Logistique;Proposition;9390;50;4695;2026-12-06
OPP-26-01563;2026-05-29;2026-05;T2 2026;Île-de-France;France;Yanis A.;Galeries Haussmann-Est;Distribution;Gagné;10070;100;10070;2026-08-29
OPP-26-01564;2026-06-01;2026-06;T2 2026;Wallonie;Belgique;Antoine R.;Hainaut Logistique;Logistique;Proposition;8030;50;4015;2026-11-08
OPP-26-01565;2026-06-01;2026-06;T2 2026;Île-de-France;France;Claire P.;Défense Data;Services;Proposition;17970;50;8985;2026-12-21
OPP-26-01566;2026-06-01;2026-06;T2 2026;Hauts-de-France;France;Inès K.;Ville de Lens-Nord;Secteur public;Perdu;8540;0;0;2026-07-08
OPP-26-01567;2026-06-01;2026-06;T2 2026;Bruxelles;Belgique;Karim B.;Logis Ixelles;Construction;Négociation;6230;75;4672,50;2026-11-11
OPP-26-01568;2026-06-01;2026-06;T2 2026;Flandre;Belgique;Lotte D.;Noordzee Visserij;Agroalimentaire;Négociation;6690;75;5017,50;2026-11-12
OPP-26-01569;2026-06-01;2026-06;T2 2026;Wallonie;Belgique;Olivier F.;Fonderies de Sambre;Industrie;Négociation;18850;75;14137,50;2026-12-17
OPP-26-01570;2026-06-01;2026-06;T2 2026;Wallonie;Belgique;Olivier F.;Verreries du Borinage;Industrie;Proposition;13820;50;6910;2026-11-23
OPP-26-01571;2026-06-01;2026-06;T2 2026;Bruxelles;Belgique;Sophie L.;Distrimarolles;Distribution;Perdu;6860;0;0;2026-07-25
OPP-26-01572;2026-06-01;2026-06;T2 2026;Île-de-France;France;Yanis A.;Hexagone Énergie;Énergie;Proposition;6760;50;3380;2026-11-26
OPP-26-01573;2026-06-02;2026-06;T2 2026;Wallonie;Belgique;Nadia B.;Clinique Mosane;Santé;Proposition;15600;50;7800;2026-11-01
OPP-26-01574;2026-06-03;2026-06;T2 2026;Flandre;Belgique;Jens M.;Westhoek Metaal;Industrie;Perdu;19150;0;0;2026-07-29
OPP-26-01575;2026-06-03;2026-06;T2 2026;Bruxelles;Belgique;Sophie L.;Pharma Josaphat;Santé;Gagné;5000;100;5000;2026-09-16
OPP-26-01576;2026-06-04;2026-06;T2 2026;Hauts-de-France;France;Camille D.;Verlinghem Énergie;Énergie;Gagné;16980;100;16980;2026-08-31
OPP-26-01577;2026-06-04;2026-06;T2 2026;Île-de-France;France;Laura S.;Paris Saclay Labs;Santé;Perdu;20610;0;0;2026-07-21
OPP-26-01578;2026-06-04;2026-06;T2 2026;Flandre;Belgique;Lotte D.;Westhoek Metaal;Industrie;Négociation;20590;75;15442,50;2026-10-19
OPP-26-01579;2026-06-04;2026-06;T2 2026;Île-de-France;France;Mathieu G.;Marne Construction;Construction;Négociation;20990;75;15742,50;2026-11-09
OPP-26-01580;2026-06-05;2026-06;T2 2026;Hauts-de-France;France;Inès K.;Sucrerie de la Somme;Agroalimentaire;Perdu;14840;0;0;2026-07-19
OPP-26-01581;2026-06-05;2026-06;T2 2026;Hauts-de-France;France;Inès K.;Ville de Lens-Nord;Secteur public;Perdu;6920;0;0;2026-10-03
OPP-26-01582;2026-06-05;2026-06;T2 2026;Bruxelles;Belgique;Karim B.;Logis Ixelles;Construction;Perdu;20910;0;0;2026-07-26
OPP-26-01583;2026-06-05;2026-06;T2 2026;Hauts-de-France;France;Thomas L.;Verlinghem Énergie;Énergie;Proposition;20000;50;10000;2026-12-09
OPP-26-01584;2026-06-08;2026-06;T2 2026;Bruxelles;Belgique;Élise V.;Logis Ixelles;Construction;Perdu;15930;0;0;2026-09-28
OPP-26-01585;2026-06-08;2026-06;T2 2026;Hauts-de-France;France;Inès K.;Aciéries de l'Escaut;Industrie;Perdu;12710;0;0;2026-09-13
OPP-26-01586;2026-06-08;2026-06;T2 2026;Hauts-de-France;France;Inès K.;Métropole Services;Services;Négociation;11620;75;8715;2026-11-18
OPP-26-01587;2026-06-08;2026-06;T2 2026;Wallonie;Belgique;Olivier F.;Ardenne Bois;Industrie;Négociation;5000;75;3750;2026-11-17
OPP-26-01588;2026-06-08;2026-06;T2 2026;Flandre;Belgique;Pieter V.;Zennevallei Data;Services;Gagné;10830;100;10830;2026-09-04
OPP-26-01589;2026-06-09;2026-06;T2 2026;Île-de-France;France;Claire P.;Université Lutèce;Éducation;Négociation;37790;75;28342,50;2026-10-16
OPP-26-01590;2026-06-09;2026-06;T2 2026;Flandre;Belgique;Lotte D.;Kempen Bouw;Construction;Proposition;18830;50;9415;2026-10-31
OPP-26-01591;2026-06-09;2026-06;T2 2026;Wallonie;Belgique;Nadia B.;Métallurgie Val-Saint-Lambert;Industrie;Perdu;10110;0;0;2026-09-10
OPP-26-01592;2026-06-09;2026-06;T2 2026;Flandre;Belgique;Pieter V.;Delta Logistiek;Logistique;Négociation;10230;75;7672,50;2026-11-23
OPP-26-01593;2026-06-09;2026-06;T2 2026;Hauts-de-France;France;Thomas L.;Verlinghem Énergie;Énergie;Négociation;6030;75;4522,50;2026-12-03
OPP-26-01594;2026-06-10;2026-06;T2 2026;Wallonie;Belgique;Antoine R.;Coopérative Hesbaye;Agroalimentaire;Proposition;16070;50;8035;2026-11-19
OPP-26-01595;2026-06-10;2026-06;T2 2026;Île-de-France;France;Claire P.;Seine Finance;Services financiers;Négociation;10800;75;8100;2026-12-08
OPP-26-01596;2026-06-10;2026-06;T2 2026;Bruxelles;Belgique;Karim B.;Énergie Senne;Énergie;Négociation;14340;75;10755;2026-10-25
OPP-26-01597;2026-06-10;2026-06;T2 2026;Île-de-France;France;Laura S.;Paris Saclay Labs;Santé;Négociation;7190;75;5392,50;2026-12-01
OPP-26-01598;2026-06-11;2026-06;T2 2026;Flandre;Belgique;Jens M.;Delta Logistiek;Logistique;Gagné;5760;100;5760;2026-08-12
OPP-26-01599;2026-06-11;2026-06;T2 2026;Île-de-France;France;Yanis A.;Île Logistique;Logistique;Proposition;6370;50;3185;2026-10-16
OPP-26-01600;2026-06-11;2026-06;T2 2026;Île-de-France;France;Yanis A.;Paris Saclay Labs;Santé;Négociation;7010;75;5257,50;2026-10-26
OPP-26-01601;2026-06-12;2026-06;T2 2026;Wallonie;Belgique;Olivier F.;Intercommunale Meuse-Ourthe;Secteur public;Gagné;7420;100;7420;2026-09-14
OPP-26-01602;2026-06-12;2026-06;T2 2026;Bruxelles;Belgique;Sophie L.;Logis Ixelles;Construction;Gagné;17190;100;17190;2026-07-12
OPP-26-01603;2026-06-12;2026-06;T2 2026;Hauts-de-France;France;Thomas L.;Filature de Roubaix-Est;Industrie;Gagné;16330;100;16330;2026-08-20
OPP-26-01604;2026-06-15;2026-06;T2 2026;Bruxelles;Belgique;Élise V.;Distrimarolles;Distribution;Perdu;17450;0;0;2026-07-29
OPP-26-01605;2026-06-15;2026-06;T2 2026;Bruxelles;Belgique;Karim B.;Fondation Horta;Secteur public;Négociation;33130;75;24847,50;2026-12-22
OPP-26-01606;2026-06-16;2026-06;T2 2026;Wallonie;Belgique;Antoine R.;Clinique Mosane;Santé;Proposition;9860;50;4930;2026-11-10
OPP-26-01607;2026-06-16;2026-06;T2 2026;Flandre;Belgique;Lotte D.;Mercator Zorg;Santé;Perdu;16240;0;0;2026-09-06
OPP-26-01608;2026-06-16;2026-06;T2 2026;Flandre;Belgique;Sarah W.;Haven Coatings;Industrie;Perdu;15380;0;0;2026-08-31
OPP-26-01609;2026-06-17;2026-06;T2 2026;Hauts-de-France;France;Camille D.;Filature de Roubaix-Est;Industrie;Négociation;5000;75;3750;2026-11-21
OPP-26-01610;2026-06-17;2026-06;T2 2026;Bruxelles;Belgique;Karim B.;Distrimarolles;Distribution;Proposition;5360;50;2680;2026-12-12
OPP-26-01611;2026-06-18;2026-06;T2 2026;Île-de-France;France;Mathieu G.;Paris Saclay Labs;Santé;Gagné;19440;100;19440;2026-09-28
OPP-26-01612;2026-06-18;2026-06;T2 2026;Flandre;Belgique;Pieter V.;Zennevallei Data;Services;Perdu;23130;0;0;2026-08-21
OPP-26-01613;2026-06-18;2026-06;T2 2026;Flandre;Belgique;Sarah W.;Mercator Zorg;Santé;Négociation;9660;75;7245;2026-11-12
OPP-26-01614;2026-06-18;2026-06;T2 2026;Flandre;Belgique;Sarah W.;Kempen Bouw;Construction;Perdu;7560;0;0;2026-09-29
OPP-26-01615;2026-06-18;2026-06;T2 2026;Île-de-France;France;Yanis A.;Marne Construction;Construction;Proposition;18510;50;9255;2026-11-13
OPP-26-01616;2026-06-19;2026-06;T2 2026;Flandre;Belgique;Jens M.;Leie Textiel;Industrie;Gagné;13800;100;13800;2026-08-19
OPP-26-01617;2026-06-19;2026-06;T2 2026;Île-de-France;France;Laura S.;Clinique Montsouris-Sud;Santé;Proposition;10720;50;5360;2026-10-27
OPP-26-01618;2026-06-19;2026-06;T2 2026;Île-de-France;France;Mathieu G.;Versailles Patrimoine;Secteur public;Négociation;28410;75;21307,50;2026-10-31
OPP-26-01619;2026-06-19;2026-06;T2 2026;Wallonie;Belgique;Nadia B.;Carrières du Condroz;Construction;Proposition;30110;50;15055;2026-10-31
OPP-26-01620;2026-06-19;2026-06;T2 2026;Flandre;Belgique;Pieter V.;Vlasbloem Retail;Distribution;Gagné;12070;100;12070;2026-08-14
OPP-26-01621;2026-06-19;2026-06;T2 2026;Bruxelles;Belgique;Sophie L.;Énergie Senne;Énergie;Négociation;34880;75;26160;2026-12-10
OPP-26-01622;2026-06-19;2026-06;T2 2026;Bruxelles;Belgique;Sophie L.;Novacité;Services;Négociation;15590;75;11692,50;2026-11-16
OPP-26-01623;2026-06-22;2026-06;T2 2026;Flandre;Belgique;Jens M.;Zennevallei Data;Services;Proposition;12750;50;6375;2026-11-11
OPP-26-01624;2026-06-22;2026-06;T2 2026;Wallonie;Belgique;Nadia B.;Coopérative Hesbaye;Agroalimentaire;Gagné;10260;100;10260;2026-09-29
OPP-26-01625;2026-06-22;2026-06;T2 2026;Flandre;Belgique;Pieter V.;Brouwerij Scheldekant;Agroalimentaire;Gagné;14510;100;14510;2026-09-16
OPP-26-01626;2026-06-22;2026-06;T2 2026;Bruxelles;Belgique;Sophie L.;Fondation Horta;Secteur public;Perdu;12850;0;0;2026-08-28
OPP-26-01627;2026-06-23;2026-06;T2 2026;Bruxelles;Belgique;Élise V.;Énergie Senne;Énergie;Perdu;5360;0;0;2026-10-06
OPP-26-01628;2026-06-23;2026-06;T2 2026;Île-de-France;France;Laura S.;Clinique Montsouris-Sud;Santé;Perdu;18340;0;0;2026-10-05
OPP-26-01629;2026-06-23;2026-06;T2 2026;Flandre;Belgique;Sarah W.;Leie Textiel;Industrie;Gagné;14470;100;14470;2026-10-04
OPP-26-01630;2026-06-23;2026-06;T2 2026;Île-de-France;France;Yanis A.;Galeries Haussmann-Est;Distribution;Perdu;39490;0;0;2026-10-02
OPP-26-01631;2026-06-24;2026-06;T2 2026;Bruxelles;Belgique;Karim B.;Énergie Senne;Énergie;Gagné;5000;100;5000;2026-09-14
OPP-26-01632;2026-06-24;2026-06;T2 2026;Hauts-de-France;France;Thomas L.;Métropole Services;Services;Proposition;5580;50;2790;2026-10-18
OPP-26-01633;2026-06-25;2026-06;T2 2026;Wallonie;Belgique;Antoine R.;Intercommunale Meuse-Ourthe;Secteur public;Perdu;12610;0;0;2026-07-29
OPP-26-01634;2026-06-25;2026-06;T2 2026;Wallonie;Belgique;Antoine R.;Verreries du Borinage;Industrie;Négociation;14020;75;10515;2026-12-22
OPP-26-01635;2026-06-25;2026-06;T2 2026;Hauts-de-France;France;Camille D.;Métropole Services;Services;Perdu;22350;0;0;2026-09-18
OPP-26-01636;2026-06-25;2026-06;T2 2026;Île-de-France;France;Claire P.;Hexagone Énergie;Énergie;Proposition;13450;50;6725;2026-11-02
OPP-26-01637;2026-06-25;2026-06;T2 2026;Bruxelles;Belgique;Élise V.;Atelier Brabo;Services;Proposition;15010;50;7505;2026-12-18
OPP-26-01638;2026-06-25;2026-06;T2 2026;Flandre;Belgique;Jens M.;Stad Mechelen-Oost;Secteur public;Négociation;22820;75;17115;2026-11-24
OPP-26-01639;2026-06-25;2026-06;T2 2026;Bruxelles;Belgique;Sophie L.;Clinique des Étangs;Santé;Perdu;6790;0;0;2026-09-30
OPP-26-01640;2026-06-26;2026-06;T2 2026;Hauts-de-France;France;Camille D.;Filature de Roubaix-Est;Industrie;Proposition;5000;50;2500;2026-11-11
OPP-26-01641;2026-06-26;2026-06;T2 2026;Flandre;Belgique;Lotte D.;Kempen Bouw;Construction;Perdu;6830;0;0;2026-08-13
OPP-26-01642;2026-06-26;2026-06;T2 2026;Flandre;Belgique;Lotte D.;Noordzee Visserij;Agroalimentaire;Proposition;12290;50;6145;2026-12-16
OPP-26-01643;2026-06-26;2026-06;T2 2026;Flandre;Belgique;Sarah W.;Vlasbloem Retail;Distribution;Perdu;16530;0;0;2026-08-16
OPP-26-01644;2026-06-29;2026-06;T2 2026;Hauts-de-France;France;Camille D.;Ville de Lens-Nord;Secteur public;Gagné;18360;100;18360;2026-10-02
OPP-26-01645;2026-06-29;2026-06;T2 2026;Bruxelles;Belgique;Élise V.;Fondation Horta;Secteur public;Gagné;16390;100;16390;2026-09-29
OPP-26-01646;2026-06-29;2026-06;T2 2026;Île-de-France;France;Mathieu G.;Île Logistique;Logistique;Perdu;9190;0;0;2026-09-28
OPP-26-01647;2026-06-29;2026-06;T2 2026;Île-de-France;France;Mathieu G.;Versailles Patrimoine;Secteur public;Négociation;12370;75;9277,50;2026-11-05
OPP-26-01648;2026-06-29;2026-06;T2 2026;Île-de-France;France;Mathieu G.;Défense Data;Services;Perdu;16030;0;0;2026-09-06
OPP-26-01649;2026-06-29;2026-06;T2 2026;Wallonie;Belgique;Nadia B.;Ardenne Bois;Industrie;Négociation;6580;75;4935;2026-12-08
OPP-26-01650;2026-06-29;2026-06;T2 2026;Wallonie;Belgique;Olivier F.;Métallurgie Val-Saint-Lambert;Industrie;Proposition;14110;50;7055;2026-12-18
OPP-26-01651;2026-06-29;2026-06;T2 2026;Flandre;Belgique;Pieter V.;Leie Textiel;Industrie;Négociation;22030;75;16522,50;2026-12-08
OPP-26-01652;2026-06-30;2026-06;T2 2026;Wallonie;Belgique;Antoine R.;Laiterie des Fagnes;Agroalimentaire;Négociation;22200;75;16650;2026-11-27
OPP-26-01653;2026-06-30;2026-06;T2 2026;Île-de-France;France;Claire P.;Île Logistique;Logistique;Gagné;8760;100;8760;2026-07-27
OPP-26-01654;2026-06-30;2026-06;T2 2026;Île-de-France;France;Laura S.;Versailles Patrimoine;Secteur public;Perdu;10190;0;0;2026-09-05
OPP-26-01655;2026-06-30;2026-06;T2 2026;Hauts-de-France;France;Thomas L.;Logistique Opale;Logistique;Perdu;13410;0;0;2026-08-16
OPP-26-01656;2026-07-02;2026-07;T3 2026;Île-de-France;France;Claire P.;Assurances Quai Branly;Services financiers;Perdu;7890;0;0;2026-08-23
OPP-26-01657;2026-07-02;2026-07;T3 2026;Île-de-France;France;Claire P.;Université Lutèce;Éducation;Proposition;32910;50;16455;2026-10-25
OPP-26-01658;2026-07-02;2026-07;T3 2026;Bruxelles;Belgique;Karim B.;Hôtel Mont-des-Arts;Hôtellerie;Négociation;22150;75;16612,50;2026-11-17
OPP-26-01659;2026-07-02;2026-07;T3 2026;Flandre;Belgique;Lotte D.;Delta Logistiek;Logistique;Négociation;5000;75;3750;2026-11-12
OPP-26-01660;2026-07-02;2026-07;T3 2026;Île-de-France;France;Yanis A.;Assurances Quai Branly;Services financiers;Gagné;16920;100;16920;2026-10-04
OPP-26-01661;2026-07-03;2026-07;T3 2026;Wallonie;Belgique;Antoine R.;Intercommunale Meuse-Ourthe;Secteur public;Perdu;12820;0;0;2026-09-28
OPP-26-01662;2026-07-03;2026-07;T3 2026;Wallonie;Belgique;Antoine R.;Ardenne Bois;Industrie;Négociation;12630;75;9472,50;2026-12-08
OPP-26-01663;2026-07-03;2026-07;T3 2026;Wallonie;Belgique;Antoine R.;Clinique Mosane;Santé;Perdu;8700;0;0;2026-08-17
OPP-26-01664;2026-07-03;2026-07;T3 2026;Hauts-de-France;France;Inès K.;Clinique du Beffroi;Santé;Perdu;15470;0;0;2026-08-08
OPP-26-01665;2026-07-03;2026-07;T3 2026;Wallonie;Belgique;Julie M.;Namur Énergies;Énergie;Gagné;41030;100;41030;2026-09-30
OPP-26-01666;2026-07-03;2026-07;T3 2026;Île-de-France;France;Laura S.;Paris Saclay Labs;Santé;Gagné;10210;100;10210;2026-09-07
OPP-26-01667;2026-07-03;2026-07;T3 2026;Île-de-France;France;Laura S.;Hexagone Énergie;Énergie;Perdu;18770;0;0;2026-09-04
OPP-26-01668;2026-07-03;2026-07;T3 2026;Flandre;Belgique;Sarah W.;Zennevallei Data;Services;Proposition;11300;50;5650;2026-11-14
OPP-26-01669;2026-07-06;2026-07;T3 2026;Bruxelles;Belgique;Karim B.;Atelier Brabo;Services;Négociation;18640;75;13980;2026-11-17
OPP-26-01670;2026-07-06;2026-07;T3 2026;Flandre;Belgique;Sarah W.;Brouwerij Scheldekant;Agroalimentaire;Perdu;6600;0;0;2026-10-01
OPP-26-01671;2026-07-07;2026-07;T3 2026;Wallonie;Belgique;Antoine R.;Fonderies de Sambre;Industrie;Gagné;8050;100;8050;2026-10-04
OPP-26-01672;2026-07-07;2026-07;T3 2026;Île-de-France;France;Claire P.;Université Lutèce;Éducation;Perdu;13160;0;0;2026-08-14
OPP-26-01673;2026-07-07;2026-07;T3 2026;Wallonie;Belgique;Julie M.;Métallurgie Val-Saint-Lambert;Industrie;Gagné;13430;100;13430;2026-08-01
OPP-26-01674;2026-07-07;2026-07;T3 2026;Bruxelles;Belgique;Karim B.;Fondation Horta;Secteur public;Proposition;12860;50;6430;2026-11-04
OPP-26-01675;2026-07-07;2026-07;T3 2026;Flandre;Belgique;Lotte D.;Haven Coatings;Industrie;Proposition;34760;50;17380;2026-12-17
OPP-26-01676;2026-07-07;2026-07;T3 2026;Wallonie;Belgique;Nadia B.;Métallurgie Val-Saint-Lambert;Industrie;Gagné;5000;100;5000;2026-09-12
OPP-26-01677;2026-07-07;2026-07;T3 2026;Wallonie;Belgique;Nadia B.;Namur Énergies;Énergie;Négociation;12570;75;9427,50;2026-12-04
OPP-26-01678;2026-07-07;2026-07;T3 2026;Hauts-de-France;France;Thomas L.;Clinique du Beffroi;Santé;Perdu;5990;0;0;2026-10-01
OPP-26-01679;2026-07-07;2026-07;T3 2026;Hauts-de-France;France;Thomas L.;Filature de Roubaix-Est;Industrie;Proposition;6880;50;3440;2026-10-22
OPP-26-01680;2026-07-08;2026-07;T3 2026;Hauts-de-France;France;Camille D.;Sucrerie de la Somme;Agroalimentaire;Perdu;5000;0;0;2026-10-01
OPP-26-01681;2026-07-08;2026-07;T3 2026;Île-de-France;France;Laura S.;Marne Construction;Construction;Gagné;27000;100;27000;2026-09-04
OPP-26-01682;2026-07-08;2026-07;T3 2026;Île-de-France;France;Mathieu G.;Versailles Patrimoine;Secteur public;Perdu;5100;0;0;2026-10-03
OPP-26-01683;2026-07-08;2026-07;T3 2026;Wallonie;Belgique;Olivier F.;Groupe Famenne;Distribution;Gagné;13690;100;13690;2026-09-28
OPP-26-01684;2026-07-08;2026-07;T3 2026;Flandre;Belgique;Pieter V.;Kempen Bouw;Construction;Perdu;5000;0;0;2026-09-28
OPP-26-01685;2026-07-08;2026-07;T3 2026;Hauts-de-France;France;Thomas L.;Sucrerie de la Somme;Agroalimentaire;Gagné;12860;100;12860;2026-09-11
OPP-26-01686;2026-07-09;2026-07;T3 2026;Wallonie;Belgique;Olivier F.;Intercommunale Meuse-Ourthe;Secteur public;Proposition;9730;50;4865;2026-11-13
OPP-26-01687;2026-07-10;2026-07;T3 2026;Hauts-de-France;France;Camille D.;Distri Flandres;Distribution;Proposition;5000;50;2500;2026-11-02
OPP-26-01688;2026-07-10;2026-07;T3 2026;Île-de-France;France;Laura S.;Défense Data;Services;Perdu;11470;0;0;2026-09-30
OPP-26-01689;2026-07-10;2026-07;T3 2026;Wallonie;Belgique;Olivier F.;Carrières du Condroz;Construction;Qualification;13260;25;3315;2026-12-22
OPP-26-01690;2026-07-10;2026-07;T3 2026;Bruxelles;Belgique;Sophie L.;Hôtel Mont-des-Arts;Hôtellerie;Qualification;33990;25;8497,50;2026-12-02
OPP-26-01691;2026-07-13;2026-07;T3 2026;Hauts-de-France;France;Inès K.;Ville de Lens-Nord;Secteur public;Négociation;12090;75;9067,50;2026-12-01
OPP-26-01692;2026-07-13;2026-07;T3 2026;Hauts-de-France;France;Inès K.;Agrinord Picardie;Agroalimentaire;Proposition;7340;50;3670;2026-11-26
OPP-26-01693;2026-07-13;2026-07;T3 2026;Flandre;Belgique;Jens M.;Haven Coatings;Industrie;Gagné;7130;100;7130;2026-09-30
OPP-26-01694;2026-07-13;2026-07;T3 2026;Flandre;Belgique;Lotte D.;Stad Mechelen-Oost;Secteur public;Proposition;5000;50;2500;2026-12-01
OPP-26-01695;2026-07-13;2026-07;T3 2026;Île-de-France;France;Mathieu G.;Versailles Patrimoine;Secteur public;Proposition;24080;50;12040;2026-11-30
OPP-26-01696;2026-07-13;2026-07;T3 2026;Île-de-France;France;Mathieu G.;Hexagone Énergie;Énergie;Négociation;10200;75;7650;2026-12-20
OPP-26-01697;2026-07-13;2026-07;T3 2026;Flandre;Belgique;Pieter V.;Delta Logistiek;Logistique;Qualification;34580;25;8645;2026-11-04
OPP-26-01698;2026-07-13;2026-07;T3 2026;Île-de-France;France;Yanis A.;Galeries Haussmann-Est;Distribution;Proposition;21330;50;10665;2026-11-25
OPP-26-01699;2026-07-14;2026-07;T3 2026;Île-de-France;France;Claire P.;Île Logistique;Logistique;Qualification;25300;25;6325;2026-11-22
OPP-26-01700;2026-07-14;2026-07;T3 2026;Hauts-de-France;France;Inès K.;Métropole Services;Services;Qualification;17100;25;4275;2026-11-16
OPP-26-01701;2026-07-14;2026-07;T3 2026;Wallonie;Belgique;Julie M.;Hainaut Logistique;Logistique;Qualification;34490;25;8622,50;2026-11-17
OPP-26-01702;2026-07-14;2026-07;T3 2026;Wallonie;Belgique;Nadia B.;Intercommunale Meuse-Ourthe;Secteur public;Qualification;8220;25;2055;2026-12-15
OPP-26-01703;2026-07-14;2026-07;T3 2026;Bruxelles;Belgique;Sophie L.;Logis Ixelles;Construction;Proposition;9720;50;4860;2026-12-06
OPP-26-01704;2026-07-15;2026-07;T3 2026;Île-de-France;France;Claire P.;Paris Saclay Labs;Santé;Proposition;15530;50;7765;2026-12-19
OPP-26-01705;2026-07-15;2026-07;T3 2026;Flandre;Belgique;Jens M.;Noordzee Visserij;Agroalimentaire;Proposition;5420;50;2710;2026-12-06
OPP-26-01706;2026-07-15;2026-07;T3 2026;Wallonie;Belgique;Julie M.;Groupe Famenne;Distribution;Proposition;24620;50;12310;2026-11-18
OPP-26-01707;2026-07-15;2026-07;T3 2026;Wallonie;Belgique;Nadia B.;Laiterie des Fagnes;Agroalimentaire;Qualification;27410;25;6852,50;2026-10-19
OPP-26-01708;2026-07-16;2026-07;T3 2026;Wallonie;Belgique;Julie M.;Clinique Mosane;Santé;Perdu;49410;0;0;2026-09-28
OPP-26-01709;2026-07-16;2026-07;T3 2026;Wallonie;Belgique;Julie M.;Carrières du Condroz;Construction;Proposition;15860;50;7930;2026-10-31
OPP-26-01710;2026-07-16;2026-07;T3 2026;Bruxelles;Belgique;Karim B.;Pharma Josaphat;Santé;Perdu;16420;0;0;2026-10-06
OPP-26-01711;2026-07-16;2026-07;T3 2026;Île-de-France;France;Mathieu G.;Galeries Haussmann-Est;Distribution;Négociation;11340;75;8505;2026-11-26
OPP-26-01712;2026-07-16;2026-07;T3 2026;Flandre;Belgique;Pieter V.;Mercator Zorg;Santé;Qualification;12140;25;3035;2026-10-20
OPP-26-01713;2026-07-17;2026-07;T3 2026;Hauts-de-France;France;Camille D.;Sucrerie de la Somme;Agroalimentaire;Perdu;13710;0;0;2026-10-06
OPP-26-01714;2026-07-17;2026-07;T3 2026;Île-de-France;France;Claire P.;Marne Construction;Construction;Négociation;6900;75;5175;2026-11-13
OPP-26-01715;2026-07-17;2026-07;T3 2026;Wallonie;Belgique;Julie M.;Clinique Mosane;Santé;Négociation;17280;75;12960;2026-11-15
OPP-26-01716;2026-07-17;2026-07;T3 2026;Wallonie;Belgique;Nadia B.;Métallurgie Val-Saint-Lambert;Industrie;Négociation;19940;75;14955;2026-11-19
OPP-26-01717;2026-07-17;2026-07;T3 2026;Île-de-France;France;Yanis A.;Marne Construction;Construction;Proposition;13010;50;6505;2026-12-21
OPP-26-01718;2026-07-20;2026-07;T3 2026;Wallonie;Belgique;Julie M.;Namur Énergies;Énergie;Qualification;29150;25;7287,50;2026-12-04
OPP-26-01719;2026-07-20;2026-07;T3 2026;Bruxelles;Belgique;Karim B.;Transports Cantersteen;Logistique;Qualification;14570;25;3642,50;2026-12-10
OPP-26-01720;2026-07-20;2026-07;T3 2026;Bruxelles;Belgique;Karim B.;Cogeris;Services;Qualification;5530;25;1382,50;2026-11-12
OPP-26-01721;2026-07-20;2026-07;T3 2026;Wallonie;Belgique;Olivier F.;Hainaut Logistique;Logistique;Proposition;14010;50;7005;2026-12-12
OPP-26-01722;2026-07-20;2026-07;T3 2026;Wallonie;Belgique;Olivier F.;Groupe Famenne;Distribution;Perdu;17330;0;0;2026-08-22
OPP-26-01723;2026-07-20;2026-07;T3 2026;Flandre;Belgique;Pieter V.;Polder Energie;Énergie;Qualification;14680;25;3670;2026-11-19
OPP-26-01724;2026-07-20;2026-07;T3 2026;Bruxelles;Belgique;Sophie L.;Fondation Horta;Secteur public;Proposition;13770;50;6885;2026-12-04
OPP-26-01725;2026-07-20;2026-07;T3 2026;Bruxelles;Belgique;Sophie L.;Cogeris;Services;Proposition;8650;50;4325;2026-11-15
OPP-26-01726;2026-07-20;2026-07;T3 2026;Hauts-de-France;France;Thomas L.;Métropole Services;Services;Qualification;18240;25;4560;2026-12-18
OPP-26-01727;2026-07-21;2026-07;T3 2026;Île-de-France;France;Mathieu G.;Versailles Patrimoine;Secteur public;Perdu;42480;0;0;2026-10-07
OPP-26-01728;2026-07-21;2026-07;T3 2026;Wallonie;Belgique;Nadia B.;Ardenne Bois;Industrie;Proposition;8930;50;4465;2026-11-25
OPP-26-01729;2026-07-22;2026-07;T3 2026;Bruxelles;Belgique;Élise V.;Novacité;Services;Proposition;28710;50;14355;2026-12-17
OPP-26-01730;2026-07-22;2026-07;T3 2026;Flandre;Belgique;Lotte D.;Leie Textiel;Industrie;Perdu;11900;0;0;2026-10-03
OPP-26-01731;2026-07-22;2026-07;T3 2026;Flandre;Belgique;Lotte D.;Kempen Bouw;Construction;Perdu;12120;0;0;2026-08-27
OPP-26-01732;2026-07-22;2026-07;T3 2026;Île-de-France;France;Yanis A.;Paris Saclay Labs;Santé;Négociation;21490;75;16117,50;2026-11-17
OPP-26-01733;2026-07-23;2026-07;T3 2026;Wallonie;Belgique;Antoine R.;Laiterie des Fagnes;Agroalimentaire;Proposition;5000;50;2500;2026-10-27
OPP-26-01734;2026-07-23;2026-07;T3 2026;Hauts-de-France;France;Camille D.;Métropole Services;Services;Proposition;36460;50;18230;2026-10-30
OPP-26-01735;2026-07-23;2026-07;T3 2026;Wallonie;Belgique;Julie M.;Fonderies de Sambre;Industrie;Perdu;14920;0;0;2026-08-29
OPP-26-01736;2026-07-23;2026-07;T3 2026;Bruxelles;Belgique;Sophie L.;Pharma Josaphat;Santé;Proposition;13220;50;6610;2026-11-24
OPP-26-01737;2026-07-24;2026-07;T3 2026;Hauts-de-France;France;Camille D.;Logistique Opale;Logistique;Qualification;6980;25;1745;2026-11-19
OPP-26-01738;2026-07-24;2026-07;T3 2026;Hauts-de-France;France;Camille D.;Verlinghem Énergie;Énergie;Qualification;6850;25;1712,50;2026-11-07
OPP-26-01739;2026-07-24;2026-07;T3 2026;Flandre;Belgique;Jens M.;Stad Mechelen-Oost;Secteur public;Qualification;21640;25;5410;2026-12-09
OPP-26-01740;2026-07-24;2026-07;T3 2026;Flandre;Belgique;Jens M.;Zennevallei Data;Services;Proposition;5000;50;2500;2026-12-18
OPP-26-01741;2026-07-24;2026-07;T3 2026;Wallonie;Belgique;Julie M.;Métallurgie Val-Saint-Lambert;Industrie;Perdu;12970;0;0;2026-10-06
OPP-26-01742;2026-07-24;2026-07;T3 2026;Flandre;Belgique;Sarah W.;Stad Mechelen-Oost;Secteur public;Proposition;10180;50;5090;2026-10-18
OPP-26-01743;2026-07-24;2026-07;T3 2026;Flandre;Belgique;Sarah W.;Haven Coatings;Industrie;Qualification;21380;25;5345;2026-12-15
OPP-26-01744;2026-07-27;2026-07;T3 2026;Wallonie;Belgique;Antoine R.;Clinique Mosane;Santé;Négociation;26040;75;19530;2026-11-15
OPP-26-01745;2026-07-27;2026-07;T3 2026;Bruxelles;Belgique;Élise V.;Banque Sablon;Services financiers;Proposition;5000;50;2500;2026-10-24
OPP-26-01746;2026-07-27;2026-07;T3 2026;Flandre;Belgique;Jens M.;Stad Mechelen-Oost;Secteur public;Négociation;28670;75;21502,50;2026-10-24
OPP-26-01747;2026-07-27;2026-07;T3 2026;Wallonie;Belgique;Julie M.;Coopérative Hesbaye;Agroalimentaire;Qualification;59610;25;14902,50;2026-12-09
OPP-26-01748;2026-07-27;2026-07;T3 2026;Île-de-France;France;Laura S.;Hexagone Énergie;Énergie;Proposition;5000;50;2500;2026-11-21
OPP-26-01749;2026-07-27;2026-07;T3 2026;Île-de-France;France;Mathieu G.;Paris Saclay Labs;Santé;Qualification;9680;25;2420;2026-11-15
OPP-26-01750;2026-07-27;2026-07;T3 2026;Bruxelles;Belgique;Sophie L.;Banque Sablon;Services financiers;Négociation;22950;75;17212,50;2026-11-03
OPP-26-01751;2026-07-27;2026-07;T3 2026;Île-de-France;France;Yanis A.;Versailles Patrimoine;Secteur public;Proposition;8930;50;4465;2026-11-15
OPP-26-01752;2026-07-28;2026-07;T3 2026;Wallonie;Belgique;Antoine R.;Ardenne Bois;Industrie;Proposition;15760;50;7880;2026-10-29
OPP-26-01753;2026-07-28;2026-07;T3 2026;Bruxelles;Belgique;Élise V.;Cogeris;Services;Qualification;25950;25;6487,50;2026-11-02
OPP-26-01754;2026-07-29;2026-07;T3 2026;Bruxelles;Belgique;Élise V.;Hôtel Mont-des-Arts;Hôtellerie;Perdu;6600;0;0;2026-09-28
OPP-26-01755;2026-07-29;2026-07;T3 2026;Hauts-de-France;France;Inès K.;Sucrerie de la Somme;Agroalimentaire;Proposition;6420;50;3210;2026-12-05
OPP-26-01756;2026-07-29;2026-07;T3 2026;Wallonie;Belgique;Julie M.;Carrières du Condroz;Construction;Négociation;78910;75;59182,50;2026-12-07
OPP-26-01757;2026-07-29;2026-07;T3 2026;Flandre;Belgique;Lotte D.;Delta Logistiek;Logistique;Proposition;9460;50;4730;2026-12-08
OPP-26-01758;2026-07-29;2026-07;T3 2026;Flandre;Belgique;Pieter V.;Delta Logistiek;Logistique;Négociation;24160;75;18120;2026-10-29
OPP-26-01759;2026-07-29;2026-07;T3 2026;Bruxelles;Belgique;Sophie L.;Clinique des Étangs;Santé;Négociation;5000;75;3750;2026-12-11
OPP-26-01760;2026-07-30;2026-07;T3 2026;Flandre;Belgique;Jens M.;Kempen Bouw;Construction;Proposition;20670;50;10335;2026-11-24
OPP-26-01761;2026-07-30;2026-07;T3 2026;Île-de-France;France;Laura S.;Assurances Quai Branly;Services financiers;Proposition;5000;50;2500;2026-12-07
OPP-26-01762;2026-07-30;2026-07;T3 2026;Flandre;Belgique;Lotte D.;Polder Energie;Énergie;Proposition;13920;50;6960;2026-11-30
OPP-26-01763;2026-07-30;2026-07;T3 2026;Île-de-France;France;Mathieu G.;Versailles Patrimoine;Secteur public;Gagné;12400;100;12400;2026-09-04
OPP-26-01764;2026-07-30;2026-07;T3 2026;Flandre;Belgique;Sarah W.;Zennevallei Data;Services;Gagné;16160;100;16160;2026-09-06
OPP-26-01765;2026-07-30;2026-07;T3 2026;Hauts-de-France;France;Thomas L.;Métropole Services;Services;Gagné;8680;100;8680;2026-10-06
OPP-26-01766;2026-07-30;2026-07;T3 2026;Hauts-de-France;France;Thomas L.;Distri Flandres;Distribution;Perdu;17210;0;0;2026-09-29
OPP-26-01767;2026-07-31;2026-07;T3 2026;Bruxelles;Belgique;Élise V.;Novacité;Services;Gagné;11460;100;11460;2026-09-18
OPP-26-01768;2026-07-31;2026-07;T3 2026;Wallonie;Belgique;Julie M.;Carrières du Condroz;Construction;Qualification;27380;25;6845;2026-12-11
OPP-26-01769;2026-07-31;2026-07;T3 2026;Flandre;Belgique;Pieter V.;Westhoek Metaal;Industrie;Qualification;17190;25;4297,50;2026-11-10
OPP-26-01770;2026-07-31;2026-07;T3 2026;Île-de-France;France;Yanis A.;Galeries Haussmann-Est;Distribution;Qualification;6680;25;1670;2026-11-22
OPP-26-01771;2026-08-04;2026-08;T3 2026;Hauts-de-France;France;Camille D.;Aciéries de l'Escaut;Industrie;Proposition;13100;50;6550;2026-11-15
OPP-26-01772;2026-08-04;2026-08;T3 2026;Île-de-France;France;Laura S.;Défense Data;Services;Négociation;12320;75;9240;2026-12-11
OPP-26-01773;2026-08-04;2026-08;T3 2026;Île-de-France;France;Mathieu G.;Paris Saclay Labs;Santé;Qualification;25320;25;6330;2026-11-27
OPP-26-01774;2026-08-05;2026-08;T3 2026;Hauts-de-France;France;Camille D.;Filature de Roubaix-Est;Industrie;Proposition;8970;50;4485;2026-12-02
OPP-26-01775;2026-08-05;2026-08;T3 2026;Île-de-France;France;Mathieu G.;Galeries Haussmann-Est;Distribution;Perdu;19310;0;0;2026-09-30
OPP-26-01776;2026-08-05;2026-08;T3 2026;Wallonie;Belgique;Nadia B.;Clinique Mosane;Santé;Qualification;24470;25;6117,50;2026-12-10
OPP-26-01777;2026-08-05;2026-08;T3 2026;Flandre;Belgique;Sarah W.;Vlasbloem Retail;Distribution;Qualification;18030;25;4507,50;2026-11-06
OPP-26-01778;2026-08-05;2026-08;T3 2026;Bruxelles;Belgique;Sophie L.;Énergie Senne;Énergie;Gagné;8190;100;8190;2026-10-01
OPP-26-01779;2026-08-06;2026-08;T3 2026;Wallonie;Belgique;Julie M.;Coopérative Hesbaye;Agroalimentaire;Proposition;25650;50;12825;2026-12-05
OPP-26-01780;2026-08-06;2026-08;T3 2026;Wallonie;Belgique;Nadia B.;Carrières du Condroz;Construction;Qualification;20970;25;5242,50;2026-11-17
OPP-26-01781;2026-08-06;2026-08;T3 2026;Flandre;Belgique;Pieter V.;Leie Textiel;Industrie;Gagné;13530;100;13530;2026-09-01
OPP-26-01782;2026-08-06;2026-08;T3 2026;Île-de-France;France;Yanis A.;Université Lutèce;Éducation;Gagné;24820;100;24820;2026-10-01
OPP-26-01783;2026-08-07;2026-08;T3 2026;Île-de-France;France;Claire P.;Paris Saclay Labs;Santé;Proposition;9350;50;4675;2026-11-10
OPP-26-01784;2026-08-07;2026-08;T3 2026;Île-de-France;France;Claire P.;Versailles Patrimoine;Secteur public;Qualification;34660;25;8665;2026-11-01
OPP-26-01785;2026-08-10;2026-08;T3 2026;Hauts-de-France;France;Inès K.;Ville de Lens-Nord;Secteur public;Perdu;14830;0;0;2026-10-04
OPP-26-01786;2026-08-10;2026-08;T3 2026;Hauts-de-France;France;Thomas L.;Aciéries de l'Escaut;Industrie;Qualification;5000;25;1250;2026-12-15
OPP-26-01787;2026-08-10;2026-08;T3 2026;Île-de-France;France;Yanis A.;Versailles Patrimoine;Secteur public;Négociation;10750;75;8062,50;2026-12-07
OPP-26-01788;2026-08-11;2026-08;T3 2026;Flandre;Belgique;Jens M.;Mercator Zorg;Santé;Négociation;8320;75;6240;2026-12-08
OPP-26-01789;2026-08-11;2026-08;T3 2026;Île-de-France;France;Laura S.;Galeries Haussmann-Est;Distribution;Gagné;20830;100;20830;2026-10-04
OPP-26-01790;2026-08-11;2026-08;T3 2026;Flandre;Belgique;Sarah W.;Noordzee Visserij;Agroalimentaire;Gagné;6700;100;6700;2026-09-30
OPP-26-01791;2026-08-12;2026-08;T3 2026;Bruxelles;Belgique;Élise V.;Énergie Senne;Énergie;Qualification;15050;25;3762,50;2026-11-24
OPP-26-01792;2026-08-12;2026-08;T3 2026;Île-de-France;France;Mathieu G.;Marne Construction;Construction;Proposition;15870;50;7935;2026-12-21
OPP-26-01793;2026-08-12;2026-08;T3 2026;Bruxelles;Belgique;Sophie L.;Hôtel Mont-des-Arts;Hôtellerie;Qualification;14480;25;3620;2026-12-23
OPP-26-01794;2026-08-13;2026-08;T3 2026;Wallonie;Belgique;Antoine R.;Coopérative Hesbaye;Agroalimentaire;Négociation;5000;75;3750;2026-11-19
OPP-26-01795;2026-08-13;2026-08;T3 2026;Hauts-de-France;France;Inès K.;Ville de Lens-Nord;Secteur public;Proposition;5980;50;2990;2026-12-15
OPP-26-01796;2026-08-13;2026-08;T3 2026;Flandre;Belgique;Jens M.;Noordzee Visserij;Agroalimentaire;Proposition;23200;50;11600;2026-11-16
OPP-26-01797;2026-08-13;2026-08;T3 2026;Wallonie;Belgique;Julie M.;Clinique Mosane;Santé;Qualification;10000;25;2500;2026-11-30
OPP-26-01798;2026-08-13;2026-08;T3 2026;Flandre;Belgique;Lotte D.;Mercator Zorg;Santé;Proposition;12570;50;6285;2026-12-23
OPP-26-01799;2026-08-13;2026-08;T3 2026;Bruxelles;Belgique;Sophie L.;Logis Ixelles;Construction;Qualification;34280;25;8570;2026-10-28
OPP-26-01800;2026-08-13;2026-08;T3 2026;Hauts-de-France;France;Thomas L.;Ville de Lens-Nord;Secteur public;Perdu;14590;0;0;2026-10-06
OPP-26-01801;2026-08-14;2026-08;T3 2026;Île-de-France;France;Mathieu G.;Marne Construction;Construction;Négociation;9250;75;6937,50;2026-11-26
OPP-26-01802;2026-08-14;2026-08;T3 2026;Flandre;Belgique;Pieter V.;Brouwerij Scheldekant;Agroalimentaire;Proposition;28640;50;14320;2026-12-01
OPP-26-01803;2026-08-14;2026-08;T3 2026;Flandre;Belgique;Pieter V.;Brouwerij Scheldekant;Agroalimentaire;Proposition;12720;50;6360;2026-12-08
OPP-26-01804;2026-08-17;2026-08;T3 2026;Wallonie;Belgique;Antoine R.;Ardenne Bois;Industrie;Perdu;10660;0;0;2026-09-30
OPP-26-01805;2026-08-17;2026-08;T3 2026;Wallonie;Belgique;Julie M.;Carrières du Condroz;Construction;Proposition;15280;50;7640;2026-12-22
OPP-26-01806;2026-08-18;2026-08;T3 2026;Hauts-de-France;France;Inès K.;Aciéries de l'Escaut;Industrie;Négociation;12820;75;9615;2026-12-07
OPP-26-01807;2026-08-19;2026-08;T3 2026;Hauts-de-France;France;Camille D.;Logistique Opale;Logistique;Négociation;10300;75;7725;2026-12-23
OPP-26-01808;2026-08-19;2026-08;T3 2026;Wallonie;Belgique;Nadia B.;Coopérative Hesbaye;Agroalimentaire;Proposition;5000;50;2500;2026-10-30
OPP-26-01809;2026-08-19;2026-08;T3 2026;Wallonie;Belgique;Olivier F.;Verreries du Borinage;Industrie;Négociation;13380;75;10035;2026-12-10
OPP-26-01810;2026-08-19;2026-08;T3 2026;Flandre;Belgique;Pieter V.;Mercator Zorg;Santé;Négociation;6910;75;5182,50;2026-12-25
OPP-26-01811;2026-08-19;2026-08;T3 2026;Flandre;Belgique;Sarah W.;Westhoek Metaal;Industrie;Proposition;16490;50;8245;2026-12-08
OPP-26-01812;2026-08-19;2026-08;T3 2026;Bruxelles;Belgique;Sophie L.;Cogeris;Services;Proposition;8380;50;4190;2026-12-29
OPP-26-01813;2026-08-19;2026-08;T3 2026;Hauts-de-France;France;Thomas L.;Logistique Opale;Logistique;Perdu;19030;0;0;2026-10-01
OPP-26-01814;2026-08-20;2026-08;T3 2026;Wallonie;Belgique;Julie M.;Carrières du Condroz;Construction;Qualification;55550;25;13887,50;2026-12-09
OPP-26-01815;2026-08-20;2026-08;T3 2026;Flandre;Belgique;Lotte D.;Delta Logistiek;Logistique;Négociation;12160;75;9120;2026-12-08
OPP-26-01816;2026-08-20;2026-08;T3 2026;Île-de-France;France;Yanis A.;Université Lutèce;Éducation;Qualification;6060;25;1515;2026-11-27
OPP-26-01817;2026-08-21;2026-08;T3 2026;Wallonie;Belgique;Antoine R.;Clinique Mosane;Santé;Proposition;18120;50;9060;2026-12-27
OPP-26-01818;2026-08-21;2026-08;T3 2026;Bruxelles;Belgique;Élise V.;Pharma Josaphat;Santé;Gagné;21840;100;21840;2026-09-28
OPP-26-01819;2026-08-21;2026-08;T3 2026;Wallonie;Belgique;Julie M.;Carrières du Condroz;Construction;Proposition;53030;50;26515;2026-12-29
OPP-26-01820;2026-08-21;2026-08;T3 2026;Wallonie;Belgique;Julie M.;Coopérative Hesbaye;Agroalimentaire;Perdu;67240;0;0;2026-09-28
OPP-26-01821;2026-08-24;2026-08;T3 2026;Île-de-France;France;Claire P.;Galeries Haussmann-Est;Distribution;Qualification;9550;25;2387,50;2026-12-12
OPP-26-01822;2026-08-24;2026-08;T3 2026;Wallonie;Belgique;Olivier F.;Hainaut Logistique;Logistique;Perdu;10280;0;0;2026-10-06
OPP-26-01823;2026-08-25;2026-08;T3 2026;Wallonie;Belgique;Antoine R.;Laiterie des Fagnes;Agroalimentaire;Perdu;18450;0;0;2026-09-24
OPP-26-01824;2026-08-25;2026-08;T3 2026;Bruxelles;Belgique;Élise V.;Logis Ixelles;Construction;Perdu;8820;0;0;2026-09-21
OPP-26-01825;2026-08-25;2026-08;T3 2026;Bruxelles;Belgique;Karim B.;Transports Cantersteen;Logistique;Négociation;23820;75;17865;2026-11-24
OPP-26-01826;2026-08-26;2026-08;T3 2026;Hauts-de-France;France;Camille D.;Métropole Services;Services;Proposition;9730;50;4865;2026-11-07
OPP-26-01827;2026-08-26;2026-08;T3 2026;Flandre;Belgique;Lotte D.;Brouwerij Scheldekant;Agroalimentaire;Gagné;14130;100;14130;2026-10-05
OPP-26-01828;2026-08-26;2026-08;T3 2026;Île-de-France;France;Yanis A.;Marne Construction;Construction;Proposition;6700;50;3350;2026-12-27
OPP-26-01829;2026-08-27;2026-08;T3 2026;Île-de-France;France;Claire P.;Université Lutèce;Éducation;Proposition;6990;50;3495;2026-12-20
OPP-26-01830;2026-08-27;2026-08;T3 2026;Bruxelles;Belgique;Karim B.;Transports Cantersteen;Logistique;Proposition;20260;50;10130;2026-12-16
OPP-26-01831;2026-08-28;2026-08;T3 2026;Flandre;Belgique;Jens M.;Polder Energie;Énergie;Qualification;5970;25;1492,50;2026-11-08
OPP-26-01832;2026-08-28;2026-08;T3 2026;Wallonie;Belgique;Julie M.;Coopérative Hesbaye;Agroalimentaire;Proposition;20140;50;10070;2026-12-07
OPP-26-01833;2026-08-28;2026-08;T3 2026;Île-de-France;France;Laura S.;Université Lutèce;Éducation;Qualification;11420;25;2855;2026-12-26
OPP-26-01834;2026-08-28;2026-08;T3 2026;Flandre;Belgique;Lotte D.;Delta Logistiek;Logistique;Négociation;12670;75;9502,50;2026-11-13
OPP-26-01835;2026-08-31;2026-08;T3 2026;Flandre;Belgique;Jens M.;Brouwerij Scheldekant;Agroalimentaire;Qualification;9670;25;2417,50;2026-12-14
OPP-26-01836;2026-08-31;2026-08;T3 2026;Bruxelles;Belgique;Karim B.;Transports Cantersteen;Logistique;Qualification;9320;25;2330;2026-12-28
OPP-26-01837;2026-08-31;2026-08;T3 2026;Wallonie;Belgique;Olivier F.;Ardenne Bois;Industrie;Qualification;14680;25;3670;2026-12-21
OPP-26-01838;2026-09-01;2026-09;T3 2026;Flandre;Belgique;Jens M.;Vlasbloem Retail;Distribution;Prospection;10460;10;1046;2026-12-19
OPP-26-01839;2026-09-01;2026-09;T3 2026;Wallonie;Belgique;Julie M.;Groupe Famenne;Distribution;Perdu;24350;0;0;2026-10-01
OPP-26-01840;2026-09-01;2026-09;T3 2026;Wallonie;Belgique;Julie M.;Namur Énergies;Énergie;Prospection;9330;10;933;2026-12-28
OPP-26-01841;2026-09-01;2026-09;T3 2026;Île-de-France;France;Laura S.;Paris Saclay Labs;Santé;Prospection;41650;10;4165;2026-12-22
OPP-26-01842;2026-09-02;2026-09;T3 2026;Flandre;Belgique;Jens M.;Delta Logistiek;Logistique;Qualification;7800;25;1950;2026-10-27
OPP-26-01843;2026-09-02;2026-09;T3 2026;Bruxelles;Belgique;Karim B.;Distrimarolles;Distribution;Qualification;16100;25;4025;2026-12-04
OPP-26-01844;2026-09-02;2026-09;T3 2026;Île-de-France;France;Laura S.;Hexagone Énergie;Énergie;Qualification;18220;25;4555;2026-12-28
OPP-26-01845;2026-09-02;2026-09;T3 2026;Wallonie;Belgique;Olivier F.;Groupe Famenne;Distribution;Prospection;9900;10;990;2026-12-17
OPP-26-01846;2026-09-02;2026-09;T3 2026;Île-de-France;France;Yanis A.;Seine Finance;Services financiers;Qualification;11190;25;2797,50;2026-12-23
OPP-26-01847;2026-09-03;2026-09;T3 2026;Wallonie;Belgique;Antoine R.;Ardenne Bois;Industrie;Proposition;19050;50;9525;2026-12-21
OPP-26-01848;2026-09-03;2026-09;T3 2026;Île-de-France;France;Claire P.;Université Lutèce;Éducation;Qualification;22070;25;5517,50;2026-12-29
OPP-26-01849;2026-09-03;2026-09;T3 2026;Hauts-de-France;France;Inès K.;Agrinord Picardie;Agroalimentaire;Qualification;10430;25;2607,50;2026-11-28
OPP-26-01850;2026-09-03;2026-09;T3 2026;Flandre;Belgique;Jens M.;Brouwerij Scheldekant;Agroalimentaire;Prospection;12110;10;1211;2026-12-29
OPP-26-01851;2026-09-03;2026-09;T3 2026;Flandre;Belgique;Pieter V.;Zennevallei Data;Services;Prospection;7260;10;726;2026-12-10
OPP-26-01852;2026-09-03;2026-09;T3 2026;Flandre;Belgique;Pieter V.;Polder Energie;Énergie;Qualification;14870;25;3717,50;2026-12-30
OPP-26-01853;2026-09-03;2026-09;T3 2026;Flandre;Belgique;Sarah W.;Delta Logistiek;Logistique;Qualification;5930;25;1482,50;2026-11-10
OPP-26-01854;2026-09-03;2026-09;T3 2026;Bruxelles;Belgique;Sophie L.;Banque Sablon;Services financiers;Qualification;5000;25;1250;2026-12-06
OPP-26-01855;2026-09-03;2026-09;T3 2026;Bruxelles;Belgique;Sophie L.;Logis Ixelles;Construction;Prospection;17360;10;1736;2026-11-07
OPP-26-01856;2026-09-04;2026-09;T3 2026;Flandre;Belgique;Lotte D.;Noordzee Visserij;Agroalimentaire;Qualification;5570;25;1392,50;2026-12-27
OPP-26-01857;2026-09-04;2026-09;T3 2026;Wallonie;Belgique;Nadia B.;Coopérative Hesbaye;Agroalimentaire;Prospection;7630;10;763;2026-11-27
OPP-26-01858;2026-09-04;2026-09;T3 2026;Flandre;Belgique;Pieter V.;Noordzee Visserij;Agroalimentaire;Proposition;22300;50;11150;2026-11-24
OPP-26-01859;2026-09-04;2026-09;T3 2026;Flandre;Belgique;Sarah W.;Leie Textiel;Industrie;Prospection;11570;10;1157;2026-12-30
OPP-26-01860;2026-09-07;2026-09;T3 2026;Flandre;Belgique;Lotte D.;Mercator Zorg;Santé;Proposition;17250;50;8625;2026-11-19
OPP-26-01861;2026-09-07;2026-09;T3 2026;Île-de-France;France;Mathieu G.;Université Lutèce;Éducation;Prospection;15430;10;1543;2026-12-31
OPP-26-01862;2026-09-07;2026-09;T3 2026;Île-de-France;France;Mathieu G.;Assurances Quai Branly;Services financiers;Qualification;17360;25;4340;2026-12-02
OPP-26-01863;2026-09-07;2026-09;T3 2026;Île-de-France;France;Mathieu G.;Marne Construction;Construction;Prospection;16830;10;1683;2026-11-10
OPP-26-01864;2026-09-07;2026-09;T3 2026;Wallonie;Belgique;Nadia B.;Métallurgie Val-Saint-Lambert;Industrie;Prospection;5800;10;580;2026-12-08
OPP-26-01865;2026-09-08;2026-09;T3 2026;Wallonie;Belgique;Antoine R.;Clinique Mosane;Santé;Prospection;20770;10;2077;2026-12-28
OPP-26-01866;2026-09-08;2026-09;T3 2026;Île-de-France;France;Laura S.;Clinique Montsouris-Sud;Santé;Qualification;7040;25;1760;2026-12-17
OPP-26-01867;2026-09-08;2026-09;T3 2026;Île-de-France;France;Mathieu G.;Seine Finance;Services financiers;Qualification;20400;25;5100;2026-12-28
OPP-26-01868;2026-09-08;2026-09;T3 2026;Wallonie;Belgique;Olivier F.;Métallurgie Val-Saint-Lambert;Industrie;Prospection;5140;10;514;2026-12-30
OPP-26-01869;2026-09-08;2026-09;T3 2026;Flandre;Belgique;Pieter V.;Vlasbloem Retail;Distribution;Prospection;17730;10;1773;2026-12-30
OPP-26-01870;2026-09-08;2026-09;T3 2026;Hauts-de-France;France;Thomas L.;Clinique du Beffroi;Santé;Prospection;27570;10;2757;2026-12-30
OPP-26-01871;2026-09-08;2026-09;T3 2026;Hauts-de-France;France;Thomas L.;Ville de Lens-Nord;Secteur public;Prospection;6220;10;622;2026-12-03
OPP-26-01872;2026-09-08;2026-09;T3 2026;Île-de-France;France;Yanis A.;Hexagone Énergie;Énergie;Prospection;17450;10;1745;2026-12-30
OPP-26-01873;2026-09-09;2026-09;T3 2026;Hauts-de-France;France;Camille D.;Verlinghem Énergie;Énergie;Prospection;14980;10;1498;2026-12-16
OPP-26-01874;2026-09-09;2026-09;T3 2026;Île-de-France;France;Claire P.;Université Lutèce;Éducation;Proposition;15220;50;7610;2026-12-03
OPP-26-01875;2026-09-09;2026-09;T3 2026;Wallonie;Belgique;Julie M.;Ardenne Bois;Industrie;Prospection;16810;10;1681;2026-12-30
OPP-26-01876;2026-09-09;2026-09;T3 2026;Wallonie;Belgique;Julie M.;Fonderies de Sambre;Industrie;Qualification;21440;25;5360;2026-12-30
OPP-26-01877;2026-09-09;2026-09;T3 2026;Île-de-France;France;Mathieu G.;Bercy Conseil;Services;Qualification;21770;25;5442,50;2026-12-29
OPP-26-01878;2026-09-09;2026-09;T3 2026;Bruxelles;Belgique;Sophie L.;Clinique des Étangs;Santé;Prospection;15080;10;1508;2026-11-28
OPP-26-01879;2026-09-09;2026-09;T3 2026;Île-de-France;France;Yanis A.;Marne Construction;Construction;Prospection;12970;10;1297;2026-11-10
OPP-26-01880;2026-09-10;2026-09;T3 2026;Wallonie;Belgique;Antoine R.;Métallurgie Val-Saint-Lambert;Industrie;Qualification;19280;25;4820;2026-11-30
OPP-26-01881;2026-09-10;2026-09;T3 2026;Île-de-France;France;Claire P.;Seine Finance;Services financiers;Prospection;7230;10;723;2026-10-31
OPP-26-01882;2026-09-10;2026-09;T3 2026;Wallonie;Belgique;Julie M.;Verreries du Borinage;Industrie;Prospection;26740;10;2674;2026-12-30
OPP-26-01883;2026-09-10;2026-09;T3 2026;Wallonie;Belgique;Julie M.;Groupe Famenne;Distribution;Proposition;22560;50;11280;2026-11-26
OPP-26-01884;2026-09-10;2026-09;T3 2026;Bruxelles;Belgique;Karim B.;Banque Sablon;Services financiers;Qualification;20220;25;5055;2026-11-02
OPP-26-01885;2026-09-10;2026-09;T3 2026;Bruxelles;Belgique;Karim B.;Atelier Brabo;Services;Qualification;5000;25;1250;2026-12-30
OPP-26-01886;2026-09-10;2026-09;T3 2026;Bruxelles;Belgique;Sophie L.;Banque Sablon;Services financiers;Prospection;10820;10;1082;2026-12-16
OPP-26-01887;2026-09-11;2026-09;T3 2026;Flandre;Belgique;Jens M.;Stad Mechelen-Oost;Secteur public;Qualification;5800;25;1450;2026-12-26
OPP-26-01888;2026-09-11;2026-09;T3 2026;Wallonie;Belgique;Julie M.;Namur Énergies;Énergie;Prospection;14840;10;1484;2026-12-29
OPP-26-01889;2026-09-11;2026-09;T3 2026;Bruxelles;Belgique;Karim B.;Logis Ixelles;Construction;Prospection;15290;10;1529;2026-12-31
OPP-26-01890;2026-09-11;2026-09;T3 2026;Île-de-France;France;Laura S.;Galeries Haussmann-Est;Distribution;Prospection;6200;10;620;2026-12-28
OPP-26-01891;2026-09-11;2026-09;T3 2026;Flandre;Belgique;Lotte D.;Haven Coatings;Industrie;Qualification;10460;25;2615;2026-12-25
OPP-26-01892;2026-09-11;2026-09;T3 2026;Île-de-France;France;Yanis A.;Paris Saclay Labs;Santé;Prospection;5790;10;579;2026-12-27
OPP-26-01893;2026-09-14;2026-09;T3 2026;Bruxelles;Belgique;Élise V.;Distrimarolles;Distribution;Proposition;14920;50;7460;2026-12-28
OPP-26-01894;2026-09-14;2026-09;T3 2026;Hauts-de-France;France;Inès K.;Agrinord Picardie;Agroalimentaire;Prospection;9780;10;978;2026-12-02
OPP-26-01895;2026-09-14;2026-09;T3 2026;Wallonie;Belgique;Julie M.;Ardenne Bois;Industrie;Qualification;41880;25;10470;2026-12-24
OPP-26-01896;2026-09-14;2026-09;T3 2026;Bruxelles;Belgique;Karim B.;Pharma Josaphat;Santé;Qualification;14340;25;3585;2026-12-23
OPP-26-01897;2026-09-14;2026-09;T3 2026;Flandre;Belgique;Lotte D.;Westhoek Metaal;Industrie;Proposition;34910;50;17455;2026-11-08
OPP-26-01898;2026-09-14;2026-09;T3 2026;Flandre;Belgique;Lotte D.;Kempen Bouw;Construction;Prospection;21240;10;2124;2026-12-28
OPP-26-01899;2026-09-14;2026-09;T3 2026;Flandre;Belgique;Lotte D.;Stad Mechelen-Oost;Secteur public;Prospection;10160;10;1016;2026-11-16
OPP-26-01900;2026-09-14;2026-09;T3 2026;Île-de-France;France;Mathieu G.;Seine Finance;Services financiers;Qualification;17130;25;4282,50;2026-12-28
OPP-26-01901;2026-09-14;2026-09;T3 2026;Wallonie;Belgique;Olivier F.;Laiterie des Fagnes;Agroalimentaire;Prospection;20730;10;2073;2026-12-21
OPP-26-01902;2026-09-14;2026-09;T3 2026;Bruxelles;Belgique;Sophie L.;Banque Sablon;Services financiers;Prospection;8750;10;875;2026-12-04
OPP-26-01903;2026-09-14;2026-09;T3 2026;Bruxelles;Belgique;Sophie L.;Novacité;Services;Prospection;46370;10;4637;2026-12-29
OPP-26-01904;2026-09-14;2026-09;T3 2026;Hauts-de-France;France;Thomas L.;Ville de Lens-Nord;Secteur public;Qualification;11850;25;2962,50;2026-12-17
OPP-26-01905;2026-09-15;2026-09;T3 2026;Île-de-France;France;Claire P.;Assurances Quai Branly;Services financiers;Qualification;28880;25;7220;2026-12-15
OPP-26-01906;2026-09-15;2026-09;T3 2026;Wallonie;Belgique;Julie M.;Hainaut Logistique;Logistique;Prospection;96650;10;9665;2026-12-30
OPP-26-01907;2026-09-15;2026-09;T3 2026;Wallonie;Belgique;Olivier F.;Coopérative Hesbaye;Agroalimentaire;Qualification;15190;25;3797,50;2026-12-10
OPP-26-01908;2026-09-15;2026-09;T3 2026;Wallonie;Belgique;Olivier F.;Verreries du Borinage;Industrie;Prospection;14400;10;1440;2026-12-12
OPP-26-01909;2026-09-15;2026-09;T3 2026;Flandre;Belgique;Pieter V.;Leie Textiel;Industrie;Qualification;24530;25;6132,50;2026-12-29
OPP-26-01910;2026-09-15;2026-09;T3 2026;Flandre;Belgique;Pieter V.;Haven Coatings;Industrie;Prospection;12790;10;1279;2026-11-28
OPP-26-01911;2026-09-15;2026-09;T3 2026;Hauts-de-France;France;Thomas L.;Sucrerie de la Somme;Agroalimentaire;Prospection;15260;10;1526;2026-12-25
OPP-26-01912;2026-09-15;2026-09;T3 2026;Île-de-France;France;Yanis A.;Clinique Montsouris-Sud;Santé;Proposition;11480;50;5740;2026-12-27
OPP-26-01913;2026-09-15;2026-09;T3 2026;Île-de-France;France;Yanis A.;Île Logistique;Logistique;Qualification;8020;25;2005;2026-12-27
OPP-26-01914;2026-09-15;2026-09;T3 2026;Île-de-France;France;Yanis A.;Hexagone Énergie;Énergie;Qualification;5860;25;1465;2026-12-18
OPP-26-01915;2026-09-16;2026-09;T3 2026;Wallonie;Belgique;Antoine R.;Métallurgie Val-Saint-Lambert;Industrie;Qualification;6270;25;1567,50;2026-12-27
OPP-26-01916;2026-09-16;2026-09;T3 2026;Hauts-de-France;France;Camille D.;Distri Flandres;Distribution;Qualification;16220;25;4055;2026-12-28
OPP-26-01917;2026-09-16;2026-09;T3 2026;Hauts-de-France;France;Camille D.;Ville de Lens-Nord;Secteur public;Prospection;21030;10;2103;2026-12-15
OPP-26-01918;2026-09-16;2026-09;T3 2026;Hauts-de-France;France;Inès K.;Sucrerie de la Somme;Agroalimentaire;Proposition;30160;50;15080;2026-12-09
OPP-26-01919;2026-09-16;2026-09;T3 2026;Bruxelles;Belgique;Karim B.;Pharma Josaphat;Santé;Qualification;13590;25;3397,50;2026-12-29
OPP-26-01920;2026-09-16;2026-09;T3 2026;Wallonie;Belgique;Nadia B.;Clinique Mosane;Santé;Proposition;34840;50;17420;2026-12-28
OPP-26-01921;2026-09-16;2026-09;T3 2026;Wallonie;Belgique;Nadia B.;Namur Énergies;Énergie;Prospection;14800;10;1480;2026-12-29
OPP-26-01922;2026-09-16;2026-09;T3 2026;Flandre;Belgique;Sarah W.;Leie Textiel;Industrie;Qualification;8290;25;2072,50;2026-11-05
OPP-26-01923;2026-09-16;2026-09;T3 2026;Flandre;Belgique;Sarah W.;Delta Logistiek;Logistique;Qualification;15720;25;3930;2026-12-28
OPP-26-01924;2026-09-17;2026-09;T3 2026;Hauts-de-France;France;Camille D.;Sucrerie de la Somme;Agroalimentaire;Qualification;11160;25;2790;2026-12-27
OPP-26-01925;2026-09-17;2026-09;T3 2026;Île-de-France;France;Claire P.;Bercy Conseil;Services;Qualification;9510;25;2377,50;2026-12-27
OPP-26-01926;2026-09-17;2026-09;T3 2026;Île-de-France;France;Claire P.;Clinique Montsouris-Sud;Santé;Perdu;18910;0;0;2026-09-30
OPP-26-01927;2026-09-17;2026-09;T3 2026;Bruxelles;Belgique;Élise V.;Pharma Josaphat;Santé;Qualification;16440;25;4110;2026-11-27
OPP-26-01928;2026-09-17;2026-09;T3 2026;Flandre;Belgique;Jens M.;Kempen Bouw;Construction;Proposition;30970;50;15485;2026-12-02
OPP-26-01929;2026-09-17;2026-09;T3 2026;Flandre;Belgique;Jens M.;Kempen Bouw;Construction;Prospection;24870;10;2487;2026-12-30
OPP-26-01930;2026-09-18;2026-09;T3 2026;Bruxelles;Belgique;Élise V.;Énergie Senne;Énergie;Prospection;8020;10;802;2026-12-28
OPP-26-01931;2026-09-18;2026-09;T3 2026;Bruxelles;Belgique;Élise V.;Énergie Senne;Énergie;Prospection;28500;10;2850;2026-12-23
OPP-26-01932;2026-09-18;2026-09;T3 2026;Flandre;Belgique;Jens M.;Kempen Bouw;Construction;Qualification;6060;25;1515;2026-12-28
OPP-26-01933;2026-09-18;2026-09;T3 2026;Bruxelles;Belgique;Karim B.;Fondation Horta;Secteur public;Prospection;11390;10;1139;2026-12-19
OPP-26-01934;2026-09-18;2026-09;T3 2026;Île-de-France;France;Mathieu G.;Bercy Conseil;Services;Prospection;20810;10;2081;2026-12-30
OPP-26-01935;2026-09-18;2026-09;T3 2026;Flandre;Belgique;Pieter V.;Kempen Bouw;Construction;Proposition;13490;50;6745;2026-12-28
OPP-26-01936;2026-09-18;2026-09;T3 2026;Flandre;Belgique;Sarah W.;Zennevallei Data;Services;Prospection;9010;10;901;2026-12-27
OPP-26-01937;2026-09-21;2026-09;T3 2026;Hauts-de-France;France;Camille D.;Aciéries de l'Escaut;Industrie;Prospection;9980;10;998;2026-12-27
OPP-26-01938;2026-09-21;2026-09;T3 2026;Wallonie;Belgique;Julie M.;Groupe Famenne;Distribution;Prospection;23160;10;2316;2026-12-24
OPP-26-01939;2026-09-21;2026-09;T3 2026;Wallonie;Belgique;Julie M.;Clinique Mosane;Santé;Proposition;6190;50;3095;2026-12-27
OPP-26-01940;2026-09-21;2026-09;T3 2026;Flandre;Belgique;Lotte D.;Vlasbloem Retail;Distribution;Prospection;5000;10;500;2026-12-27
OPP-26-01941;2026-09-22;2026-09;T3 2026;Wallonie;Belgique;Antoine R.;Fonderies de Sambre;Industrie;Qualification;11100;25;2775;2026-11-30
OPP-26-01942;2026-09-22;2026-09;T3 2026;Hauts-de-France;France;Camille D.;Filature de Roubaix-Est;Industrie;Proposition;13710;50;6855;2026-11-29
OPP-26-01943;2026-09-22;2026-09;T3 2026;Bruxelles;Belgique;Élise V.;Pharma Josaphat;Santé;Prospection;11370;10;1137;2026-12-08
OPP-26-01944;2026-09-22;2026-09;T3 2026;Bruxelles;Belgique;Élise V.;Logis Ixelles;Construction;Prospection;10910;10;1091;2026-12-27
OPP-26-01945;2026-09-22;2026-09;T3 2026;Flandre;Belgique;Lotte D.;Vlasbloem Retail;Distribution;Prospection;9710;10;971;2026-12-21
OPP-26-01946;2026-09-22;2026-09;T3 2026;Bruxelles;Belgique;Sophie L.;Banque Sablon;Services financiers;Proposition;8460;50;4230;2026-12-30
OPP-26-01947;2026-09-23;2026-09;T3 2026;Wallonie;Belgique;Antoine R.;Laiterie des Fagnes;Agroalimentaire;Qualification;5000;25;1250;2026-12-30
OPP-26-01948;2026-09-23;2026-09;T3 2026;Île-de-France;France;Laura S.;Galeries Haussmann-Est;Distribution;Qualification;5560;25;1390;2026-11-09
OPP-26-01949;2026-09-23;2026-09;T3 2026;Île-de-France;France;Mathieu G.;Défense Data;Services;Proposition;12240;50;6120;2026-12-23
OPP-26-01950;2026-09-23;2026-09;T3 2026;Flandre;Belgique;Pieter V.;Leie Textiel;Industrie;Qualification;13110;25;3277,50;2026-12-27
OPP-26-01951;2026-09-24;2026-09;T3 2026;Hauts-de-France;France;Inès K.;Métropole Services;Services;Prospection;11390;10;1139;2026-12-31
OPP-26-01952;2026-09-24;2026-09;T3 2026;Wallonie;Belgique;Julie M.;Namur Énergies;Énergie;Perdu;29780;0;0;2026-09-29
OPP-26-01953;2026-09-24;2026-09;T3 2026;Wallonie;Belgique;Julie M.;Verreries du Borinage;Industrie;Proposition;44110;50;22055;2026-12-28
OPP-26-01954;2026-09-24;2026-09;T3 2026;Bruxelles;Belgique;Karim B.;Atelier Brabo;Services;Prospection;12040;10;1204;2026-12-13
OPP-26-01955;2026-09-24;2026-09;T3 2026;Île-de-France;France;Laura S.;Bercy Conseil;Services;Qualification;6200;25;1550;2026-12-31
OPP-26-01956;2026-09-24;2026-09;T3 2026;Wallonie;Belgique;Nadia B.;Namur Énergies;Énergie;Proposition;11950;50;5975;2026-12-31
OPP-26-01957;2026-09-24;2026-09;T3 2026;Hauts-de-France;France;Thomas L.;Aciéries de l'Escaut;Industrie;Qualification;7880;25;1970;2026-12-20
OPP-26-01958;2026-09-25;2026-09;T3 2026;Wallonie;Belgique;Antoine R.;Fonderies de Sambre;Industrie;Proposition;8670;50;4335;2026-12-30
OPP-26-01959;2026-09-25;2026-09;T3 2026;Wallonie;Belgique;Julie M.;Verreries du Borinage;Industrie;Prospection;10200;10;1020;2026-11-22
OPP-26-01960;2026-09-25;2026-09;T3 2026;Hauts-de-France;France;Thomas L.;Aciéries de l'Escaut;Industrie;Proposition;14630;50;7315;2026-12-04
OPP-26-01961;2026-09-28;2026-09;T3 2026;Île-de-France;France;Claire P.;Paris Saclay Labs;Santé;Qualification;17310;25;4327,50;2026-12-27
OPP-26-01962;2026-09-28;2026-09;T3 2026;Wallonie;Belgique;Julie M.;Laiterie des Fagnes;Agroalimentaire;Qualification;10950;25;2737,50;2026-11-30
OPP-26-01963;2026-09-28;2026-09;T3 2026;Wallonie;Belgique;Julie M.;Coopérative Hesbaye;Agroalimentaire;Prospection;68640;10;6864;2026-12-10
OPP-26-01964;2026-09-29;2026-09;T3 2026;Wallonie;Belgique;Antoine R.;Fonderies de Sambre;Industrie;Perdu;24700;0;0;2026-10-04
OPP-26-01965;2026-09-29;2026-09;T3 2026;Wallonie;Belgique;Julie M.;Métallurgie Val-Saint-Lambert;Industrie;Qualification;14500;25;3625;2026-12-28
OPP-26-01966;2026-09-29;2026-09;T3 2026;Île-de-France;France;Laura S.;Assurances Quai Branly;Services financiers;Qualification;8440;25;2110;2026-12-27
OPP-26-01967;2026-09-29;2026-09;T3 2026;Wallonie;Belgique;Olivier F.;Groupe Famenne;Distribution;Qualification;10160;25;2540;2026-12-17
OPP-26-01968;2026-09-29;2026-09;T3 2026;Flandre;Belgique;Sarah W.;Kempen Bouw;Construction;Qualification;14150;25;3537,50;2026-12-22
OPP-26-01969;2026-09-29;2026-09;T3 2026;Flandre;Belgique;Sarah W.;Mercator Zorg;Santé;Prospection;17260;10;1726;2026-12-30
OPP-26-01970;2026-09-30;2026-09;T3 2026;Hauts-de-France;France;Inès K.;Sucrerie de la Somme;Agroalimentaire;Proposition;8610;50;4305;2026-12-20
OPP-26-01971;2026-09-30;2026-09;T3 2026;Wallonie;Belgique;Nadia B.;Coopérative Hesbaye;Agroalimentaire;Qualification;7950;25;1987,50;2026-12-31
OPP-26-01972;2026-09-30;2026-09;T3 2026;Wallonie;Belgique;Nadia B.;Verreries du Borinage;Industrie;Qualification;12350;25;3087,50;2026-12-31
OPP-26-01973;2026-09-30;2026-09;T3 2026;Bruxelles;Belgique;Sophie L.;Fondation Horta;Secteur public;Qualification;6100;25;1525;2026-12-30
OPP-26-01974;2026-09-30;2026-09;T3 2026;Bruxelles;Belgique;Sophie L.;Transports Cantersteen;Logistique;Prospection;6480;10;648;2026-11-26
OPP-26-01975;2026-09-30;2026-09;T3 2026;Île-de-France;France;Yanis A.;Défense Data;Services;Qualification;31220;25;7805;2026-12-27
